id,almacen,referencia,cod_barra,producto,categoria,precio_venta,cantidad,proveedor
1,Local 1,7702354956332,7702354956332,acondicionador nutribela  reparacion intensiva x 15 ml,abarrotes,1300,6,DISTRICUELLAR DISTRIBUCIONES CUELLAR
2,Local 1,7702174827485,7702174827485,Gomas trolli Crocydrilos 40g,dulceria,1600,2,TECNOVENTAS DISTRIBUCIONES
3,Local 1,7702097032782,7702097032782,la constancia mayonesa x 380 g,abarrotes,10000,12,COLOMBINA DISTRIBUCIONES
4,Local 1,7702097137753,7702097137753,la constancia salsa rosada x 190 g,abarrotes,7300,8,COLOMBINA DISTRIBUCIONES
5,Local 1,7702090064186,7702090064186,manzana postobon x  2.5 litros,bebidas,6000,93,InterPOS
6,Local 1,7702020020510,7702020020510,Mezcla pancakes 100gr,abarrotes,2500,47,DISTRIMARIO SAS
7,Local 1,7702026147594,7702026147594,pequeñin almendra x 24 pañitos,aseo,3500,10,DISTRIMARIO SAS
8,Local 1,7702031503361,7702031503361,Protectores Carefree perfumados x150,aseo,17500,21,ALVARO MUÑOZ
9,Local 1,7709947592205,7709947592205,tisanas angel manzanilla x 15 g,abarrotes,2000,63,COMESTIBLES LABOYANA
10,Local 1,7702191522004,7702191522004,"3d 1,8L bomba de limpieza",CATEGORIA ESTANDAR,18500,20,DISTRICUELLAR DISTRIBUCIONES CUELLAR
11,Local 1,7702191522608,7702191522608,3D 1kg bicarbonato y aloe,CATEGORIA ESTANDAR,9600,10,CAROLINA DE GARZON SOCIEDAD DEPOSITO CAROLINA
12,Local 1,7702191521960,7702191521960,3d 1L bomba de limpieza,CATEGORIA ESTANDAR,12000,17,DISTRICUELLAR DISTRIBUCIONES CUELLAR
13,Local 1,7702191163528,7702191163528,3D 2L,CATEGORIA ESTANDAR,19900,21,CAROLINA DE GARZON SOCIEDAD DEPOSITO CAROLINA
14,Local 1,7702191521854,7702191521854,3D 3kg,CATEGORIA ESTANDAR,25000,18,CAROLINA DE GARZON SOCIEDAD DEPOSITO CAROLINA
15,Local 1,7702191522639,7702191522639,3D 3kg explosion citrica,CATEGORIA ESTANDAR,24500,21,DISTRICUELLAR DISTRIBUCIONES CUELLAR
16,Local 1,7702191522592,7702191522592,3D 500gr,CATEGORIA ESTANDAR,4500,993,CAROLINA DE GARZON SOCIEDAD DEPOSITO CAROLINA
17,Local 1,7702191522561,7702191522561,3D Bicarbonato 125g,aseo,1500,96,UNIMASIVOS .
18,Local 1,7702191522578,7702191522578,3D bicarbonato 250gr,CATEGORIA ESTANDAR,2900,19,DISTRICUELLAR DISTRIBUCIONES CUELLAR
19,Local 1,7702191521816,7702191521816,3d jabon en polvo aroma explosion de manzana,aseo,4500,28,ALVARO MUÑOZ
20,Local 1,7702191524022,7702191524022,3D Lavanda 2kg,aseo,17200,98,CAROLINA DE GARZON SOCIEDAD DEPOSITO CAROLINA
21,Local 1,7702191452066,7702191452066,3d multiuso polvo bicarbonato + aloe vera 1 kg,aseo,8500,10,ALVARO MUÑOZ
22,Local 1,7702191521830,7702191521830,3d multiusos jabon aroma explosion de manzanas,aseo,8400,9,ALVARO MUÑOZ
23,Local 1,7702191521823,7702191521823,3D multiusos manzana x 1 kg,aseo,8500,7,UNIMASIVOS .
24,Local 1,7702191452059,7702191452059,3d polvo bicarbonato aloe vera,aseo,4500,6,DISTRICUELLAR DISTRIBUCIONES CUELLAR
25,Local 1,7702622423139,7702622423139,7Cereale original,abarrotes,4000,98,CAROLINA DE GARZON SOCIEDAD DEPOSITO CAROLINA
26,Local 1,7702622423146,7702622423146,7Cereales Fresa,CATEGORIA ESTANDAR,4000,998,CAROLINA DE GARZON SOCIEDAD DEPOSITO CAROLINA
27,Local 1,7702622423153,7702622423153,7Cereales Vainilla,CATEGORIA ESTANDAR,4000,103,CAROLINA DE GARZON SOCIEDAD DEPOSITO CAROLINA
28,Local 1,7702192387503,7702192387503,7up 1L,bebidas,3500,9,InterPOS
29,Local 1,7702192052982,7702192052982,7up postobon x 3.125 l,bebidas,8000,22,InterPOS
30,Local 1,7896312,7896321,@ Azucar,abarrotes,44000,105,CAROLINA DE GARZON SOCIEDAD DEPOSITO CAROLINA
31,Local 1,7702175108460,7702175108460,ablandacarnes el rey x 70 g,abarrotes,1500,13,DISTRIALDANA .
32,Local 1,304,304,aceite 3 en uno,aseo,3600,10,DISTRIVENTAS DEL HUILA
33,Local 1,7709578345256,7709578345256,Aceite 3b 500cc,CATEGORIA ESTANDAR,2500,5,CAROLINA DE GARZON SOCIEDAD DEPOSITO CAROLINA
34,Local 1,7709578345133,7709578345133,Aceite 3b 900,abarrotes,7600,12,CAROLINA DE GARZON SOCIEDAD DEPOSITO CAROLINA
35,Local 1,7707223669672,7707223669672,aceite capilar de argan x 10 g,aseo,1800,94,DISTRIHOGAR B.B
36,Local 1,7707223664394,7707223664394,aceite capilar de cebolla y romero,aseo,1800,14,DISTRIVENTAS DEL HUILA
37,Local 1,7709154396535,7709154396535,aceite capilar de coco x 10 g,aseo,1800,16,DISTRIHOGAR B.B
38,Local 1,7709990198461,7709990198461,aceite de almedras 12ml,autoservicio servitodo thaliana,1600,11,DISTRIVENTAS DEL HUILA
39,Local 1,7815552369139,7815552369139,Aceite de coco jeferson,aseo,4200,100,CAROLINA DE GARZON SOCIEDAD DEPOSITO CAROLINA
40,Local 1,7702191349946,7702191349946,aceite de jojoba argan y sabila x510 ml,aseo,18500,12,UNIMASIVOS .
41,Local 1,7135280364221,7135280364221,Aceite de naranja jeferson,aseo,4200,100,CAROLINA DE GARZON SOCIEDAD DEPOSITO CAROLINA
42,Local 1,7702011261007,7702011261007,Aceite de oliva 250ml,abarrotes,26800,8,COLOMBINA DISTRIBUCIONES
43,Local 1,7707145300073,7707145300073,aceite de ricino 30 cc,medicamentos,2600,8,TECNOVENTAS DISTRIBUCIONES
44,Local 1,7709733403630,7709733403630,Aceite del valle 1000,CATEGORIA ESTANDAR,7300,12,CAROLINA DE GARZON SOCIEDAD DEPOSITO CAROLINA
45,Local 1,7709062601646,7709062601646,aceite super soya x 730 ml,abarrotes,8200,12,DISTRICUELLAR DISTRIBUCIONES CUELLAR
46,Local 1,7709578345157,7709578345157,Aceite tresb 3000,CATEGORIA ESTANDAR,23000,98,CAROLINA DE GARZON SOCIEDAD DEPOSITO CAROLINA
47,Local 1,7709578345201,7709578345201,aceite tresb 500,abarrotes,4400,2001,CAROLINA DE GARZON SOCIEDAD DEPOSITO CAROLINA
48,Local 1,7707337870100,7707337870100,aceite uno A x 1000,abarrotes,8000,852,DISTRICUELLAR DISTRIBUCIONES CUELLAR
49,Local 1,7709954508343,7709954508343,aceite uno A x 2000,abarrotes,15600,892,DISTRICUELLAR DISTRIBUCIONES CUELLAR
50,Local 1,7709460559129,7709460559129,aceite uno A x 250,abarrotes,2500,73,DISTRICUELLAR DISTRIBUCIONES CUELLAR
51,Local 1,7708921437563,7708921437563,aceite uno A x 3000,abarrotes,21000,54,DISTRICUELLAR DISTRIBUCIONES CUELLAR
52,Local 1,7709460559181,7709460559181,aceite uno A x 500,abarrotes,4500,943,DISTRICUELLAR DISTRIBUCIONES CUELLAR
53,Local 1,7709452990725,7709452990725,aceite uno A x 5000,abarrotes,32800,6,DISTRICUELLAR DISTRIBUCIONES CUELLAR
54,Local 1,7709578345126,7709578345126,aceite vegetal de soya 3B 5000 ML,abarrotes,32700,1,CAROLINA DE GARZON SOCIEDAD DEPOSITO CAROLINA
55,Local 1,7709578345225,7709578345225,Aceite Vegetal de soya las 3B x 1000,CATEGORIA ESTANDAR,8500,38,COLOMBINA DISTRIBUCIONES
56,Local 1,7709578345287,7709578345287,ACEITE VEGETAL DE SOYA X 2000,abarrotes,15800,74,COMESTIBLES LABOYANA
57,Local 1,7703038060987,7703038060987,Acetaminofen 60ml,medicamentos,4000,101,CAROLINA DE GARZON SOCIEDAD DEPOSITO CAROLINA
58,Local 1,7703038065630,7703038065630,Acetaminofen 90ml,medicamentos,5000,101,CAROLINA DE GARZON SOCIEDAD DEPOSITO CAROLINA
59,Local 1,7706569001436,7706569001436,acetaminofen jarave x 90 ml,medicamentos,4800,11,DISTRIHOGAR B.B
60,Local 1,7703038040293,7703038040293,acetaminofen x 500 mg,medicamentos,2000,92,DISTRIHOGAR B.B
61,Local 1,122,122,achira r-p x libra,abarrotes,9000,984,CAROLINA DE GARZON SOCIEDAD DEPOSITO CAROLINA
62,Local 1,7709906089623,7709906089623,Achiras 110g,CATEGORIA ESTANDAR,9200,20,CAROLINA DE GARZON SOCIEDAD DEPOSITO CAROLINA
63,Local 1,7708146541229,7708146541229,Achiras 300gr,CATEGORIA ESTANDAR,22800,17,CAROLINA DE GARZON SOCIEDAD DEPOSITO CAROLINA
64,Local 1,7708146541281,7708146541281,Achiras Achiras 110gr,CATEGORIA ESTANDAR,9200,100,CAROLINA DE GARZON SOCIEDAD DEPOSITO CAROLINA
65,Local 1,7708146541397,7708146541397,achiras bizcocho acacias x 170 gr,abarrotes,13800,92,MULTIPAN GARZON
66,Local 1,7708146541649,7708146541649,Achiras x400gr acacias,autoservicio servitodo thaliana,29000,99,CAROLINA DE GARZON SOCIEDAD DEPOSITO CAROLINA
67,Local 1,7702011167620,7702011167620,Aciditos Dulce Duro 10Und,dulceria,8200,98,COLOMBINA DISTRIBUCIONES
68,Local 1,722,7212,Aciditos x und,dulceria,100,1000,CAROLINA DE GARZON SOCIEDAD DEPOSITO CAROLINA
69,Local 1,7707145300585,7707145300585,acido borico x 10 g,medicamentos,500,43,DISTRIMARIO SAS
70,Local 1,7702354960155,7702354960155,Aconcionador argan nutribela,aseo,1300,92,CAROLINA DE GARZON SOCIEDAD DEPOSITO CAROLINA
71,Local 1,7702354961121,7702354961121,Acondicinador Alma de Romero,aseo,1300,49,DISTRIMARIO SAS
72,Local 1,7500435153683,7500435153683,acondicionador  pantene 3 minute x 18 ml,aseo,1000,1,DISTRIMARIO SAS
73,Local 1,7702354961145,7702354961145,Acondicionador Alma de  Romero aguacate,aseo,1300,43,DISTRIMARIO SAS
74,Local 1,7702029041578,7702029041578,acondicionador konzil seda liquida x 20 ml,aseo,1200,9,DISTRIMARIO SAS
75,Local 1,7702354958145,7702354958145,acondicionador nutribela biokeratina x 15 ml,abarrotes,1000,10,DISTRICUELLAR DISTRIBUCIONES CUELLAR
76,Local 1,7702354956349,7702354956349,acondicionador nutribela enzimoterapia x 15 ml,aseo,1000,13,DISTRIMARIO SAS
77,Local 1,7702354956356,7702354956356,acondicionador nutrivela celulas madres x 15 ml,aseo,1000,7,DISTRIMARIO SAS
78,Local 1,7702354956363,7702354956363,acondicionador nutrivela pro hialuronico x 15 ml,aseo,1000,9,DISTRIMARIO SAS
79,Local 1,7702006406024,7702006406024,acondicionador savital-complejo hialuronico x 100 ml,aseo,3500,14,SURTILIMA .
80,Local 1,7702006404594,7702006404594,acondicionador savital-fucion proteinas x 100 ml,aseo,3500,104,SURTILIMA .
81,Local 1,7702006207690,7702006207690,acondicionador sedal ceremidas  x 24 ml,aseo,1200,8,DISTRIMARIO SAS
82,Local 1,7702006207706,7702006207706,acondicionador sedal keratina x 24 ml,aseo,1200,8,DISTRIMARIO SAS
83,Local 1,7702090069037,7702090069037,Acqua Frutos rojos,CATEGORIA ESTANDAR,2000,12,CAROLINA DE GARZON SOCIEDAD DEPOSITO CAROLINA
84,Local 1,7702090069044,7702090069044,Acqua frutos verdes,CATEGORIA ESTANDAR,2000,12,CAROLINA DE GARZON SOCIEDAD DEPOSITO CAROLINA
85,Local 1,7702132008581,7702132008581,Advil Ultra,medicamentos,2600,16,DISTRIMARIO SAS
86,Local 1,7702535013830,7702535013830,Agua brisa 1L,bebidas,2500,501,COCACOLA DISTRIBUCIONES
87,Local 1,7702535010327,7702535010327,Agua brisa 600ML,bebidas,2000,24,COCACOLA DISTRIBUCIONES
88,Local 1,7707055000322,7707055000322,agua carbonatada condor 335 ml,bebidas,2000,5,BAVARIA DISTRIBUCIONES
89,Local 1,7707244561283,7707244561283,agua cielo 1 litro,bebidas,2500,10,BAVARIA DISTRIBUCIONES
90,Local 1,7702090023008,7702090023008,Agua con gas 600ml,bebidas,2000,502,CAROLINA DE GARZON SOCIEDAD DEPOSITO CAROLINA
91,Local 1,7702090037784,7702090037784,agua con gas cristal x 250 ml,bebidas,1000,6,BAVARIA DISTRIBUCIONES
92,Local 1,7702090006407,7702090006407,AGUA CRISTAL 6 LITRO,bebidas,4700,29,POSTOBON .
93,Local 1,7702090003604,7702090003604,Agua cristal de 1L nueva presentacion,bebidas,2500,78,COCACOLA DISTRIBUCIONES
94,Local 1,7702090006544,7702090006544,agua cristal garrafa  x 5 litros,bebidas,8000,86,BAVARIA DISTRIBUCIONES
95,Local 1,7702090042054,7702090042054,agua cristal x 1 L,bebidas,2500,397,COCACOLA DISTRIBUCIONES
96,Local 1,7702090073065,7702090073065,AGUA CRISTAL X 300 ML,bebidas,1000,866,InterPOS
97,Local 1,7702090024906,7702090024906,AGUA CRISTAL X 360 ML,bebidas,500,14,InterPOS
98,Local 1,7702090022711,7702090022711,agua cristal x 600ml,bebidas,2000,201,COCACOLA DISTRIBUCIONES
99,Local 1,7705137110013,7705137110013,Agua oxigenada osa,abarrotes,3500,103,CAROLINA DE GARZON SOCIEDAD DEPOSITO CAROLINA
100,Local 1,7708984708709,7708984708709,agua pool 600 ml,bebidas,2000,24,BAVARIA DISTRIBUCIONES
101,Local 1,7702049150175,7702049150175,aguardiente doble anis 375 ml tapa verde,bebidas,30000,10,ALVARO MUÑOZ
102,Local 1,7702049150045,7702049150045,aguardiente doble anis tapa azul 375 ml,bebidas,35000,8,ALVARO MUÑOZ
103,Local 1,7702432433502,7702432433502,Aji pajarito 105g,CATEGORIA ESTANDAR,7000,11,GLOFER DISTRIBUCIONES
104,Local 1,7702097031327,7702097031327,aji picante la constancia x 100 g,abarrotes,4000,88,COLOMBINA DISTRIBUCIONES
105,Local 1,7702175111231,7702175111231,Ajo 55g,abarrotes,1300,102,DISTRIALDANA .
106,Local 1,7702175158526,7702175158526,ajo el rey x 13 g,abarrotes,600,5,DISTRIALDANA .
107,Local 1,7709880458972,7709880458972,ajo en polvo,autoservicio servitodo thaliana,1200,20,DISTRIALDANA .
108,Local 1,7702310047142,7702310047142,ak-1 detergente floral x 180 g,aseo,2500,78,UNIMASIVOS .
109,Local 1,7702310044257,7702310044257,Ak-1 detergente floral x 450 g,aseo,6000,93,CAROLINA DE GARZON SOCIEDAD DEPOSITO CAROLINA
110,Local 1,7702310047418,7702310047418,ak-1 detergente oxigeno activo x 180 g,aseo,2500,98,UNIMASIVOS .
111,Local 1,7702310047326,7702310047326,ak-1 MANZANA 800gr,aseo,11000,96,CAROLINA DE GARZON SOCIEDAD DEPOSITO CAROLINA
112,Local 1,7702310044981,7702310044981,AK1 1.45k floral,aseo,17000,98,CAROLINA DE GARZON SOCIEDAD DEPOSITO CAROLINA
113,Local 1,7702310047166,7702310047166,AK1 1.45k manzana,aseo,17000,99,CAROLINA DE GARZON SOCIEDAD DEPOSITO CAROLINA
114,Local 1,7702310047395,7702310047395,AK1 1.45k oxigeno,aseo,17000,97,CAROLINA DE GARZON SOCIEDAD DEPOSITO CAROLINA
115,Local 1,7702310048088,7702310048088,Ak1 1800 ml floral,aseo,18500,19,CAROLINA DE GARZON SOCIEDAD DEPOSITO CAROLINA
116,Local 1,7702310048118,7702310048118,Ak1 1800ml manzana,aseo,20000,18,CAROLINA DE GARZON SOCIEDAD DEPOSITO CAROLINA
117,Local 1,7702310047333,7702310047333,Ak1 800gr,aseo,11000,97,CAROLINA DE GARZON SOCIEDAD DEPOSITO CAROLINA
118,Local 1,7702310048064,7702310048064,Ak1 900ml floral,aseo,12000,16,CAROLINA DE GARZON SOCIEDAD DEPOSITO CAROLINA
119,Local 1,7702310048101,7702310048101,Ak1 900ml manzana,aseo,12000,18,CAROLINA DE GARZON SOCIEDAD DEPOSITO CAROLINA
120,Local 1,7702310048040,7702310048040,Ak1 floral 300ml,aseo,4300,0,CAROLINA DE GARZON SOCIEDAD DEPOSITO CAROLINA
121,Local 1,7705137100151,7705137100151,alcohol antiseptico osa x 120 ml,medicamentos,3000,96,DISTRIHOGAR B.B
122,Local 1,7705137882309,7705137882309,alcohol antiseptico remy x 345 ml,aseo,4400,93,DISTRIVENTAS DEL HUILA
123,Local 1,7702560026577,7702560026577,Alcohol JGB 120ml,autoservicio servitodo thaliana,3600,8,DISTRIMARIO SAS
124,Local 1,7702560009532,7702560009532,alcohol jgb 350 ml,aseo,5800,97,DISTRIMARIO SAS
125,Local 1,7702560009525,7702560009525,Alcohol jgb 700ml,CATEGORIA ESTANDAR,9500,96,CAROLINA DE GARZON SOCIEDAD DEPOSITO CAROLINA
126,Local 1,7702057075057,7702057075057,Alcohol MK 120ml,medicamentos,3500,98,DISTRIMARIO SAS
127,Local 1,7702057075088,7702057075088,Alcohol mk 350ml,medicamentos,6400,100,DISTRIMARIO SAS
128,Local 1,7702057075101,7702057075101,Alcohol MK 700ml,medicamentos,10000,98,DISTRIMARIO SAS
129,Local 1,7705137100106,7705137100106,Alcohol osa 345ml,aseo,5000,14,CAROLINA DE GARZON SOCIEDAD DEPOSITO CAROLINA
130,Local 1,7705137100113,7705137100113,Alcohol osa 700ml,CATEGORIA ESTANDAR,8000,95,CAROLINA DE GARZON SOCIEDAD DEPOSITO CAROLINA
131,Local 1,7702576000080,7702576000080,alcohol osa x 345 ml,aseo,4200,100,DISTRIVENTAS DEL HUILA
132,Local 1,7702057077112,7702057077112,Algodon 25g,abarrotes,3000,98,DISTRIMARIO SAS
133,Local 1,7702560000362,7702560000362,Algodon JGB 25g,abarrotes,2500,20,MD DISTRIBUCIONES
134,Local 1,7702560000379,7702560000379,Algodon JGB 50g,aseo,3200,8,DISTRIMARIO SAS
135,Local 1,7702057077051,7702057077051,Algodon MK 50g,medicamentos,4200,97,DISTRIMARIO SAS
136,Local 1,7702208100256,7702208100256,ALGODON PURO 25G,CATEGORIA ESTANDAR,2400,11,DISTRIVENTAS DEL HUILA
137,Local 1,7702208101000,7702208101000,algodon puro higietex x 100 g,aseo,5400,100,DISTRIHOGAR B.B
138,Local 1,7702057070311,7702057070311,alivrub mk12 gr,medicamentos,5000,4,ALVARO MUÑOZ
139,Local 1,252,252,alka seltzer,abarrotes,1200,30,ALVARO MUÑOZ
140,Local 1,84,84,almendras la negra,abarrotes,1000,1,CAROLINA DE GARZON SOCIEDAD DEPOSITO CAROLINA
141,Local 1,25,25,almidon de yuca,abarrotes,4800,1,DISTRICUELLAR DISTRIBUCIONES CUELLAR
142,Local 1,7702402058827,7702402058827,aloha cereza mandarina x 65 g,CATEGORIA ESTANDAR,2400,6,DISTRIMARCA HELADOS
143,Local 1,7702402056151,7702402056151,Aloha ice Fresa,dulceria,1300,87,CAROLINA DE GARZON SOCIEDAD DEPOSITO CAROLINA
144,Local 1,7702402056144,7702402056144,Aloha ice Limon,dulceria,1300,63,CAROLINA DE GARZON SOCIEDAD DEPOSITO CAROLINA
145,Local 1,7702001118151,7702001118151,alpin chocolate x 180 ml,bebidas,3000,35,ALPINA .
146,Local 1,12589,12589,Alpin chocolate x10,lacteos,25800,100,CAROLINA DE GARZON SOCIEDAD DEPOSITO CAROLINA
147,Local 1,7702001118168,7702001118168,alpin fresa x 180 ml,lacteos,3000,83,ALPINA .
148,Local 1,7702001044306,7702001044306,alpin sabor a chocolate x 200 ml,lacteos,4000,32,ALPINA .
149,Local 1,7702001044450,7702001044450,alpin sabor a fresa x 200 ml,lacteos,4000,13,ALPINA .
150,Local 1,7702001044467,7702001044467,alpin sabor a vainilla x 200 ml,lacteos,3900,4,ALPINA .
151,Local 1,7702001062263,7702001062263,alpinette mora 140 gr,lacteos,4600,18,ALPINA .
152,Local 1,7702001062218,7702001062218,alpinette sabor a cereza x 140 g,lacteos,4600,98,ALPINA .
153,Local 1,7702001062195,7702001062195,alpinette sabor a fresa x 140 g,lacteos,4600,98,ALPINA .
154,Local 1,7702001100125,7702001100125,alpinito doble sabor mix frutos rojos,dulceria,3000,0,ALPINA .
155,Local 1,7702001100163,7702001100163,alpinito max x 90 gr,dulceria,3000,2,ALPINA .
156,Local 1,7702001100156,7702001100156,alpinito max x 90 gr fresa,dulceria,3000,4,ALPINA .
157,Local 1,7702001100064,7702001100064,alpinito sabor a fresa x 45 g,lacteos,2000,966,ALPINA .
158,Local 1,7702001100071,7702001100071,alpinito sabor a melocoton x 45 g,lacteos,2000,68,ALPINA .
159,Local 1,7702001100088,7702001100088,alpinito sabor a mora x 45 g,lacteos,2000,38,ALPINA .
160,Local 1,7707337871077,7707337871077,alpiste grano grande 454 gr,abarrotes,2800,5,CAROLINA DE GARZON SOCIEDAD DEPOSITO CAROLINA
161,Local 1,7702910351083,7702910351083,alpiste la soberana x 460 g,abarrotes,2800,101,CAROLINA DE GARZON SOCIEDAD DEPOSITO CAROLINA
162,Local 1,7702521559175,7702521559175,alpo adultos todos los tamañosx 400 gr,carnicos,3800,0,ALVARO MUÑOZ
163,Local 1,7707331407760,7707331407760,AlqueMIX FLIPS 170g,lacteos,4300,100,BIMBO DISTRIVENTAS DEL SUR
164,Local 1,7707331407791,7707331407791,AlqueMIX Hojuelas Crunchy 170g,lacteos,4300,100,ALPINA .
165,Local 1,7707331407807,7707331407807,AlqueMIX Milo 170g,lacteos,4300,100,BIMBO DISTRIVENTAS DEL SUR
166,Local 1,7702177643907,7702177643907,Alqueria 400ml,abarrotes,2200,3,BIMBO DISTRIVENTAS DEL SUR
167,Local 1,7702177614198,7702177614198,Alqueria 900ml,CATEGORIA ESTANDAR,4800,12,CAROLINA DE GARZON SOCIEDAD DEPOSITO CAROLINA
168,Local 1,7707331400143,7707331400143,Alqueria Cereal FORTIKIDS 120g,lacteos,2500,98,BIMBO DISTRIVENTAS DEL SUR
169,Local 1,7707331400150,7707331400150,Alqueria Cereal FORTIKIDS 120g,lacteos,2500,100,BIMBO DISTRIVENTAS DEL SUR
170,Local 1,7707529520523,7707529520523,Alqueria cremoso fresa,lacteos,2000,98,DISTRIVENTAS DEL HUILA
171,Local 1,7707529520530,7707529520530,Alqueria cremoso melocoton,lacteos,2000,99,DISTRIVENTAS DEL HUILA
172,Local 1,7707529520653,7707529520653,Alqueria cremoso mora,lacteos,2000,98,DISTRIVENTAS DEL HUILA
173,Local 1,7702177023426,7702177023426,ALQUERIA DESLACTOSADA X 400ML,CATEGORIA ESTANDAR,2200,20,DISTRIVENTAS DEL HUILA
174,Local 1,7702177023648,7702177023648,alqueria suero costeño original x 400 g,abarrotes,9500,100,BIMBO DISTRIVENTAS DEL SUR
175,Local 1,734191236169,734191236169,Aluminio 16mt,aseo,6000,97,JHONATAN BOLSAS
176,Local 1,7709477054037,7709477054037,Aluminio 7 m,papeleria,3200,94,CAROLINA DE GARZON SOCIEDAD DEPOSITO CAROLINA
177,Local 1,14115,01560,Aluminio el sol 7m,CATEGORIA ESTANDAR,3000,99,CAROLINA DE GARZON SOCIEDAD DEPOSITO CAROLINA
178,Local 1,7702175108552,7702175108552,amarillorey el rey x 60 g,abarrotes,1200,13,DISTRIALDANA .
179,Local 1,7702354954994,7702354954994,amper energy 473 ml azul,bebidas,3300,80,ALVARO MUÑOZ
180,Local 1,7702354953546,7702354953546,amper energy negra 473 ml,bebidas,3300,97,ALVARO MUÑOZ
181,Local 1,7702354959401,7702354959401,Amper mango,bebidas,3300,68,CAROLINA DE GARZON SOCIEDAD DEPOSITO CAROLINA
182,Local 1,7702354957537,7702354957537,amper predator x 473 ml,bebidas,3300,76,InterPOS
183,Local 1,7703153039752,7703153039752,ampicilina x 500 g,medicamentos,600,40,DISTRIMARIO SAS
184,Local 1,7708304268265,7708304268265,andecol jumbo escoba,CATEGORIA ESTANDAR,9000,3,CAROLINA DE GARZON SOCIEDAD DEPOSITO CAROLINA
185,Local 1,7707430873206,7707430873206,andina dorada 350 ml,bebidas,2500,48,BAVARIA DISTRIBUCIONES
186,Local 1,7707430875095,7707430875095,Andina light,bebidas,2000,83,CAROLINA DE GARZON SOCIEDAD DEPOSITO CAROLINA
187,Local 1,7707430871271,7707430871271,andina refajo 350 ml,bebidas,3000,4,InterPOS
188,Local 1,12465123,545454,Anis la negra,autoservicio servitodo thaliana,1000,987,CAROLINA DE GARZON SOCIEDAD DEPOSITO CAROLINA
189,Local 1,7707014904326,7707014904326,anis relleno americandy 100,CATEGORIA ESTANDAR,7300,1,ALVARO MUÑOZ
190,Local 1,7702011016812,7702011016812,anisadas dulce duro relleno x 100 unidades,dulceria,8200,95,COLOMBINA DISTRIBUCIONES
191,Local 1,7702191360385,7702191360385,aomatel suavitel mandarina y flor de loto de 420 ml,aseo,3000,47,DISTRIMARIO SAS
192,Local 1,7702123006916,7702123006916,apronax gel x 275 ml,aseo,2500,8,DISTRIVENTAS DEL HUILA
193,Local 1,132,132,apronax liquido gel x 275 ml,medicamentos,2500,10,DISTRIHOGAR B.B
194,Local 1,01234,01234,Aqua bolsa x 20 unid,CATEGORIA ESTANDAR,6000,96,CAROLINA DE GARZON SOCIEDAD DEPOSITO CAROLINA
195,Local 1,7709711708733,7709711708733,Aqua Chupo,autoservicio servitodo thaliana,2500,129,CAROLINA DE GARZON SOCIEDAD DEPOSITO CAROLINA
196,Local 1,7709711708764,7709711708764,aqua fresh 350 ml,bebidas,500,7,InterPOS
197,Local 1,7702044289078,7702044289078,arden for men clinical,aseo,1200,95,CAROLINA DE GARZON SOCIEDAD DEPOSITO CAROLINA
198,Local 1,7702044295093,7702044295093,arden for men original x 12 g,aseo,1500,83,DISTRIMARIO SAS
199,Local 1,7702910578664,7702910578664,arepa arepa choclo x 500 g,abarrotes,4700,41,DISTRICUELLAR DISTRIBUCIONES CUELLAR
200,Local 1,7702910002046,7702910002046,arepa arepa maiz amarillo x 500 g,abarrotes,1700,114,DISTRICUELLAR DISTRIBUCIONES CUELLAR
201,Local 1,7702910002015,7702910002015,arepa arepa maiz blanco x 500 g,abarrotes,1800,2,DISTRICUELLAR DISTRIBUCIONES CUELLAR
202,Local 1,7702910305215,7702910305215,arepa mantequilla y sal x 500 g,abarrotes,2700,26,DISTRICUELLAR DISTRIBUCIONES CUELLAR
203,Local 1,161,161,Arepas para asar *5,abarrotes,5000,920,ALVARO MUÑOZ
204,Local 1,37,37,arepas x 12 und,abarrotes,2400,814,COMESTIBLES LABOYANA
205,Local 1,67,67,arepas x unidad,abarrotes,200,576,ALPINA .
206,Local 1,7702001082018,7702001082018,arequipe alpina,dulceria,2400,84,ALPINA .
207,Local 1,7702001054718,7702001054718,Arequipe Alpina 220,CATEGORIA ESTANDAR,8600,1,ALPINA .
208,Local 1,7707197521037,7707197521037,arequipe alqueria 50 gr,dulceria,2200,5,BIMBO DISTRIVENTAS DEL SUR
209,Local 1,7702097128041,7702097128041,arequipe dulce de leche x 220 g,CATEGORIA ESTANDAR,7200,47,COLOMBINA DISTRIBUCIONES
210,Local 1,7500435149570,260531,Ariel 2kg revitacolor,CATEGORIA ESTANDAR,26900,1,SURTILIMA .
211,Local 1,7506339391657,7506339391657,Ariel 2kg triple poder,aseo,26900,99,SURTILIMA .
212,Local 1,7500435160193,7500435160193,Ariel Revita color x225g,CATEGORIA ESTANDAR,3300,5,SURTILIMA .
213,Local 1,7500435251273,7500435251273,Ariel revitacolor 100g,CATEGORIA ESTANDAR,1600,13,CAROLINA DE GARZON SOCIEDAD DEPOSITO CAROLINA
214,Local 1,7500435149563,7500435149563,Ariel Revitacolor 1kg,CATEGORIA ESTANDAR,13000,3,DISTRICUELLAR DISTRIBUCIONES CUELLAR
215,Local 1,7500435251600,7500435251600,Ariel revitacolor 700g,CATEGORIA ESTANDAR,9000,98,SURTILIMA .
216,Local 1,7500435160179,7500435160179,ariel revitacolor x 450 g,aseo,6300,3,SURTILIMA .
217,Local 1,7500435201322,7500435201322,ariel triple aroma x 225 g,aseo,3300,995,UNIMASIVOS .
218,Local 1,7500435112413,7500435112413,Ariel triple poder 1kg,aseo,13500,94,CAROLINA DE GARZON SOCIEDAD DEPOSITO CAROLINA
219,Local 1,7500435251280,7500435251280,ariel triple poder x 1 kg,aseo,13600,12,UNIMASIVOS .
220,Local 1,7500435201315,7500435201315,ariel triple poder x 100 g,aseo,1600,96,UNIMASIVOS .
221,Local 1,7500435124683,7500435124683,ariel triple poder x 450 g,aseo,6300,79,SURTILIMA .
222,Local 1,7500435245296,7500435245296,ariel triple poder x 700 g,aseo,9000,97,UNIMASIVOS .
223,Local 1,7702088218775,7702088218775,Aroma 40gr,abarrotes,2000,53,CAROLINA DE GARZON SOCIEDAD DEPOSITO CAROLINA
224,Local 1,7702088207595,7702088207595,aroma cafe instantaneo x 200,abarrotes,24900,3,MD DISTRIBUCIONES
225,Local 1,7702088207182,7702088207182,aroma cafe tostado y molido x 400 g,abarrotes,21000,8,MD DISTRIBUCIONES
226,Local 1,7702088219093,7702088219093,aroma soluble 10g,abarrotes,1400,10,ALPINA .
227,Local 1,7702191164020,7702191164020,AROMATEL DOY MANZANA,aseo,2000,9,UNIMASIVOS .
228,Local 1,7702191349861,7702191349861,aromatel fragancia coco bambu x 400 ml,aseo,2900,98,UNIMASIVOS .
229,Local 1,7702191164037,7702191164037,aromatel fragancia floral x 400 ml,aseo,2900,36,UNIMASIVOS .
230,Local 1,7702191164051,7702191164051,aromatel fragancia manzana y gardenia x 400 ml,aseo,2900,47,UNIMASIVOS .
231,Local 1,7702191164846,7702191164846,AROMATEL FRAMBUESA DP X400ML,CATEGORIA ESTANDAR,2900,41,DISTRIMARIO SAS
232,Local 1,7702191164853,7702191164853,Aromatel frambuesa x180ml,aseo,1800,9,DISTRIMARIO SAS
233,Local 1,7702191360361,7702191360361,aromatel frambuesa y flor de cerezo x420 ml,aseo,3000,9,INVERSIONES GUTIERREZ EQCO
234,Local 1,7702191164044,7702191164044,Aromatel mandarina,CATEGORIA ESTANDAR,2900,39,DISTRIMARIO SAS
235,Local 1,7702191164013,7702191164013,Aromatel mandarina 180ml,aseo,1800,11,UNIMASIVOS .
236,Local 1,7702191360378,7702191360378,Aromatel manzana 420ml,aseo,3000,94,UNIMASIVOS .
237,Local 1,7702191360354,7702191360354,aromatel suaviz floral 480 ml,aseo,3000,12,UNIMASIVOS .
238,Local 1,7709677370739,7709677370739,Aromatica Albahaca,autoservicio servitodo thaliana,2000,95,CAROLINA DE GARZON SOCIEDAD DEPOSITO CAROLINA
239,Local 1,7709691579101,7709691579101,aromatica cidron 20 porciones,abarrotes,2000,94,ALVARO MUÑOZ
240,Local 1,7702807482180,7702807482180,Aromatica Jaibel limonaria,abarrotes,3000,48,DISTRIALDANA .
241,Local 1,7702807482197,7702807482197,Aromatica Jaibel Manzanilla,abarrotes,3000,47,DISTRIALDANA .
242,Local 1,7702807482203,7702807482203,Aromatica Jaibel yerbabuena,abarrotes,3000,50,DISTRIALDANA .
243,Local 1,7700149010818,7700149010818,Aromatica Manzanilla Mi Dia,CATEGORIA ESTANDAR,2400,6,CAROLINA DE GARZON SOCIEDAD DEPOSITO CAROLINA
244,Local 1,7700149010801,7700149010801,Aromatica mi dia hierbabuena,CATEGORIA ESTANDAR,2400,4,CAROLINA DE GARZON SOCIEDAD DEPOSITO CAROLINA
245,Local 1,7700149010825,7700149010825,Aromatica mi dia limoncillo,CATEGORIA ESTANDAR,2400,4,CAROLINA DE GARZON SOCIEDAD DEPOSITO CAROLINA
246,Local 1,7708877341990,7708877341990,aromatica tisana  albahacax 20 gr,CATEGORIA ESTANDAR,2000,6,COMESTIBLES LABOYANA
247,Local 1,7708877341518,7708877341518,aromaticas sabor toronjil,abarrotes,2000,18,ALVARO MUÑOZ
248,Local 1,7708877341846,7708877341846,aromaticas tisanas limonaria x 20 gr,abarrotes,2000,2,COMESTIBLES LABOYANA
249,Local 1,7708877341280,7708877341280,aromaticas tisanas manzanilla x 20 gr,abarrotes,2000,4,COMESTIBLES LABOYANA
250,Local 1,7702191164006,7702191164006,AROMOMATEL DOY FLORAL,aseo,2000,7,UNIMASIVOS .
251,Local 1,7702231000011,7702231000011,arroz flor huila 500 gr,abarrotes,2200,1017,CAROLINA DE GARZON SOCIEDAD DEPOSITO CAROLINA
252,Local 1,7702552000097,7702552000097,arroz roa x 500 g,abarrotes,2000,38,DISTRICUELLAR DISTRIBUCIONES CUELLAR
253,Local 1,33,33,arroz x @,abarrotes,48500,894,CAROLINA DE GARZON SOCIEDAD DEPOSITO CAROLINA
254,Local 1,7702277736318,7702277736318,Arruru cabello claro 120ml,aseo,14500,100,CAROLINA DE GARZON SOCIEDAD DEPOSITO CAROLINA
255,Local 1,7702277934004,7702277934004,Arruru cabello claro 25ml,aseo,1200,99,CAROLINA DE GARZON SOCIEDAD DEPOSITO CAROLINA
256,Local 1,7702277474944,7702277474944,Arruru cabello claro 400ml,CATEGORIA ESTANDAR,24000,1,CAROLINA DE GARZON SOCIEDAD DEPOSITO CAROLINA
257,Local 1,7707337870872,7707337870872,arveja amarilla grano grande x 454 g,abarrotes,2200,1,DISTRIMARIO SAS
258,Local 1,7702910354022,7702910354022,arveja amarilla la soberana x 460 g,abarrotes,2000,32,DISTRIMARIO SAS
259,Local 1,7709990113969,7709990113969,Arveja Verde DA Aldana,autoservicio servitodo thaliana,2300,24,DISTRIALDANA .
260,Local 1,7707337870896,7707337870896,arveja verde grano grande x 454 g,abarrotes,2300,5,DISTRICUELLAR DISTRIBUCIONES CUELLAR
261,Local 1,7702910354039,7702910354039,arveja verde la soberana x 460 g,abarrotes,2300,927,DISTRIMARIO SAS
262,Local 1,746545,021321,Aspirina efervescente,medicamentos,1500,79,CAROLINA DE GARZON SOCIEDAD DEPOSITO CAROLINA
263,Local 1,301,301,ATOMIZADOR ESPIRAL 575 ML,aseo,3500,19,PLASTICO SURCOLOMBIANO
264,Local 1,7862111870742,7862111870742,Atun la española,abarrotes,7500,8,CAROLINA DE GARZON SOCIEDAD DEPOSITO CAROLINA
265,Local 1,7702088198350,7702088198350,atun vikingo en aceite,abarrotes,5000,992,MD DISTRIBUCIONES
266,Local 1,7702088204297,7702088204297,atun vikingo en aceite x 160 g,abarrotes,8000,4,MD DISTRIBUCIONES
267,Local 1,7702088198336,7702088198336,atun vikingo en agua x 160 g,abarrotes,7600,5,MD DISTRIBUCIONES
268,Local 1,7702193424016,7702193424016,aunt jemima 100 gr,abarrotes,2500,95,INVERSIONES GUTIERREZ EQCO
269,Local 1,7702193407347,7702193407347,aunt jemima syrup x 160 ml,abarrotes,8200,2,DISTRIMARIO SAS
270,Local 1,7702193424023,7702193424023,aunt jemima x 250 g,abarrotes,7700,97,DISTRICUELLAR DISTRIBUCIONES CUELLAR
271,Local 1,7702001044504,7702001044504,avena alpina original x 250 g,bebidas,4000,2,ALPINA .
272,Local 1,7702001044542,7702001044542,avena alpina sabor canela x 250 g,bebidas,4000,87,ALPINA .
273,Local 1,7702439495312,7702439495312,avena bilac 180 ml,bebidas,2000,12,POSTOBON .
274,Local 1,7702193101269,7702193101269,avena en hojuelas quaker x 115 g,abarrotes,1200,9,ALVARO MUÑOZ
275,Local 1,7702001162758,7702001162758,Avena familiar 800g,lacteos,7000,100,ALPINA .
276,Local 1,7702193101283,7702193101283,avena hojuelas quaker 190 gr,abarrotes,2300,35,ALVARO MUÑOZ
277,Local 1,7702193103140,7702193103140,avena molida quaker x 115 g,abarrotes,1500,10,DISTRICUELLAR DISTRIBUCIONES CUELLAR
278,Local 1,7702193102822,7702193102822,avena molida quaker x 200 g,abarrotes,3000,8,DISTRIMARIO SAS
279,Local 1,7702001163205,7702001163205,Avena Original Botella 280g,autoservicio servitodo thaliana,4700,6,ALPINA .
280,Local 1,7702001162802,7702001162802,avena original x 200g,bebidas,2600,49,InterPOS
281,Local 1,7702193100927,7702193100927,avena quaker en hojuelas x 400 g,abarrotes,5500,82,DISTRIMARIO SAS
282,Local 1,7509546380742,7509546380742,Axion 450g,aseo,6600,100,DISTRIMARIO SAS
283,Local 1,7509546698762,7509546698762,Axion 7 en 1,aseo,1500,98,DISTRIMARIO SAS
284,Local 1,7702010380860,7702010380860,Axion aloe vera 235gr,aseo,3400,100,DISTRIMARIO SAS
285,Local 1,7702010381041,7702010381041,Axion Avena 450gr,aseo,6500,18,DISTRIMARIO SAS
286,Local 1,7509546698748,7509546698748,Axion Bicarboato lavaloza 450g,aseo,6500,1,DISTRIMARIO SAS
287,Local 1,75084240,75084240,Axion bicarbonato 150g,CATEGORIA ESTANDAR,2500,1,DISTRIMARIO SAS
288,Local 1,7509546688305,7509546688305,Axion explosion citrica,CATEGORIA ESTANDAR,6800,98,CAROLINA DE GARZON SOCIEDAD DEPOSITO CAROLINA
289,Local 1,7509546680347,7509546680347,Axion jabon x450g,aseo,4700,2,DISTRIMARIO SAS
290,Local 1,7509546652559,7509546652559,axion limon disco x 130 g,aseo,1600,17,DISTRIMARIO SAS
291,Local 1,7509546684024,7509546684024,axion limon liq 180 ml,aseo,2400,993,DISTRIMARIO SAS
292,Local 1,7702010881213,7702010881213,axion limon liq x 360 ml,aseo,4500,98,DISTRIMARIO SAS
293,Local 1,77044273,77044273,axion limon x 150 g,aseo,2500,98,DISTRIMARIO SAS
294,Local 1,7702010381256,7702010381256,axion limon x 235 g,aseo,3400,93,DISTRIMARIO SAS
295,Local 1,7702010382147,7702010382147,axion limon x 850 g,aseo,12600,8,DISTRIMARIO SAS
296,Local 1,7509546051932,7509546051932,Axion liquido 70ml,CATEGORIA ESTANDAR,11500,2,CAROLINA DE GARZON SOCIEDAD DEPOSITO CAROLINA
297,Local 1,7704412100824,7704412100824,Azitromicina  Tableta 500mg,CATEGORIA ESTANDAR,8400,3,DISTRIMARIO SAS
298,Local 1,7702059202024,7702059202024,azucar morena kg,abarrotes,6000,5,ALVARO MUÑOZ
299,Local 1,7707007200404,7707007200404,azucar morena mayaguez x 500 g,abarrotes,2400,2,DISTRIMARIO SAS
300,Local 1,28,28,azucar pulverizada x cuarto,abarrotes,900,2,DISTRICUELLAR DISTRIBUCIONES CUELLAR
301,Local 1,7702127008022,7702127008022,Azucar Riopaila 1kg,abarrotes,4800,7,CAROLINA DE GARZON SOCIEDAD DEPOSITO CAROLINA
302,Local 1,7702127107022,7702127107022,Azucar Riopaila 500g,autoservicio servitodo thaliana,2300,94,DISTRIMARIO SAS
303,Local 1,7702127007025,7702127007025,Azucar Riopaila 500gr,abarrotes,2400,994,CAROLINA DE GARZON SOCIEDAD DEPOSITO CAROLINA
304,Local 1,7702127212023,7702127212023,AZUCAR RIOPAILA X200 PORCIONES,CATEGORIA ESTANDAR,8000,20,DISTRICUELLAR DISTRIBUCIONES CUELLAR
305,Local 1,31,31,azucar x 5 Lb,abarrotes,9200,65,CAROLINA DE GARZON SOCIEDAD DEPOSITO CAROLINA
306,Local 1,30,30,azucar x KL,abarrotes,3800,173,CAROLINA DE GARZON SOCIEDAD DEPOSITO CAROLINA
307,Local 1,29,29,azucar x Lb,abarrotes,1900,575,CAROLINA DE GARZON SOCIEDAD DEPOSITO CAROLINA
308,Local 1,32,32,azucar x media @,abarrotes,23000,43,CAROLINA DE GARZON SOCIEDAD DEPOSITO CAROLINA
309,Local 1,7702011166050,7702011166050,B.B.B. Tajin,dulceria,1800,94,DISTRIALDANA .
310,Local 1,7702184020326,7702184020326,bactroderm yodo-povidona espuma x 60 ml,medicamentos,8800,2,DISTRIMARIO SAS
311,Local 1,7702184020319,7702184020319,bactroderm yodo-povidona solucion x 60 ml,medicamentos,6600,1,DISTRIMARIO SAS
312,Local 1,7705137500333,7705137500333,baking sodio osa x 25 g,abarrotes,800,98,DISTRIMARIO SAS
313,Local 1,7702045442755,7702045442755,balance men clinical x 9 g,aseo,1200,9,ALVARO MUÑOZ
314,Local 1,7702045198263,7702045198263,balance normal crema x 8 g,CATEGORIA ESTANDAR,1700,25,DISTRIMARIO SAS
315,Local 1,7702045790290,7702045790290,Balance women,aseo,1200,32,CAROLINA DE GARZON SOCIEDAD DEPOSITO CAROLINA
316,Local 1,7709365361445,7709365361445,Bandeja de bocadillo,CATEGORIA ESTANDAR,6000,1,GLOFER DISTRIBUCIONES
317,Local 1,7702011071927,7702011071927,Barquillo piaza nucita,dulceria,1000,71,CAROLINA DE GARZON SOCIEDAD DEPOSITO CAROLINA
318,Local 1,7622210427199,7622210427199,Barra HALLS fruit Mix,autoservicio servitodo thaliana,2000,997,COLOMBINA DISTRIBUCIONES
319,Local 1,7702011160171,7702011160171,Barra Masticable BonBonBum 40Und,autoservicio servitodo thaliana,7500,1,COLOMBINA DISTRIBUCIONES
320,Local 1,7703812411509,7703812411509,Barril de Sal refisal  560g,autoservicio servitodo thaliana,4500,8,DISTRIMARIO SAS
321,Local 1,7702993051375,7702993051375,barrilete 40 unid,dulceria,11600,51,ALVARO MUÑOZ
322,Local 1,7702993048054,7702993048054,barrilete bombon x 24 unid,CATEGORIA ESTANDAR,9000,1,ALVARO MUÑOZ
323,Local 1,7702993046180,7702993046180,barrilete choco masmelos x 50 g,CATEGORIA ESTANDAR,3000,8,DISTRIMARIO SAS
324,Local 1,7702993054529,7702993054529,barrilete gamers 40 unid,CATEGORIA ESTANDAR,10500,1,ALVARO MUÑOZ
325,Local 1,80,80,barrilete unidad,dulceria,300,971,COLOMBINA DISTRIBUCIONES
326,Local 1,7702439000806,7702439000806,bary mostaza x 200 g,abarrotes,5700,3,InterPOS
327,Local 1,7702439845322,7702439845322,bary salsa BBQ X 110 G,abarrotes,2200,6,InterPOS
328,Local 1,7702439392758,7702439392758,bary salsa de mayonesa x 110 g,abarrotes,2000,98,InterPOS
329,Local 1,7702439574314,7702439574314,Bary salsa de Mayonesa x100g,CATEGORIA ESTANDAR,2200,0,ALPINA .
330,Local 1,7702439082642,7702439082642,bary salsa de tomate x 110 g,abarrotes,2000,1,COCACOLA DISTRIBUCIONES
331,Local 1,7702024022855,7702024022855,base salsa desmechada x 50 g,abarrotes,4900,1,PROGRESAR NESTLE
332,Local 1,7702024014799,770024014799,base salsa gulash x 45 g,abarrotes,5200,9,PROGRESAR NESTLE
333,Local 1,7702354310004,7702354310004,Baticrema,dulceria,4200,96,CAROLINA DE GARZON SOCIEDAD DEPOSITO CAROLINA
334,Local 1,7702354320126,7702354320126,batilado de sabor a vainilla x 820 g,abarrotes,5400,16,COLOMBINA DISTRIBUCIONES
335,Local 1,7702354320010,7702354320010,batilado sabor a arequipe x 82 g,abarrotes,5200,5,COLOMBINA DISTRIBUCIONES
336,Local 1,7702354320027,7702354320027,batilado sabor a fresa x 82 g,abarrotes,5500,103,COLOMBINA DISTRIBUCIONES
337,Local 1,7702354320065,7702354320065,batilado sabor a mora x 82 g,abarrotes,5500,103,ALVARO MUÑOZ
338,Local 1,7702011281180,7702011281180,BBB de fresa x 24 unidades,dulceria,11500,102,COLOMBINA DISTRIBUCIONES
339,Local 1,230,230,beleño,dulceria,500,6,ALVARO MUÑOZ
340,Local 1,6950225101829,6950225101829,BERRY COFFEE X 180 GR,autoservicio servitodo thaliana,87400,6,HGW COLOMBIA
341,Local 1,6950225103007,6950225103007,berry gano coffee 42 gr,autoservicio servitodo thaliana,76000,1,HGW COLOMBIA
342,Local 1,7702480000268,7702480000268,Betun bowy 32gr,CATEGORIA ESTANDAR,4200,1,CAROLINA DE GARZON SOCIEDAD DEPOSITO CAROLINA
343,Local 1,7702480000244,7702480000244,betun bowy color negro x 15 g,aseo,1800,4,DISTRIMARIO SAS
344,Local 1,6934378018807,6934378018807,betun cherry color negro x 40 ml,aseo,4000,49,DISTRIMARIO SAS
345,Local 1,3035,3035,Betun negro looe,autoservicio servitodo thaliana,6000,3,CAROLINA DE GARZON SOCIEDAD DEPOSITO CAROLINA
346,Local 1,7702480000251,7702480000251,betun pequeño cafe x 15 g,aseo,1800,5,DISTRIVENTAS DEL HUILA
347,Local 1,7702993047989,7702993047989,bianchi caramelo mani x 25 g,dulceria,1200,33,DISTRICUELLAR DISTRIBUCIONES CUELLAR
348,Local 1,7702993047965,7702993047965,bianchi caramelo mani x 25 g,dulceria,1200,88,DISTRICUELLAR DISTRIBUCIONES CUELLAR
349,Local 1,7702993046579,7702993046579,bianchi choco galletas 40 g,CATEGORIA ESTANDAR,2300,2,DISTRIMARIO SAS
350,Local 1,7702993044100770,7702993044100,bianchi choco mani x 30 g,CATEGORIA ESTANDAR,1800,15,GERDY DISTRIBUCIONES
351,Local 1,7702993048924,7702993048924,Bianchi chocolate,dulceria,2300,100,CAROLINA DE GARZON SOCIEDAD DEPOSITO CAROLINA
352,Local 1,7702993048962,7702993048962,bianchi cookies cream x 48 g,CATEGORIA ESTANDAR,2300,3,DISTRIMARIO SAS
353,Local 1,7702993057728,7702993057728,bianchi crukies,abarrotes,2300,2,GLOFER DISTRIBUCIONES
354,Local 1,7702993047927,7702993047927,bianchi crunchy caramelo 40 gr,dulceria,2000,10,BIMBO DISTRIVENTAS DEL SUR
355,Local 1,7702993047873,7702993047873,bianchi doble chocolate x 22 g,dulceria,1200,93,DISTRICUELLAR DISTRIBUCIONES CUELLAR
356,Local 1,7702993047842,7702993047842,bianchi doble chocolate x 36 gr,dulceria,1800,90,BIMBO DISTRIVENTAS DEL SUR
357,Local 1,7702993048900,7702993048900,bianchi encanto de fresa x 55 g,CATEGORIA ESTANDAR,2300,2,DISTRIMARIO SAS
358,Local 1,7702993047941,7702993047941,bianchi mani caramelo x 40 gr,dulceria,1800,0,BIMBO DISTRIVENTAS DEL SUR
359,Local 1,7702993058862,7702993058862,Bianchi x100,dulceria,16000,50,CAROLINA DE GARZON SOCIEDAD DEPOSITO CAROLINA
360,Local 1,7702993054888,7702993054888,Bianchi x18 barras grandes,CATEGORIA ESTANDAR,26000,1,DISTRICUELLAR DISTRIBUCIONES CUELLAR
361,Local 1,7708217296102,7708217296102,Bicarbonato consumo 100gr,abarrotes,1500,94,CAROLINA DE GARZON SOCIEDAD DEPOSITO CAROLINA
362,Local 1,7702175157390,7702175157390,bicarbonato de sodio x 10 g,CATEGORIA ESTANDAR,300,11,DISTRIALDANA .
363,Local 1,7709665578802,7709665578802,bicarbonato de sodio x 50G,CATEGORIA ESTANDAR,1100,13,COMESTIBLES LABOYANA
364,Local 1,7702175159264,7702175159264,bicarbonato el rey x 125 g,abarrotes,1500,38,DISTRIALDANA .
365,Local 1,7702175258325,7702175258325,bicarbonato el rey x 170 g,abarrotes,2000,1,DISTRIALDANA .
366,Local 1,7702175108385,7702175108385,bicarbonato el rey x 50 g,abarrotes,800,15,DISTRIALDANA .
367,Local 1,7702175141214,7702175141214,bicarbonato el rey x 500 g,abarrotes,6600,1,DISTRIALDANA .
368,Local 1,7709719816522,7709719816522,Bicarbonato elite x500g,CATEGORIA ESTANDAR,4500,3,DISTRIGRANOS SANJOSE
369,Local 1,90,90,bicarbonato la negra,abarrotes,1000,5,CAROLINA DE GARZON SOCIEDAD DEPOSITO CAROLINA
370,Local 1,89,89,bicarbonato la negra,abarrotes,500,4,CAROLINA DE GARZON SOCIEDAD DEPOSITO CAROLINA
371,Local 1,7705137500364,7705137500364,Bicarbonato soda 500gr,abarrotes,3900,98,CAROLINA DE GARZON SOCIEDAD DEPOSITO CAROLINA
372,Local 1,7702011271563,7702011271563,Bidge Vainilla,CATEGORIA ESTANDAR,800,10,CAROLINA DE GARZON SOCIEDAD DEPOSITO CAROLINA
373,Local 1,7707014924621,7707014924621,Big bom hula,dulceria,1900,98,CAROLINA DE GARZON SOCIEDAD DEPOSITO CAROLINA
374,Local 1,7707014902896,7707014902896,Big bom mouth x24,dulceria,9000,99,MD DISTRIBUCIONES
375,Local 1,7707014903343,7707014903343,Big Bom Mundi GOL x48,dulceria,24800,10,MD DISTRIBUCIONES
376,Local 1,7707014952051,7707014952051,Big bom orugas,dulceria,1900,96,CAROLINA DE GARZON SOCIEDAD DEPOSITO CAROLINA
377,Local 1,7707014904098,7707014904098,Big bom ositos,dulceria,1900,95,CAROLINA DE GARZON SOCIEDAD DEPOSITO CAROLINA
378,Local 1,7707014961701,7707014961701,Big bom sandia,dulceria,1900,97,CAROLINA DE GARZON SOCIEDAD DEPOSITO CAROLINA
379,Local 1,7707014983246,7707014983246,Big bom tiburon,dulceria,1900,91,CAROLINA DE GARZON SOCIEDAD DEPOSITO CAROLINA
380,Local 1,7707014902100,7707014902100,Big bom xl assorted x24,dulceria,9000,100,MD DISTRIBUCIONES
381,Local 1,7707014902704,7707014902704,Big bom xl mouth,CATEGORIA ESTANDAR,21800,2,CAROLINA DE GARZON SOCIEDAD DEPOSITO CAROLINA
382,Local 1,7707014902520,7707014902520,Big bom xl scholol,dulceria,9000,1000,CAROLINA DE GARZON SOCIEDAD DEPOSITO CAROLINA
383,Local 1,7707014902841,7707014902841,Big bom xxl black,CATEGORIA ESTANDAR,21400,1,CAROLINA DE GARZON SOCIEDAD DEPOSITO CAROLINA
384,Local 1,7707014908645,7707014908645,Big bom xxl cola,dulceria,23000,9,CAROLINA DE GARZON SOCIEDAD DEPOSITO CAROLINA
385,Local 1,7707014905682,7707014905682,Big bom xxl fresh x48,dulceria,23000,100,MD DISTRIBUCIONES
386,Local 1,7707014984298,7707014984298,BigBom XXL,autoservicio servitodo thaliana,21500,2,GERDY DISTRIBUCIONES
387,Local 1,7702439286392,7702439286392,Bilac chocolate,lacteos,23500,101,CAROLINA DE GARZON SOCIEDAD DEPOSITO CAROLINA
388,Local 1,7705326070579,7705326070579,Bimbo casero limon,dulceria,6800,1,BIMBO DISTRIVENTAS DEL SUR
389,Local 1,7705326012395,7705326012395,bimboletes 55 gr,dulceria,2400,4,BIMBO DISTRIVENTAS DEL SUR
390,Local 1,7709533051567,7709533051567,Bisturin grande,CATEGORIA ESTANDAR,3200,2,CAROLINA DE GARZON SOCIEDAD DEPOSITO CAROLINA
391,Local 1,7708146541595,7708146541595,Bizcocho Achira de coco 35g acacias,CATEGORIA ESTANDAR,2600,11,CAROLINA DE GARZON SOCIEDAD DEPOSITO CAROLINA
392,Local 1,7148465,7148465,Bizcocho de achira bolsa transp,abarrotes,2000,70,CAROLINA DE GARZON SOCIEDAD DEPOSITO CAROLINA
393,Local 1,7708146541793,7708146541793,bizcocho de achira especial las acacias  x 40 g,abarrotes,3000,86,FELINI DISTRIBUCIONES
394,Local 1,7709906089692,7709906089692,bizcocho de achira las acacias x 25 g,abarrotes,1700,106,FELINI DISTRIBUCIONES
395,Local 1,7709906089609,7709906089609,bizcocho de achira las acacias x 40 g,abarrotes,2800,69,FELINI DISTRIBUCIONES
396,Local 1,7708146541991,7708146541991,Bizcocho de cuajada 50g,CATEGORIA ESTANDAR,3000,6,CAROLINA DE GARZON SOCIEDAD DEPOSITO CAROLINA
397,Local 1,639767835466,639767835466,bizcocho de cuajada 60 gr,abarrotes,3000,2,ALVARO MUÑOZ
398,Local 1,6950225102994,6950225102994,BLACKTEA COFFEE X 42 GR,autoservicio servitodo thaliana,76000,2,HGW COLOMBIA
399,Local 1,7703812012690,7703812012690,blancox  aroma poder natural x 2 litros,aseo,6600,4,DISTRIMARIO SAS
400,Local 1,7703812002035,7703812002035,blancox  ropa color aroma floral x 500 ml,aseo,3700,10,DISTRIMARIO SAS
401,Local 1,7703812014250,7703812014250,blancox aroma natural x 3.8 l,aseo,13800,1,DISTRICUELLAR DISTRIBUCIONES CUELLAR
402,Local 1,7703812000017,7703812000017,blancox aroma natural x 500 ml,aseo,1700,11,DISTRIMARIO SAS
403,Local 1,7703812000024,7703812000024,blancox aroma poder natural x 1 litro,aseo,4000,4,DISTRICUELLAR DISTRIBUCIONES CUELLAR
404,Local 1,7703812407250,7703812407250,Blancox Blanqueador 1.8L,aseo,7000,4,DISTRIMARIO SAS
405,Local 1,7703812412384,7703812412384,Blancox Blanqueador 500ml,CATEGORIA ESTANDAR,1700,12,DISTRIMARIO SAS
406,Local 1,7703812407175,7703812407175,Blancox Blanqueador 900ml,aseo,4200,2,DISTRIMARIO SAS
407,Local 1,7703812407199,7703812407199,Blancox Blanqueador floral Vital x900ml,aseo,4500,7,DISTRIMARIO SAS
408,Local 1,7703812010887,7703812010887,blancox desmanchador ropa blanca aroma floral x 150ml,aseo,2000,2,DISTRIMARIO SAS
409,Local 1,7703812010146,7703812010146,blancox desmanchador ropa color aroma floral x 150 ml,aseo,2000,2,DISTRIMARIO SAS
410,Local 1,7703812013505,7703812013505,Blancox Detergente liquido 1.8L,aseo,20700,104,DISTRIMARIO SAS
411,Local 1,7703812013475,7703812013475,blancox detergente liquido 900 ml,aseo,14000,8,INVERSIONES GUTIERREZ EQCO
412,Local 1,7703812013482,7703812013482,Blancox Detergente liquido ropa oscura 1.8L,aseo,24300,19,DISTRIMARIO SAS
413,Local 1,7703812408318,7703812408318,blancox frescura oceanica x 500 ml,aseo,1600,10,DISTRIMARIO SAS
414,Local 1,7703812401265,7703812401265,blancox limpia pisos vibrante aroma rosa jazmin x 200 ml,aseo,1900,101,DISTRICUELLAR DISTRIBUCIONES CUELLAR
415,Local 1,7703812006736,7703812006736,Blancox limpia pisos x450ML,aseo,4000,2,DISTRIMARIO SAS
416,Local 1,7703812404976,7703812404976,blancox limpiador multiusos bicarbonato aroma citrus x 180 ml,aseo,1900,96,DISTRICUELLAR DISTRIBUCIONES CUELLAR
417,Local 1,7703812409469,7703812409469,blancox limpiador multiusos vinagre aroma frescura natural x 180 ml,aseo,1900,103,DISTRICUELLAR DISTRIBUCIONES CUELLAR
418,Local 1,7703812401272,7703812401272,Blancox limpiapisos,aseo,1900,99,DISTRIMARIO SAS
419,Local 1,7703812400251,7703812400251,Blancox loza crem aloe y rosas 1.5l,CATEGORIA ESTANDAR,15500,2,DISTRIMARIO SAS
420,Local 1,7703812411929,7703812411929,Blancox Lozacream Lavaloza Deluxe x1.5L,aseo,18000,1,DISTRIMARIO SAS
421,Local 1,7703812402491,7703812402491,Blancox lozacrem x1.5L,aseo,18000,1,DISTRIMARIO SAS
422,Local 1,7703812407519,7703812407519,blancox quitamancha ropa blanca x 1.8 ltrs,aseo,20000,2,DISTRIMARIO SAS
423,Local 1,770381227434,770381227434,blancox quitamanchas ropa blanca 900 ml,aseo,11000,2,DISTRIMARIO SAS
424,Local 1,7703812012454,7703812012454,blancox ropa 1 litro,aseo,9000,96,ALVARO MUÑOZ
425,Local 1,7703812407496,7703812407496,blancox ropa color 1.8 ml,aseo,18000,9,DISTRIHOGAR B.B
426,Local 1,305,305,blancox ropa color 900 ml,aseo,8000,7,INVERSIONES GUTIERREZ EQCO
427,Local 1,7703812014168,7703812014168,blancox ropa color aroma floral x 1 litro,aseo,7500,4,DISTRIMARIO SAS
428,Local 1,7703812011075,7703812011075,blancox ropa color aroma floral x 2 litros,aseo,13500,2,DISTRIMARIO SAS
429,Local 1,7702560045080,7702560045080,blanqueador yes x 1000 cc,aseo,4300,23,DISTRICUELLAR DISTRIBUCIONES CUELLAR
430,Local 1,6950225101973,6950225101973,blueberry candy x 60 unid,aseo,24000,5,HGW COLOMBIA
431,Local 1,7707335950125,7707335950125,bocadillo de guayaba 260 gr,CATEGORIA ESTANDAR,300,20,DISTRICUELLAR DISTRIBUCIONES CUELLAR
432,Local 1,7709963564255,7709963564255,bocadillo de guayaba combinado con manjar blanco x 500g,dulceria,5400,99,GUADALUPE ARDICOLL
433,Local 1,7709963564224,7709963564224,Bocadillo pulpi fruit,dulceria,4300,104,GLOFER DISTRIBUCIONES
434,Local 1,7709336462898,7709336462898,BOCADILLO X UND,CATEGORIA ESTANDAR,500,50,COLOMBINA DISTRIBUCIONES
435,Local 1,7862910003334,7862910003334,bocado de mar x 155 g,carnicos,3300,39,DISTRICUELLAR DISTRIBUCIONES CUELLAR
436,Local 1,7702910042141,7702910042141,bocado de mar x 400 g,abarrotes,7100,28,DISTRICUELLAR DISTRIBUCIONES CUELLAR
437,Local 1,7702001176090,7702001176090,Boggy fresa sandia,CATEGORIA ESTANDAR,2200,3,ALPINA .
438,Local 1,7702001116973,7702001116973,boggy gelatina sabor a fresa x 108 g,dulceria,2300,91,ALPINA .
439,Local 1,7702001116980,7702001116980,boggy gelatina sabor a mora x 108 g,CATEGORIA ESTANDAR,2300,41,ALPINA .
440,Local 1,7702001116072,7702001116072,Boggy premio fresa,CATEGORIA ESTANDAR,3700,18,CAROLINA DE GARZON SOCIEDAD DEPOSITO CAROLINA
441,Local 1,7702001176083,7702001176083,Boggy premio fresa-sandia,CATEGORIA ESTANDAR,3500,26,ALPINA .
442,Local 1,7702001116089,7702001116089,boggy premio gelatina  sabor a mora x 108 g,CATEGORIA ESTANDAR,3600,17,ALPINA .
443,Local 1,7702001116096,7702001116096,boggy premio gelatina  sabor a naranja x108 g,CATEGORIA ESTANDAR,3700,11,ALPINA .
444,Local 1,7702001116065,7702001116065,boggy premio gelatina sabor a cereza x 108 g,CATEGORIA ESTANDAR,3600,23,ALPINA .
445,Local 1,7702001116966,7702001116966,boggy sabor a cereza x 108 g,lacteos,2300,15,ALPINA .
446,Local 1,7702001116997,7702001116997,boggy sabor a naranja x 108 g,CATEGORIA ESTANDAR,2300,96,ALPINA .
447,Local 1,7702001117000,7702001117000,boggy sabor a uva x 108 g,CATEGORIA ESTANDAR,2300,9,ALPINA .
448,Local 1,7702354956721,7702354956721,Boka lima limon,CATEGORIA ESTANDAR,800,7,DISTRICUELLAR DISTRIBUCIONES CUELLAR
449,Local 1,7702354956783,7702354956783,Boka Mango,abarrotes,800,48,CAROLINA DE GARZON SOCIEDAD DEPOSITO CAROLINA
450,Local 1,7702354956714,7702354956714,Boka Maracuya,CATEGORIA ESTANDAR,800,47,DISTRICUELLAR DISTRIBUCIONES CUELLAR
451,Local 1,7702354956738,7702354956738,Boka naranja,CATEGORIA ESTANDAR,800,7,DISTRICUELLAR DISTRIBUCIONES CUELLAR
452,Local 1,7702354956790,7702354956790,boka sabor a corozo x 10 g,abarrotes,800,6,DISTRICUELLAR DISTRIBUCIONES CUELLAR
453,Local 1,7702354956684,7702354956684,boka sabor a durazno x 10 g,CATEGORIA ESTANDAR,800,4,DISTRICUELLAR DISTRIBUCIONES CUELLAR
454,Local 1,7702354956806,7702354956806,boka sabor a fresa x 10 g,abarrotes,800,19,DISTRICUELLAR DISTRIBUCIONES CUELLAR
455,Local 1,7702354956707,7702354956707,boka sabor a guanabana x 10 g,abarrotes,800,6,DISTRICUELLAR DISTRIBUCIONES CUELLAR
456,Local 1,7702354955809,7702354955809,boka sabor a lichi x 10 g,bebidas,800,5,DISTRICUELLAR DISTRIBUCIONES CUELLAR
457,Local 1,7702354955724,7702354955724,boka sabor a lima limon x 10 g,abarrotes,800,10,DISTRICUELLAR DISTRIBUCIONES CUELLAR
458,Local 1,7702354955793,7702354955793,boka sabor a mango x 10 g,abarrotes,800,7,DISTRICUELLAR DISTRIBUCIONES CUELLAR
459,Local 1,7702354955717,7702354955717,boka sabor a maracuya x 10 g,abarrotes,800,10,DISTRICUELLAR DISTRIBUCIONES CUELLAR
460,Local 1,7702354955731,7702354955731,boka sabor a naranja  x 10 g,abarrotes,800,10,DISTRICUELLAR DISTRIBUCIONES CUELLAR
461,Local 1,7702354956813,7702354956813,boka sabor a panela y limon x 10 g,abarrotes,800,17,DISTRICUELLAR DISTRIBUCIONES CUELLAR
462,Local 1,7702354956677,7702354956677,boka sabor a salpicon de frutas x 10 g,abarrotes,800,9,DISTRICUELLAR DISTRIBUCIONES CUELLAR
463,Local 1,7702354956745,7702354956745,boka sabor a sandia x 10 g,abarrotes,800,10,DISTRICUELLAR DISTRIBUCIONES CUELLAR
464,Local 1,139,139,boker sacol,papeleria,2800,3,DISTRIHOGAR B.B
465,Local 1,7707298441722,7707298441722,Bola Chicle de colores x60Und,autoservicio servitodo thaliana,300,53,DISTRIMARCA HELADOS
466,Local 1,211,211,bolsa  blanca de 20 k,aseo,9600,51,MD DISTRIBUCIONES
467,Local 1,01254,01254,Bolsa 1.5kl,CATEGORIA ESTANDAR,3600,40,CAROLINA DE GARZON SOCIEDAD DEPOSITO CAROLINA
468,Local 1,225,225,Bolsa 10k,autoservicio servitodo thaliana,8300,49,CAROLINA DE GARZON SOCIEDAD DEPOSITO CAROLINA
469,Local 1,12478,12478,Bolsa 15kl,CATEGORIA ESTANDAR,10000,99,CAROLINA DE GARZON SOCIEDAD DEPOSITO CAROLINA
470,Local 1,2121032,78441125,Bolsa 20kl,abarrotes,12000,99,ALPINA .
471,Local 1,4454521,74452410,Bolsa 25kl,CATEGORIA ESTANDAR,15800,97,CAROLINA DE GARZON SOCIEDAD DEPOSITO CAROLINA
472,Local 1,222,222,Bolsa 30kl,autoservicio servitodo thaliana,19500,10,CAROLINA DE GARZON SOCIEDAD DEPOSITO CAROLINA
473,Local 1,217,217,Bolsa 3k,autoservicio servitodo thaliana,4500,107,CAROLINA DE GARZON SOCIEDAD DEPOSITO CAROLINA
474,Local 1,223,223,Bolsa 5k,autoservicio servitodo thaliana,6200,99,ALPINA .
475,Local 1,7709293708312,7709293708312,bolsa aluminizada multiusos x 100 und,aseo,2800,7,PLASTICO SURCOLOMBIANO
476,Local 1,1457,1457,Bolsa basura extra grande,CATEGORIA ESTANDAR,2500,18,CAROLINA DE GARZON SOCIEDAD DEPOSITO CAROLINA
477,Local 1,48,48,bolsa de basura grande,aseo,1000,57,PLASTICO SURCOLOMBIANO
478,Local 1,116,116,bolsa de encilar,aseo,2000,109,PLASTICO SURCOLOMBIANO
479,Local 1,14589,14589,Bolsa kl transparente delgada,autoservicio servitodo thaliana,2000,105,CAROLINA DE GARZON SOCIEDAD DEPOSITO CAROLINA
480,Local 1,7708400851781,7708400851781,Bolsa L-17A Abierta Obleas,autoservicio servitodo thaliana,2800,10,CAROLINA DE GARZON SOCIEDAD DEPOSITO CAROLINA
481,Local 1,7894512,7894512,Bolsa manija 25kl,CATEGORIA ESTANDAR,12800,1,CAROLINA DE GARZON SOCIEDAD DEPOSITO CAROLINA
482,Local 1,7709293708374,7709293708374,Bolsa metalizada,CATEGORIA ESTANDAR,2800,98,CAROLINA DE GARZON SOCIEDAD DEPOSITO CAROLINA
483,Local 1,7708014366718,7708014366718,Bolsa metalizada L17,autoservicio servitodo thaliana,2800,3,PLASTICO SURCOLOMBIANO
484,Local 1,117,117,bolsa negra,aseo,500,96,PLASTICO SURCOLOMBIANO
485,Local 1,208,208,bolsa negra 10 kilosx 10,aseo,5500,0,RIVIERA DISTRIBUCIONES
486,Local 1,47,47,bolsa negra para encilar,aseo,2000,11,PLASTICO SURCOLOMBIANO
487,Local 1,77,77,bolsa papel sulfito x 30,aseo,5100,100,PLASTICO SURCOLOMBIANO
488,Local 1,15321515,7812215,Bolsa transp 1/2,abarrotes,1200,98,CAROLINA DE GARZON SOCIEDAD DEPOSITO CAROLINA
489,Local 1,770300718,770300718,Bolsa transparente delgada de 1/2,abarrotes,1500,50,PLASTICO SURCOLOMBIANO
490,Local 1,112233,112233,Bolsa transparente gruesa kl,CATEGORIA ESTANDAR,5500,103,CAROLINA DE GARZON SOCIEDAD DEPOSITO CAROLINA
491,Local 1,4455,4455,Bolsa transparente lb gruesa,CATEGORIA ESTANDAR,3500,20,CAROLINA DE GARZON SOCIEDAD DEPOSITO CAROLINA
492,Local 1,6973057705065,6973057705065,Bombillo 12W Probelco,abarrotes,4800,0,DISTRICUELLAR DISTRIBUCIONES CUELLAR
493,Local 1,7593758009584,7593758009584,bombillo 20 w,aseo,10000,1,DISTRIMARIO SAS
494,Local 1,7593758019560'2,7593758019560'2,bombillo 50 w,abarrotes,24000,1,DISTRIHOGAR B.B
495,Local 1,4099854371042,4099854371042,bombillo 60w bellalux,CATEGORIA ESTANDAR,5200,6,ALPINA .
496,Local 1,7708200355304,7708200355304,bombillo 9w,abarrotes,4300,3,DISTRIHOGAR B.B
497,Local 1,7707489079819,7707489079819,bombillo 9w elite,CATEGORIA ESTANDAR,4000,4,ALPINA .
498,Local 1,4099854093456,4099854093456,Bombillo 9w ledvance,autoservicio servitodo thaliana,4600,4,CAROLINA DE GARZON SOCIEDAD DEPOSITO CAROLINA
499,Local 1,7703255334908,7703255334908,Bombillo 9w multilux,autoservicio servitodo thaliana,3700,97,CAROLINA DE GARZON SOCIEDAD DEPOSITO CAROLINA
500,Local 1,9001202451509,9001202451509,bombillo amarillo 100 w,aseo,2000,8,DISTRIVENTAS DEL HUILA
501,Local 1,7708200688112,7708200688112,Bombillo duralight 20w,aseo,10000,98,CAROLINA DE GARZON SOCIEDAD DEPOSITO CAROLINA
502,Local 1,9300601259335,9300601259335,bombillo economico,abarrotes,2100,10,DISTRIHOGAR B.B
503,Local 1,7593758011167,7593758011167,Bombillo evergreen 9w,autoservicio servitodo thaliana,4500,94,CAROLINA DE GARZON SOCIEDAD DEPOSITO CAROLINA
504,Local 1,6972345615628,6972345615628,Bombillo globy 9w,CATEGORIA ESTANDAR,4300,98,CAROLINA DE GARZON SOCIEDAD DEPOSITO CAROLINA
505,Local 1,7707489079758,7707489079758,Bombillo led 12w titanium,autoservicio servitodo thaliana,4000,96,CAROLINA DE GARZON SOCIEDAD DEPOSITO CAROLINA
506,Local 1,7707489077228,7707489077228,Bombillo LED Titanium 20W,abarrotes,23200,3,PLASTICO SURCOLOMBIANO
507,Local 1,7707489079130,7707489079130,Bombillo LED Titanium 50w,abarrotes,31000,0,PLASTICO SURCOLOMBIANO
508,Local 1,7707489072179,7707489072179,Bombillo LED Titanium 9W,abarrotes,2900,5,PLASTICO SURCOLOMBIANO
509,Local 1,872654651,8741346,Bombom super hyper hot,dulceria,500,25,CAROLINA DE GARZON SOCIEDAD DEPOSITO CAROLINA
510,Local 1,784125,74122,Bombom Supercoco unidad,dulceria,600,91,COLOMBINA DISTRIBUCIONES
511,Local 1,1411,1411,Bombom unidad,CATEGORIA ESTANDAR,500,807,CAROLINA DE GARZON SOCIEDAD DEPOSITO CAROLINA
512,Local 1,7702532370974,7702532370974,bon aire baby fresh x 400 ml,aseo,9400,1,DISTRIMARIO SAS
513,Local 1,7702532370912,7702532370912,Bon aire canela,aseo,11000,99,CAROLINA DE GARZON SOCIEDAD DEPOSITO CAROLINA
514,Local 1,7702532476836,7702532476836,bon aire fragancia a bambu x 40 ml,aseo,8500,2,DISTRIMARIO SAS
515,Local 1,7702532312103,7702532312103,bon aire fragancia x 40 ml,aseo,9900,102,DISTRIMARIO SAS
516,Local 1,7702532370707,7702532370707,bon aire frutos rojos mora silvestre x 400 ml,aseo,9400,1,DISTRIMARIO SAS
517,Local 1,7702532370943,7702532370943,Bon aire lavanda,aseo,11000,99,CAROLINA DE GARZON SOCIEDAD DEPOSITO CAROLINA
518,Local 1,7702532312127,7702532312127,Bon aire varitas vainilla,aseo,9900,99,CAROLINA DE GARZON SOCIEDAD DEPOSITO CAROLINA
519,Local 1,7702137004045,7702137004045,Bon bril *16,CATEGORIA ESTANDAR,7300,2,DISTRICUELLAR DISTRIBUCIONES CUELLAR
520,Local 1,118,118,bon ice doble fresa-azul,bebidas,1000,18,ALVARO MUÑOZ
521,Local 1,119,119,bon ice doble mango-limon,bebidas,1000,12,ALVARO MUÑOZ
522,Local 1,120,120,bon ice fresa sencillo,bebidas,800,14,ALVARO MUÑOZ
523,Local 1,121,121,bon ice maracuya,bebidas,800,18,ALVARO MUÑOZ
524,Local 1,7702001157440,7702001157440,bon yurt 1,lacteos,3600,4,ALPINA .
525,Local 1,7702001086498,7702001086498,bon yurt blach x 173 g,lacteos,5000,30,ALPINA .
526,Local 1,7702001175451,7702001175451,bon yurt buuum bastico 170 gr,lacteos,4900,30,ALPINA .
527,Local 1,7702001086054,7702001086054,bon yurt choco krispis x 169 g,lacteos,5000,943,ALPINA .
528,Local 1,7702001086337,7702001086337,bon yurt chokogozzo x 171 g,lacteos,5000,945,ALPINA .
529,Local 1,7702001177806,7702001177806,Bon Yurt JET,lacteos,5000,39,ALPINA .
530,Local 1,7702001176519,7702001176519,Bon yurt morenitas,CATEGORIA ESTANDAR,4900,31,ALPINA .
531,Local 1,7702001124763,7702001124763,bon yurt piazza x 174 g,lacteos,5000,963,ALPINA .
532,Local 1,7702001086023,7702001086023,bon yurt zucaritas x 170 g,lacteos,5000,940,ALPINA .
533,Local 1,7702532370905,7702532370905,bonaire 400 ml,aseo,9700,1,MD DISTRIBUCIONES
534,Local 1,250,250,bonbon bum,dulceria,300,30,COLOMBINA DISTRIBUCIONES
535,Local 1,7702011089090,7702011089090,bonbon bum cereza intensa 456 gr,abarrotes,10000,5,COLOMBINA DISTRIBUCIONES
536,Local 1,7702011161505,7702011161505,bonbon bum sandia sensations x 24 unidades,CATEGORIA ESTANDAR,10200,1,COLOMBINA DISTRIBUCIONES
537,Local 1,7702011242570,7702011242570,bonbon bum surtido x 24 u,dulceria,11200,101,COLOMBINA DISTRIBUCIONES
538,Local 1,7702011224293,7702011224293,BonBonBum frea intensa,dulceria,11600,19,COLOMBINA DISTRIBUCIONES
539,Local 1,7702011169396,7702011169396,Bonbonbum limonada pink,dulceria,11200,100,CAROLINA DE GARZON SOCIEDAD DEPOSITO CAROLINA
540,Local 1,7702011167101,7702011167101,BonBonBum Manzana Postobon x24,dulceria,11200,102,COLOMBINA DISTRIBUCIONES
541,Local 1,7702011171320,7702011171320,Bonbonbum seleccion,dulceria,11500,99,CAROLINA DE GARZON SOCIEDAD DEPOSITO CAROLINA
542,Local 1,7702011076557,7702011076557,Bonbonbum surtido tropical,dulceria,11500,100,CAROLINA DE GARZON SOCIEDAD DEPOSITO CAROLINA
543,Local 1,7702057841171,7702057841171,bonfies plus,medicamentos,4500,9,DISTRIVENTAS DEL HUILA
544,Local 1,114455,114455,Bonice doble,bebidas,1200,11,CAROLINA DE GARZON SOCIEDAD DEPOSITO CAROLINA
545,Local 1,150,150,bonice sabor a fresa,bebidas,1000,12,ALVARO MUÑOZ
546,Local 1,132707,132707,bonice sabor a limon,bebidas,1000,7,ALPINA .
547,Local 1,49,49,bosa de basura mediana,aseo,500,60,PLASTICO SURCOLOMBIANO
548,Local 1,7702005601451,7702005601451,boston cigarillos x 10,abarrotes,7000,3,ALVARO MUÑOZ
549,Local 1,125,125,boston x umidad,aseo,1000,40,ALVARO MUÑOZ
550,Local 1,159,159,Botellon Cristal,bebidas,16000,4,InterPOS
551,Local 1,7702090006445,7702090006445,botellon x 20 litros,bebidas,16000,102,InterPOS
552,Local 1,7702090029543,7702090029543,bretaña postobon x 1.5 litros,bebidas,5000,70,ALVARO MUÑOZ
553,Local 1,7702090020847,7702090020847,bretaña x 300 ml,bebidas,3000,31,InterPOS
554,Local 1,7702011271723,7702011271723,Bridge arequipe individual,CATEGORIA ESTANDAR,800,7,COLOMBINA DISTRIBUCIONES
555,Local 1,7702011271396,7702011271396,bridge chocolate 10 paquetes x 300 g,dulceria,8200,94,COLOMBINA DISTRIBUCIONES
556,Local 1,7702011277893,7702011277893,BRIDGE CHOCOLATE,dulceria,1000,3,COLOMBINA DISTRIBUCIONES
557,Local 1,7702011271730,7702011271730,Bridge freesa,dulceria,900,99,CAROLINA DE GARZON SOCIEDAD DEPOSITO CAROLINA
558,Local 1,7702011271426,7702011271426,bridge ind arequipe x 10 unid,CATEGORIA ESTANDAR,8200,107,COLOMBINA DISTRIBUCIONES
559,Local 1,7702011271440,7702011271440,bridge ind fresa x 10 un,dulceria,8200,96,COLOMBINA DISTRIBUCIONES
560,Local 1,7702011276353,7702011276353,bridge ind limonx 10 uni,dulceria,8200,97,COLOMBINA DISTRIBUCIONES
561,Local 1,7702011276438,7702011276438,Bridge limon x und,dulceria,900,77,CAROLINA DE GARZON SOCIEDAD DEPOSITO CAROLINA
562,Local 1,7702011271600,7702011271600,bridge naranja,CATEGORIA ESTANDAR,1000,5,ALPINA .
563,Local 1,77040985,77040985,Bridge quimbaya,dulceria,500,85,COLOMBINA DISTRIBUCIONES
564,Local 1,7702011271778,7702011271778,Bridge ron con pasas,dulceria,900,101,COLOMBINA DISTRIBUCIONES
565,Local 1,7702011207173,7702011207173,Bridge vainilla,CATEGORIA ESTANDAR,1700,3,CAROLINA DE GARZON SOCIEDAD DEPOSITO CAROLINA
566,Local 1,7702011271457,7702011271457,bridge wafer naranja x 300 g,dulceria,8100,108,COLOMBINA DISTRIBUCIONES
567,Local 1,7702011271372,7702011271372,bridge wafer vainilla x 300 g,dulceria,8200,96,COLOMBINA DISTRIBUCIONES
568,Local 1,7702011203687,7702011203687,bridge wafer vainilla x 9 paquetes,CATEGORIA ESTANDAR,14800,1,COLOMBINA DISTRIBUCIONES
569,Local 1,5904543091493,5904543091493,brillo matrix stainless,aseo,800,64,TECNOVENTAS DISTRIBUCIONES
570,Local 1,7702011269942,7702011269942,Brinky chocolate,dulceria,1400,1002,COLOMBINA DISTRIBUCIONES
571,Local 1,7702011269904,7702011269904,brinky chocolate  x 500 g,dulceria,12200,194,COLOMBINA DISTRIBUCIONES
572,Local 1,7702011205070,7702011205070,Brinky Chocolate 12 paq.x4,dulceria,10000,100,COLOMBINA DISTRIBUCIONES
573,Local 1,7702011269959,7702011269959,brinky fresa,CATEGORIA ESTANDAR,1300,5,BIMBO DISTRIVENTAS DEL SUR
574,Local 1,7702011269911,7702011269911,brinky fresa x 500 g,dulceria,12200,100,COLOMBINA DISTRIBUCIONES
575,Local 1,7702011269928,7702011269928,brinky limon 500 gr 20 un,CATEGORIA ESTANDAR,12300,9,COLOMBINA DISTRIBUCIONES
576,Local 1,7702011205780,7702011205780,Brinky Mis-tery x 10 paq.,CATEGORIA ESTANDAR,1300,9,COLOMBINA DISTRIBUCIONES
577,Local 1,7702011208187,7702011208187,Brinky mixtery,CATEGORIA ESTANDAR,12300,50,CAROLINA DE GARZON SOCIEDAD DEPOSITO CAROLINA
578,Local 1,7702011202611,7702011202611,Brinky pinta lenguas,CATEGORIA ESTANDAR,1100,10,CAROLINA DE GARZON SOCIEDAD DEPOSITO CAROLINA
579,Local 1,7702011203649,7702011203649,brinky pinta lenguas x 500 g,CATEGORIA ESTANDAR,10900,1,COLOMBINA DISTRIBUCIONES
580,Local 1,7702011269935,7702011269935,brinky vainilla x 500 g,dulceria,12200,100,COLOMBINA DISTRIBUCIONES
581,Local 1,7702011205056,7702011205056,Brinky vainilla x12,dulceria,10000,107,COLOMBINA DISTRIBUCIONES
582,Local 1,7702011269973,7702011269973,Brinky vainilla x6,CATEGORIA ESTANDAR,1200,10,COLOMBINA DISTRIBUCIONES
583,Local 1,7701027910060,7701027910060,brio esponja metalizada,aseo,4200,3,DISTRIMARIO SAS
584,Local 1,7701027910039,7701027910039,Brio esponja oro plata,aseo,3200,18,DISTRIHOGAR B.B
585,Local 1,7702535012857,7702535012857,Brisa con gas lima Limon x600mL,bebidas,2500,1,COCACOLA DISTRIBUCIONES
586,Local 1,7702535013212,7702535013212,brisa con gas manzana,bebidas,2800,84,COCACOLA DISTRIBUCIONES
587,Local 1,7702535030660,7702535030660,brisa con gas maracuya,CATEGORIA ESTANDAR,2500,6,COCACOLA DISTRIBUCIONES
588,Local 1,7702914600446,7702914600446,Brownie arequipe,CATEGORIA ESTANDAR,17500,1,CAROLINA DE GARZON SOCIEDAD DEPOSITO CAROLINA
589,Local 1,7705326079008,7705326079008,brownie arequipe 75 gr,dulceria,4300,1,BIMBO DISTRIVENTAS DEL SUR
590,Local 1,7708161575803,7708161575803,brownie casero 100 gr,abarrotes,2000,947,ALVARO MUÑOZ
591,Local 1,7705326079060,7705326079060,brownie chocolate x 65 g,dulceria,3800,1,BIMBO DISTRIVENTAS DEL SUR
592,Local 1,7705326839176,7705326839176,brownie milo bimbo x 50 g,CATEGORIA ESTANDAR,3200,5,BIMBO DISTRIVENTAS DEL SUR
593,Local 1,7702914160308,7702914160308,brownie sabor a arequipe x 65 g,dulceria,3500,101,RAMO .
594,Local 1,7702133879494,7702133879494,Bubbaloo Sparkies,dulceria,1700,78,COLOMBINA DISTRIBUCIONES
595,Local 1,232,232,bubbaloo sparkies individual,dulceria,300,995,COLOMBINA DISTRIBUCIONES
596,Local 1,7702133462276,7702133462276,bubbaloo sparkies x 70,dulceria,20300,1,ALPINA .
597,Local 1,306,306,bubbaloo verdad o reto x unidad,dulceria,300,40,ALVARO MUÑOZ
598,Local 1,7706649289129,7706649289129,bucaro x 250 g,abarrotes,3000,789,CAROLINA DE GARZON SOCIEDAD DEPOSITO CAROLINA
599,Local 1,7702004110596,7702004110596,Budweiser,CATEGORIA ESTANDAR,3000,99,CAROLINA DE GARZON SOCIEDAD DEPOSITO CAROLINA
600,Local 1,7702026150167,7702026150167,buenas noches nosotras 24uni,aseo,21000,1,DISTRIMARIO SAS
601,Local 1,7708773299739,7708773299739,Buñuelos Ricostumbres,CATEGORIA ESTANDAR,3200,10,COLOMBINA DISTRIBUCIONES
602,Local 1,7702007055986,7702007055986,burbu jet crujivainilla 50 gr,dulceria,6000,100,ALPINA .
603,Local 1,7702007061154,7702007061154,BurbyJet cookies and cream,CATEGORIA ESTANDAR,6000,93,GERDY DISTRIBUCIONES
604,Local 1,7703202221336,7703202221336,buscapina compuesta x unidad,medicamentos,2000,9,INVERSIONES GUTIERREZ EQCO
605,Local 1,7703202221275,7703202221275,buscapina fem x unidad,medicamentos,2000,101,INVERSIONES GUTIERREZ EQCO
606,Local 1,7702085012079,7702085012079,Cabello de Angel Doria x250g,autoservicio servitodo thaliana,2400,114,GERDY DISTRIBUCIONES
607,Local 1,185,183,Cabuya 200g,autoservicio servitodo thaliana,3900,0,CAROLINA DE GARZON SOCIEDAD DEPOSITO CAROLINA
608,Local 1,7707199660741,7707199660741,cafe aroma polvo x 170 g,abarrotes,26300,1,GERDY DISTRIBUCIONES
609,Local 1,7702088212933,7702088212933,cafe aroma polvo x 45 g,abarrotes,10000,0,GERDY DISTRIBUCIONES
610,Local 1,7707199660352,7707199660352,cafe aroma polvo x 85 g,abarrotes,17800,2,GERDY DISTRIBUCIONES
611,Local 1,7702088343903,7702088343903,cafe aroma x 125 g,abarrotes,6800,5,MD DISTRIBUCIONES
612,Local 1,7702088214326,7702088214326,cafe aroma x 200 g,abarrotes,11500,3,MD DISTRIBUCIONES
613,Local 1,7702088214678,7702088214678,Cafe Aroma x100g,abarrotes,5600,7,GERDY DISTRIBUCIONES
614,Local 1,7707211631728,7707211631728,Cafe Buendia 10g,CATEGORIA ESTANDAR,1700,3,COLOMBINA DISTRIBUCIONES
615,Local 1,7707211630219,7707211630219,Cafe buendia 50g,CATEGORIA ESTANDAR,16000,100,COLOMBINA DISTRIBUCIONES
616,Local 1,7707211633654,7707211633654,Cafe buendia amarillo,CATEGORIA ESTANDAR,2000,5,CAROLINA DE GARZON SOCIEDAD DEPOSITO CAROLINA
617,Local 1,7707211630912,7707211630912,cafe buendia clasico x 85 g,abarrotes,19000,1,GERDY DISTRIBUCIONES
618,Local 1,7707211630592,7707211630592,Cafe Buendia vainilla 50g,CATEGORIA ESTANDAR,18400,99,COLOMBINA DISTRIBUCIONES
619,Local 1,268,268,cafe capiz 125 gr,abarrotes,9000,8,ALVARO MUÑOZ
620,Local 1,75,75,cafe capiz x 250 g,abarrotes,15000,1,COOCENTRAL .
621,Local 1,74,74,cafe capiz x 500 g,CATEGORIA ESTANDAR,29000,2,COOCENTRAL .
622,Local 1,7709990333190,7709990333190,CAFE CLASICO DON MAXIMO,abarrotes,10000,94,CAROLINA DE GARZON SOCIEDAD DEPOSITO CAROLINA
623,Local 1,7709990333114,7709990333114,CAFE CLASICO DON MAXIMO  X 250G,CATEGORIA ESTANDAR,19500,87,CAROLINA DE GARZON SOCIEDAD DEPOSITO CAROLINA
624,Local 1,7709990333183,7709990333183,CAFE CLASICO DON MAXIMO X 500G,CATEGORIA ESTANDAR,36000,2,ALPINA .
625,Local 1,7702032253135,7702032253135,cafe colcafe clasico x 85 g,abarrotes,16700,2,GERDY DISTRIBUCIONES
626,Local 1,7485145465,56124654,Cafe del peñon 500gr,abarrotes,30000,99,CAROLINA DE GARZON SOCIEDAD DEPOSITO CAROLINA
627,Local 1,7709736536106,7709736536106,Cafe don maximo Coocentral 50gr,CATEGORIA ESTANDAR,5300,6,CAROLINA DE GARZON SOCIEDAD DEPOSITO CAROLINA
628,Local 1,00123,00123,Cafe El Vegon SAS 120gr,abarrotes,6000,84,CAROLINA DE GARZON SOCIEDAD DEPOSITO CAROLINA
629,Local 1,001234,001234,Cafe El Vegon SAS 220gr,abarrotes,12000,82,CAROLINA DE GARZON SOCIEDAD DEPOSITO CAROLINA
630,Local 1,0012345,0012345,Cafe El Vegon SAS 425gr,abarrotes,24000,97,CAROLINA DE GARZON SOCIEDAD DEPOSITO CAROLINA
631,Local 1,295,295,Cafe especial Opicafe x250gr,CATEGORIA ESTANDAR,16800,1002,GERDY DISTRIBUCIONES
632,Local 1,7707303040025,7707303040025,Cafe Especial Opicafe x500g,CATEGORIA ESTANDAR,33000,1000,GERDY DISTRIBUCIONES
633,Local 1,123789,123789,Cafe Extra 125gr Agropecuaria Copacabana,CATEGORIA ESTANDAR,7800,95,CAROLINA DE GARZON SOCIEDAD DEPOSITO CAROLINA
634,Local 1,123456456,123456456,Cafe Extra 250gr Agropecuaria Copacabana,CATEGORIA ESTANDAR,15000,91,CAROLINA DE GARZON SOCIEDAD DEPOSITO CAROLINA
635,Local 1,784965,74857448,Cafe extra 500gr Agropecuaria Copacabana,abarrotes,28500,85,CAROLINA DE GARZON SOCIEDAD DEPOSITO CAROLINA
636,Local 1,18,18,cafe family coffee x 500 g,abarrotes,19000,3,DISTRICUELLAR DISTRIBUCIONES CUELLAR
637,Local 1,7702993055595,7702993055595,cafe gurme x 100 unidades,CATEGORIA ESTANDAR,8400,1,DISTRIMARIO SAS
638,Local 1,7780201379619,7780201379619,CAFE JUANVA 250 GR,abarrotes,12000,98,ALVARO MUÑOZ
639,Local 1,7780201379626,7780201379626,CAFE JUANVA 500 GR,abarrotes,22500,99,ALVARO MUÑOZ
640,Local 1,127,127,cafe kaleg x 125 gr,abarrotes,7200,6,ALVARO MUÑOZ
641,Local 1,19,19,cafe kaleg x 250 g,abarrotes,13800,0,COLOMBINA DISTRIBUCIONES
642,Local 1,128,128,cafe kaleg x 500 gr,abarrotes,28000,0,ALVARO MUÑOZ
643,Local 1,7702032120352,7702032120352,CAFE LA BASTILLA 40G,autoservicio servitodo thaliana,2500,31,GERDY DISTRIBUCIONES
644,Local 1,7703114201327,7702032120390,cafe la bastilla fuerte x 200 g,abarrotes,10000,12,GERDY DISTRIBUCIONES
645,Local 1,7703114201228,7703114201228,cafe la bastilla x 125 g,abarrotes,6600,4,GERDY DISTRIBUCIONES
646,Local 1,7702032118762,7702032118762,cafe la bastilla x 390 g,abarrotes,21000,3,GERDY DISTRIBUCIONES
647,Local 1,7702032111084,7702032111084,cafe la bastilla x 50 g,aseo,2500,13,GERDY DISTRIBUCIONES
648,Local 1,7709990962727,7709990962727,cafe la molienda x 125 g,abarrotes,7000,2,DISTRIMARIO SAS
649,Local 1,7451101870109,7451101870109,cafe la molienda x 250 g,abarrotes,12000,6,DISTRICUELLAR DISTRIBUCIONES CUELLAR
650,Local 1,7709990962734,7709990962734,cafe la molienda x 50 g,abarrotes,4500,2,DISTRIMARIO SAS
651,Local 1,7702088214685,7702088214685,cafe lukafe intenso x 100 g,abarrotes,6400,92,MD DISTRIBUCIONES
652,Local 1,7702088214333,7702088214333,cafe lukafe intenso x 200 g,abarrotes,12800,1,MD DISTRIBUCIONES
653,Local 1,7702088207205,7702088207205,cafe lukafe intenso x 400 g,abarrotes,24000,2,MD DISTRIBUCIONES
654,Local 1,7703045000044,7703045000044,cafe morasurco x 125 g,abarrotes,7500,2,DISTRICUELLAR DISTRIBUCIONES CUELLAR
655,Local 1,7703045000037,7703045000037,cafe morasurco x 250 g,abarrotes,15300,2,DISTRICUELLAR DISTRIBUCIONES CUELLAR
656,Local 1,7703045553342,7703045553342,cafe morasurco x 400 g,abarrotes,22000,3,DISTRICUELLAR DISTRIBUCIONES CUELLAR
657,Local 1,7703045000051,7703045000051,cafe morasurco x 50 g,abarrotes,2600,13,DISTRICUELLAR DISTRIBUCIONES CUELLAR
658,Local 1,7709691225220,7709691225220,cafe reforma de la montaña x 250 g,abarrotes,15000,16,DISTRICUELLAR DISTRIBUCIONES CUELLAR
659,Local 1,7709691225206,7709691225206,cafe reforma de la montaña x 500 g,abarrotes,30000,998,DISTRICUELLAR DISTRIBUCIONES CUELLAR
660,Local 1,7702032252251,7702032252251,cafe sello rojo x 125 g,abarrotes,7900,2,GERDY DISTRIBUCIONES
661,Local 1,7702032117826,7702032117826,cafe sello rojo x 212 g,abarrotes,13000,30,GERDY DISTRIBUCIONES
662,Local 1,7702032120345,7702032120345,cafe sello rojo x 40 g,abarrotes,2500,891,GERDY DISTRIBUCIONES
663,Local 1,7702032117833,7702032117833,cafe sello rojo x 425 g,abarrotes,24000,98,GERDY DISTRIBUCIONES
664,Local 1,7702032120338,7702032120338,Cafe Sello Rojo x110g,CATEGORIA ESTANDAR,7000,6,GERDY DISTRIBUCIONES
665,Local 1,218,218,cafe taza de oro 250 mg,abarrotes,15600,0,ALVARO MUÑOZ
666,Local 1,216,216,cafe taza de oro 500 mg,abarrotes,30000,2,ALVARO MUÑOZ
667,Local 1,7708024204758,7708024204758,cafe tostado selecto x 200 g,abarrotes,14800,96,InterPOS
668,Local 1,7708024204611,7708024204611,cafe tostado selecto x 454,abarrotes,28500,3,InterPOS
669,Local 1,7708146541274,7708146541274,Caja de Achiras Acacias 110g,CATEGORIA ESTANDAR,9200,99,CAROLINA DE GARZON SOCIEDAD DEPOSITO CAROLINA
670,Local 1,7702766099238,7702766099238,Caladitos santa clara 300gr,autoservicio servitodo thaliana,7800,97,CAROLINA DE GARZON SOCIEDAD DEPOSITO CAROLINA
671,Local 1,7702024277842,7702024277842,caldo con costilla desmenuzado x 9 g,abarrotes,500,70,PROGRESAR NESTLE
672,Local 1,7702024231103,7702024231103,caldo con costilla pague 48 lleve 54 cubos,abarrotes,18800,1,PROGRESAR NESTLE
673,Local 1,7702024374763,7702024374763,caldo de gallina desmenuzado x 9 g,abarrotes,500,25,PROGRESAR NESTLE
674,Local 1,7702024027591,7702024027591,caldo de gallina x 12 cubos,abarrotes,6200,8,PROGRESAR NESTLE
675,Local 1,7702024027577,7702024027577,caldo de gallina x 8 cubos,abarrotes,4300,101,PROGRESAR NESTLE
676,Local 1,7708146541656,7708146541656,calentano de trigo las acacias x 100 g,abarrotes,2200,2,FELINI DISTRIBUCIONES
677,Local 1,7702109004592,7702109004592,Campi 125gr,autoservicio servitodo thaliana,5300,95,CAROLINA DE GARZON SOCIEDAD DEPOSITO CAROLINA
678,Local 1,7707533625160,7707533625160,Canada dry,bebidas,5000,73,CAROLINA DE GARZON SOCIEDAD DEPOSITO CAROLINA
679,Local 1,7707533626532,7707533626532,Canada dry 400ml,CATEGORIA ESTANDAR,2500,990,COCACOLA DISTRIBUCIONES
680,Local 1,7702175111170,7702175111170,CANELA EN ASTILLA EL REY X11G,abarrotes,2600,89,DISTRIALDANA .
681,Local 1,7702175111194,7702175111194,CANELA EN ASTILLA EL REY X20G,abarrotes,4600,34,DISTRIALDANA .
682,Local 1,7709880458934,7709880458934,canela en polvo gavius  x 40 g,abarrotes,2000,20,COMESTIBLES LABOYANA
683,Local 1,105,105,canela la negra,abarrotes,2000,2,CAROLINA DE GARZON SOCIEDAD DEPOSITO CAROLINA
684,Local 1,103,103,canela la negra,abarrotes,500,16,CAROLINA DE GARZON SOCIEDAD DEPOSITO CAROLINA
685,Local 1,104,104,canela la negra,abarrotes,1000,53,CAROLINA DE GARZON SOCIEDAD DEPOSITO CAROLINA
686,Local 1,96,96,canela molida la negra,abarrotes,1000,9,CAROLINA DE GARZON SOCIEDAD DEPOSITO CAROLINA
687,Local 1,97,97,canela molida la negra,abarrotes,500,8,CAROLINA DE GARZON SOCIEDAD DEPOSITO CAROLINA
688,Local 1,7702175158823,7702175158823,canela pura molida x 30 gr,abarrotes,5000,18,DISTRIALDANA .
689,Local 1,77072030,77072030,capri fresa 12g,dulceria,500,21,ALPINA .
690,Local 1,7702011200914,7702011200914,capri vainilla 24 paquetes x 288 g,dulceria,8500,3,COLOMBINA DISTRIBUCIONES
691,Local 1,7702011200907,7702011200907,capri wafer 24 paquetes x 288 g,dulceria,8200,82,COLOMBINA DISTRIBUCIONES
692,Local 1,77076052,77076052,capri x 12 gr,abarrotes,500,1,COLOMBINA DISTRIBUCIONES
693,Local 1,7702011016836,7702011016836,caramelo dulce duro x 100 unidades,dulceria,8200,90,COLOMBINA DISTRIBUCIONES
694,Local 1,7702011121875,7702011121875,Caramelo duro Relleno x100und,CATEGORIA ESTANDAR,6200,6,COLOMBINA DISTRIBUCIONES
695,Local 1,7701008839694,7701008839694,Care 1.5L Frutos rojos rep,aseo,11000,1,CAROLINA DE GARZON SOCIEDAD DEPOSITO CAROLINA
696,Local 1,7701008839670,7701008839670,Care avena 1.5L rep,aseo,11000,1,CAROLINA DE GARZON SOCIEDAD DEPOSITO CAROLINA
697,Local 1,7702031501398,7702031501398,Carefree,CATEGORIA ESTANDAR,1600,1,CAROLINA DE GARZON SOCIEDAD DEPOSITO CAROLINA
698,Local 1,7702310022361,7702310022361,Carey exfoliacion natural,aseo,3000,6,CAROLINA DE GARZON SOCIEDAD DEPOSITO CAROLINA
699,Local 1,7702025120000,7702025120000,CARVE CAJA X165G,CATEGORIA ESTANDAR,5800,104,GERDY DISTRIBUCIONES
700,Local 1,7702025120048,7702025120048,carve proteina vegetal de soya x 330 g,abarrotes,8700,1,DISTRIMARIO SAS
701,Local 1,7702521427320,7702521427320,Cat Chow x200g Salmon Carne y pollo,CATEGORIA ESTANDAR,3600,5,PROGRESAR NESTLE
702,Local 1,70,70,caucho grueso surtido,aseo,1000,91,DISTRIHOGAR B.B
703,Local 1,1144778899,1144778899,Cebolla Cabezona,CATEGORIA ESTANDAR,0,20,CAROLINA DE GARZON SOCIEDAD DEPOSITO CAROLINA
704,Local 1,7702175108378,7702175108378,CEBOLLA EL REY X 60 GR,abarrotes,1500,101,DISTRIALDANA .
705,Local 1,7708998496661,7708998496661,Cebolla en polvo gavius,autoservicio servitodo thaliana,1200,9,DISTRIALDANA .
706,Local 1,114477,114477,Cebolla Larga,CATEGORIA ESTANDAR,0,20,CAROLINA DE GARZON SOCIEDAD DEPOSITO CAROLINA
707,Local 1,7707202220429,7707202220429,Cepillo adulto Corona,CATEGORIA ESTANDAR,2000,12,DISTRIHOGAR B.B
708,Local 1,7709892505367,7709892505367,cepillo adulto protedent,aseo,1500,12,DISTRIHOGAR B.B
709,Local 1,6910021007206,6910021007206,Cepillo Colgate,aseo,2800,109,CAROLINA DE GARZON SOCIEDAD DEPOSITO CAROLINA
710,Local 1,7793100151224,7793100151224,Cepillo colgate kids,aseo,2800,28,DISTRIMARIO SAS
711,Local 1,7707202224076,7707202224076,cepillo corona children,aseo,1800,12,TECNOVENTAS DISTRIBUCIONES
712,Local 1,7707202223680,7707202223680,Cepillo Corona james,aseo,2200,12,CAROLINA DE GARZON SOCIEDAD DEPOSITO CAROLINA
713,Local 1,7707202223604,7707202223604,Cepillo corona james adulto,CATEGORIA ESTANDAR,2000,97,CAROLINA DE GARZON SOCIEDAD DEPOSITO CAROLINA
714,Local 1,7707202226100,7707202226100,cepillo corona niño,abarrotes,1800,10,ALVARO MUÑOZ
715,Local 1,7709990086010,7709990086010,cepillo de mano,aseo,5000,20,PLASTICO SURCOLOMBIANO
716,Local 1,320,320,cepillo de mano  plano plastico huila,aseo,3500,99,PLASTICO SURCOLOMBIANO
717,Local 1,7708781552574,7708781552574,Cepillo de mano plancha cerdas suaves,aseo,4700,98,PLASTICO SURCOLOMBIANO
718,Local 1,7708304268081,7708304268081,Cepillo de piso Andecol,aseo,7000,0,PLASTICO SURCOLOMBIANO
719,Local 1,02,02,cepillo de piso rd,aseo,6900,1,PLASTICO SURCOLOMBIANO
720,Local 1,7702560042058,7702560042058,cepillo dental fluocarden,aseo,3000,0,DISTRICUELLAR DISTRIBUCIONES CUELLAR
721,Local 1,7708416000302,7708416000302,Cepillo Infinita,CATEGORIA ESTANDAR,1700,7,CAROLINA DE GARZON SOCIEDAD DEPOSITO CAROLINA
722,Local 1,7708781552178,7708781552178,Cepillo Lava Motos,aseo,8500,9,PLASTICO SURCOLOMBIANO
723,Local 1,7702480001098,7702480001098,cepillo N- 4,aseo,6600,3,DISTRIMARIO SAS
724,Local 1,7704631800079,7704631800079,cepillo oral plus economico,aseo,1300,12,DISTRIMARIO SAS
725,Local 1,7500435144476,7500435144476,cepillo pro x 2 pack,aseo,5200,6,SURTILIMA .
726,Local 1,3014260846725,3014260846725,cepillo PROcompact Oral B,CATEGORIA ESTANDAR,2500,3,SURTILIMA .
727,Local 1,7708781552123,7708781552123,cepillo sanitario,aseo,6500,1,PLASTICO SURCOLOMBIANO
728,Local 1,7708920790911,7708920790911,Cepillo Sanitario,aseo,6500,9,PLASTICO SURCOLOMBIANO
729,Local 1,7708781552871,7708781552871,Cepillo sanitario Eco Elephant,aseo,6000,96,PLASTICO SURCOLOMBIANO
730,Local 1,7326560531,7707326560531,cepillo tr titan fluor,aseo,4500,9,DISTRIHOGAR B.B
731,Local 1,7702006406352,7702006406352,Cera ego,CATEGORIA ESTANDAR,1500,96,DISTRICUELLAR DISTRIBUCIONES CUELLAR
732,Local 1,7702006300063,7702006300063,cera para peinar ego x 60ml,aseo,4500,9,DISTRIMARIO SAS
733,Local 1,7703348909280,7703348909280,cereal anillos frutales x 30 g,abarrotes,800,1,COMESTIBLES LABOYANA
734,Local 1,7709222632428,7709222632428,Cereal Arroz Fresy 240g,dulceria,5200,7,COMESTIBLES LABOYANA
735,Local 1,7705960000130,7705960000130,Cereal blanco cordoba cebada,CATEGORIA ESTANDAR,1400,1011,CAROLINA DE GARZON SOCIEDAD DEPOSITO CAROLINA
736,Local 1,7707359360016,7707359360016,cereal blano x 125 g,abarrotes,1200,13,DISTRIMARIO SAS
737,Local 1,7703348909303,7703348909303,cereal boli choco x 30 g,abarrotes,800,3,COMESTIBLES LABOYANA
738,Local 1,7709979133957,7709979133957,Cereal Boli CHocolataditas 240g,dulceria,5200,5,COMESTIBLES LABOYANA
739,Local 1,7703348909266,7703348909266,cereal hojuelas azucaradas x 30 g,abarrotes,800,1,COMESTIBLES LABOYANA
740,Local 1,7705960000123,7705960000123,cereal ideal blanco bolsa anaranjada 120 gr,abarrotes,1400,993,ALVARO MUÑOZ
741,Local 1,7705960000147,7705960000147,cereal ideal blanco bolsa verde 120 gr,abarrotes,1400,1012,ALVARO MUÑOZ
742,Local 1,7707062111257,7707062111257,cereal ideal x 125 g,abarrotes,1700,949,DISTRIMARIO SAS
743,Local 1,7707062112506,7707062112506,cereal ideal x 250 g,abarrotes,3800,968,CAROLINA DE GARZON SOCIEDAD DEPOSITO CAROLINA
744,Local 1,7702354945305,7702354945305,cerebrit-10 x 15 g,abarrotes,1300,97,DISTRICUELLAR DISTRIBUCIONES CUELLAR
745,Local 1,8445291798267,8445291798267,Cerelac Trigo y leche 100g,CATEGORIA ESTANDAR,7200,1,PROGRESAR NESTLE
746,Local 1,7708566677324,7708566677324,Cereza Dcosecha bombillo x250g,abarrotes,9200,4,DISTRIMARCA HELADOS
747,Local 1,7702004001917,7702004001917,cerveza aguila 350 ml,bebidas,3500,88,BAVARIA DISTRIBUCIONES
748,Local 1,7702004001955,7702004001955,cerveza aguila light 350 ml,bebidas,3500,83,BAVARIA DISTRIBUCIONES
749,Local 1,7702004001924,7702004001924,cerveza aguila six pac x 6 unidades,bebidas,21000,987,BAVARIA DISTRIBUCIONES
750,Local 1,7707430872100,7707430872100,Cerveza Andina Dorada,bebidas,2500,81,InterPOS
751,Local 1,7702004110619,7702004110619,Cerveza Budweiser x6,bebidas,20000,20,BAVARIA DISTRIBUCIONES
752,Local 1,7702004006783,7702004006783,cerveza club colombia 473 ml,bebidas,3800,6,BAVARIA DISTRIBUCIONES
753,Local 1,7702004003539,7702004003539,cerveza club colombia dorada 330 ml,bebidas,23000,10,BAVARIA DISTRIBUCIONES
754,Local 1,7702004003508,7702004003508,Cerveza Club Colombia Dorada lata,bebidas,4000,6,BAVARIA DISTRIBUCIONES
755,Local 1,7702004110725,7702004110725,Cerveza coronita extra x6 sixpack,bebidas,21000,996,BAVARIA DISTRIBUCIONES
756,Local 1,7702004004932,7702004004932,cerveza costeña 350 ml,bebidas,3000,49,BAVARIA DISTRIBUCIONES
757,Local 1,7702004010681,7702004010681,Cerveza michelob ultra,bebidas,3000,0,BAVARIA DISTRIBUCIONES
758,Local 1,7702004007360,7702004007360,cerveza poker 330 ml,bebidas,3600,31,BAVARIA DISTRIBUCIONES
759,Local 1,7702914604710,7702914604710,CHampitas  Crispetas,CATEGORIA ESTANDAR,3000,6,FELINI DISTRIBUCIONES
760,Local 1,7702914603003,7702914603003,champitas dulces y saladas x 25 g,CATEGORIA ESTANDAR,2000,3,RAMO .
761,Local 1,7702993033340,7702993033340,Chao cereza pastillas,dulceria,1000,88,CAROLINA DE GARZON SOCIEDAD DEPOSITO CAROLINA
762,Local 1,7702993025987,7702993025987,chao linea sabor a limon,CATEGORIA ESTANDAR,500,24,DISTRICUELLAR DISTRIBUCIONES CUELLAR
763,Local 1,7702993018972,7702993018972,chao linea sabor original,CATEGORIA ESTANDAR,500,24,DISTRICUELLAR DISTRIBUCIONES CUELLAR
764,Local 1,7702189060204,7702189060204,CHEESE TRIS 48 GR,CATEGORIA ESTANDAR,2200,91,MARGARITA DISTRIBUCIONES CUEVAS
765,Local 1,7702189059864,7702189059864,cheese tris bolsaza 120 gr,abarrotes,4500,96,MARGARITA DISTRIBUCIONES CUEVAS
766,Local 1,7702189051820,7702189051820,CHEETOS BOLIQUESO 20 GR,dulceria,1300,92,MARGARITA DISTRIBUCIONES CUEVAS
767,Local 1,7702189060068,7702189060068,Cheetos calavera,CATEGORIA ESTANDAR,2000,6,COMESTIBLES LABOYANA
768,Local 1,7702189055880,7702189055880,CHEETOS FLAMIN HOT X37G,CATEGORIA ESTANDAR,2000,2,ALPINA .
769,Local 1,7702189057860,7702189057860,CHEETOS HORNEADOS BOLIQUESO 34 GR,abarrotes,2300,30,MARGARITA DISTRIBUCIONES CUEVAS
770,Local 1,7702189045577,7702189045577,cheetos horneados boliqueso x 160 g,abarrotes,7700,6,CAROLINA DE GARZON SOCIEDAD DEPOSITO CAROLINA
771,Local 1,7702189057877,7702189057877,cheetos horneados maxi 40 gr,CATEGORIA ESTANDAR,2200,11,MARGARITA DISTRIBUCIONES CUEVAS
772,Local 1,7702189057884,7702189057884,cheetos horneados trissitos 34 gr,abarrotes,2500,3,MARGARITA DISTRIBUCIONES CUEVAS
773,Local 1,7702626104010,7702626104010,cherri color cafe-marron x 60 ml,aseo,9000,3,DISTRIMARIO SAS
774,Local 1,7702626102696,7702626102696,cherry color negro x 15 ml,aseo,2800,7,DISTRIMARIO SAS
775,Local 1,106,106,chia  la negra,abarrotes,1000,2,CAROLINA DE GARZON SOCIEDAD DEPOSITO CAROLINA
776,Local 1,17,17,chia premium x 225 gr,abarrotes,9500,103,DISTRIMARIO SAS
777,Local 1,7000336236589,7000336236589,Chicharrin 65gr,abarrotes,1600,16,COMESTIBLES LABOYANA
778,Local 1,7000336661329,7000336661329,chicharrin x 145 g,abarrotes,4000,6,COMESTIBLES LABOYANA
779,Local 1,7000336661121,7000336661121,chicharrin x 240 g,abarrotes,5200,88,COMESTIBLES LABOYANA
780,Local 1,7000336661336,7000336661336,chicharrin x 480 g,abarrotes,9300,96,COMESTIBLES LABOYANA
781,Local 1,7702152106960,7702152106960,chicharron bar bq,dulceria,6000,9,ALPINA .
782,Local 1,7702152107134,7702152107134,chicharron BAR-B-Q,CATEGORIA ESTANDAR,1800,97,GLOFER DISTRIBUCIONES
783,Local 1,7702152007014,7702152007014,CHICHARRON NATURAL,CATEGORIA ESTANDAR,1800,13,GLOFER DISTRIBUCIONES
784,Local 1,7702152007038,7702152007038,Chicharron natural 50gr,CATEGORIA ESTANDAR,6000,99,CAROLINA DE GARZON SOCIEDAD DEPOSITO CAROLINA
785,Local 1,7703888091124,7703888091124,chicle largo barbie x 22 g,CATEGORIA ESTANDAR,1000,15,GLOFER DISTRIBUCIONES
786,Local 1,7703888295485,7703888295485,chicle largo hiper acido x 22 g,CATEGORIA ESTANDAR,1000,15,GLOFER DISTRIBUCIONES
787,Local 1,7703888123320,7703888123320,Chicle Super Hyper HOT,dulceria,200,97,GLOFER DISTRIBUCIONES
788,Local 1,7702011169235,7702011169235,Chicles Xtime Krash 100 und,dulceria,200,71,DISTRIMARIO SAS
789,Local 1,7622202231513,7622202231513,chiclets adams individual,dulceria,300,982,COLOMBINA DISTRIBUCIONES
790,Local 1,878631003314,878631003314,Chileta chamoy x40,dulceria,27300,100,CAROLINA DE GARZON SOCIEDAD DEPOSITO CAROLINA
791,Local 1,878631004137,878631004137,Chileta mango,dulceria,900,17,CAROLINA DE GARZON SOCIEDAD DEPOSITO CAROLINA
792,Local 1,878631003321,878631003321,chileta sandia paleta,abarrotes,900,969,ALVARO MUÑOZ
793,Local 1,7702189058546,7702189058546,choclitos limon intenso 45 gr,dulceria,2300,4,MARGARITA DISTRIBUCIONES CUEVAS
794,Local 1,7702189057839,7702189057839,choclitos limon x 210 g,abarrotes,8700,0,PLASTICO SURCOLOMBIANO
795,Local 1,7702189058553,7702189058553,choclitos picantes x 45 g,abarrotes,2200,0,MARGARITA DISTRIBUCIONES CUEVAS
796,Local 1,7702011033130,7702011033130,Chocmelos besos,dulceria,2000,92,CAROLINA DE GARZON SOCIEDAD DEPOSITO CAROLINA
797,Local 1,7702011006622,7702011006622,choco ball break x 50 unidades,CATEGORIA ESTANDAR,8900,0,COLOMBINA DISTRIBUCIONES
798,Local 1,7702011002181,7702011002181,choco break 50 un,abarrotes,16700,3,COLOMBINA DISTRIBUCIONES
799,Local 1,7702011039293,7702011039293,choco break trad 30uni,dulceria,10700,101,COLOMBINA DISTRIBUCIONES
800,Local 1,7702402058537,7702402058537,choco cono mini  x 60 g,CATEGORIA ESTANDAR,2000,10,DISTRIMARCA HELADOS
801,Local 1,7702402054416,7702402054416,choco cono x 90 g,CATEGORIA ESTANDAR,3200,10,DISTRIMARCA HELADOS
802,Local 1,77024343,77024343,CHOCO DISK,dulceria,1200,12,COLOMBINA DISTRIBUCIONES
803,Local 1,7702103807649,7702103807649,choco krispis x 115 g,abarrotes,5700,102,DISTRIALDANA .
804,Local 1,7702103126016,7702103126016,choco krispis x 180 g,abarrotes,7500,1,COMESTIBLES LABOYANA
805,Local 1,7702007085952,7702007085952,choco listo x 15 g,abarrotes,1000,101,GERDY DISTRIBUCIONES
806,Local 1,7702914114400,7702914114400,choco ramo barrita frutos rojos x 40 g,dulceria,2500,7,RAMO .
807,Local 1,7702011006929,7702011006929,Chocobreak cookies,dulceria,11200,95,COLOMBINA DISTRIBUCIONES
808,Local 1,247,247,chocobreak individual surtido,abarrotes,400,26,COLOMBINA DISTRIBUCIONES
809,Local 1,7702914604420,7702914604420,ChocoGalleta,dulceria,3000,94,GLOFER DISTRIBUCIONES
810,Local 1,7702007086591,7702007086591,chocolate  la especial x 200 g,abarrotes,4700,68,GERDY DISTRIBUCIONES
811,Local 1,7702088205485,7702088205485,chocolate aroma clavos y canela x 500 g,abarrotes,10800,972,MD DISTRIBUCIONES
812,Local 1,7702088214906,7702088214906,chocolate aroma tradicional x 200 g,abarrotes,5500,7,MD DISTRIBUCIONES
813,Local 1,7702088152123,7702088152123,chocolate aroma tradicional x 500 g,abarrotes,10800,4,DISTRICUELLAR DISTRIBUCIONES CUELLAR
814,Local 1,7702007051100,7702007051100,chocolate corona bogotano x 25 g,abarrotes,1000,33,GERDY DISTRIBUCIONES
815,Local 1,7702007084559,7702007084559,chocolate corona bogotano x 450 g,abarrotes,16600,1,GERDY DISTRIBUCIONES
816,Local 1,7702007085488,7702007085488,chocolate corona clavos y canela x 200 gr,abarrotes,9400,36,GERDY DISTRIBUCIONES
817,Local 1,7702007084542,7702007084542,chocolate corona clavos y canela x 450 g,abarrotes,16600,35,GERDY DISTRIBUCIONES
818,Local 1,7702007083125,7702007083125,chocolate corona instantaneo clavos y canela x 14 g,abarrotes,1000,1004,MD DISTRIBUCIONES
819,Local 1,7702007084566,7702007084566,Chocolate Corona vainilla 450g,abarrotes,17000,1,CAROLINA DE GARZON SOCIEDAD DEPOSITO CAROLINA
820,Local 1,7702007090024,7702007090024,Chocolate la especial,autoservicio servitodo thaliana,8500,100,CAROLINA DE GARZON SOCIEDAD DEPOSITO CAROLINA
821,Local 1,7702007082623,7702007082623,Chocolate la especial clavos y canela x400g,abarrotes,14600,100,GERDY DISTRIBUCIONES
822,Local 1,7702007082630,7702007082630,Chocolate la Especial tradicional x,autoservicio servitodo thaliana,8500,97,GERDY DISTRIBUCIONES
823,Local 1,7702007086621,7702007086621,chocolate la especial tradicional x 25gr,abarrotes,600,923,GERDY DISTRIBUCIONES
824,Local 1,7702007082647,7702007082647,Chocolate la especial tradiconal,CATEGORIA ESTANDAR,1000,23,CAROLINA DE GARZON SOCIEDAD DEPOSITO CAROLINA
825,Local 1,7702007082616,7702007082616,Chocolate la Especial Vainilla x400g,CATEGORIA ESTANDAR,14500,3,GERDY DISTRIBUCIONES
826,Local 1,7702007086607,7702007086607,chocolate la especial x 400 g,abarrotes,8500,18,GERDY DISTRIBUCIONES
827,Local 1,7702007077841,7702007077841,chocolate LYNE clasico sin azucar x 120 g,abarrotes,13600,2,GERDY DISTRIBUCIONES
828,Local 1,7702007078008,7702007078008,chocolate lyne delicioso sin culpa 120 gr,CATEGORIA ESTANDAR,14000,2,GERDY DISTRIBUCIONES
829,Local 1,7702007085471,7702007085471,chocolate tradicional 200 gr,abarrotes,9400,95,GERDY DISTRIBUCIONES
830,Local 1,7702007080476,7702007080476,chocolatina jet 11 gr,abarrotes,1000,-3,ALVARO MUÑOZ
831,Local 1,702011162946,7702011162946,CHOCOLATINA MUUU DE LECHE 11G,CATEGORIA ESTANDAR,1100,15,COLOMBINA DISTRIBUCIONES
832,Local 1,7702007216127,7702007216127,Chocolisto 200g,autoservicio servitodo thaliana,8500,45,GERDY DISTRIBUCIONES
833,Local 1,7702007085891,7702007085891,Chocolisto 90g,autoservicio servitodo thaliana,4000,100,GERDY DISTRIBUCIONES
834,Local 1,7702402057875,7702402057875,Chocolisto vasito,CATEGORIA ESTANDAR,1800,10,DISTRIMARCA HELADOS
835,Local 1,7702432076006,7702432076006,Chocolita  Ponque Chocolate Comapan 68g,autoservicio servitodo thaliana,2400,5,GLOFER DISTRIBUCIONES
836,Local 1,7702432014268,7702432014268,CHOCOLOLITA,autoservicio servitodo thaliana,2700,2,GLOFER DISTRIBUCIONES
837,Local 1,7702007077926,7702007077926,Chocolyne clavos y canela,abarrotes,13600,1000,DISTRICUELLAR DISTRIBUCIONES CUELLAR
838,Local 1,7702011163707,7702011163707,Chocomelos fresa,dulceria,2500,96,COLOMBINA DISTRIBUCIONES
839,Local 1,7702011162519,7702011162519,Chocomelos vainilla,dulceria,2500,96,COLOMBINA DISTRIBUCIONES
840,Local 1,7702914114608,7702914114608,Chocorramo Barrita x5,dulceria,11700,19,GLOFER DISTRIBUCIONES
841,Local 1,7702914607506,7702914607506,chocorramo brawnie arequipe,dulceria,3700,24,RAMO .
842,Local 1,7702914592512,7702914592512,Chocorramo mini,dulceria,900,1,GLOFER DISTRIBUCIONES
843,Local 1,7702914114103,7702914114103,Chocorramo mini x20,dulceria,18000,101,CAROLINA DE GARZON SOCIEDAD DEPOSITO CAROLINA
844,Local 1,7702914594431,7702914594431,chocorramo miti,CATEGORIA ESTANDAR,2300,2,ALPINA .
845,Local 1,7702914596794,7702914596794,CHOCORRAMO PAQ. X5 UND,autoservicio servitodo thaliana,14000,2,GERDY DISTRIBUCIONES
846,Local 1,7702914596787,7702914596787,chocorramo x 65 g,dulceria,3000,93,RAMO .
847,Local 1,7705326071330,7705326071330,chocoso bimbo paq 5uni,dulceria,12000,98,DISTRIVENTAS DEL HUILA
848,Local 1,7705326070371,7705326070371,chocoso bimbo x 65 g,dulceria,2600,0,BIMBO DISTRIVENTAS DEL SUR
849,Local 1,7705326090874,7705326090874,Chocoso Mini,dulceria,16000,100,BIMBO DISTRIVENTAS DEL SUR
850,Local 1,7705326080578,7705326080578,chocoso mini x 20 g,dulceria,900,95,BIMBO DISTRIVENTAS DEL SUR
851,Local 1,7707332290309,7707332290309,choki arroz,abarrotes,3500,16,COMESTIBLES LABOYANA
852,Local 1,7707332281307,7707332281307,choki arroz x 240 g,abarrotes,5200,8,COMESTIBLES LABOYANA
853,Local 1,7707332281604,7707332281604,choki arroz x 480 g,abarrotes,9200,17,COMESTIBLES LABOYANA
854,Local 1,7702398041667,7702398041667,chorizo ideal rica x 150 gr,carnicos,6000,93,DISTRICUELLAR DISTRIBUCIONES CUELLAR
855,Local 1,7702398041650,7702398041650,chorizo ideal x 400  gr,carnicos,16500,10,DISTRIVENTAS DEL HUILA
856,Local 1,7709681776220,7709681776220,Chorizo las brisas 5u 400gr,CATEGORIA ESTANDAR,15600,2,DISTRIMARCA HELADOS
857,Local 1,7709960039534,7709960039534,Chorizo Las brisas x 10,autoservicio servitodo thaliana,29000,5,CAROLINA DE GARZON SOCIEDAD DEPOSITO CAROLINA
858,Local 1,7702398041780,7702398041780,Chorizo parrillero rica,carnicos,29300,99,CAROLINA DE GARZON SOCIEDAD DEPOSITO CAROLINA
859,Local 1,7701101357224,7701101357224,chorizo rica x165 gr,abarrotes,5900,86,ALVARO MUÑOZ
860,Local 1,7701101360750,7701101360750,chorizo ternera zenu parpack x100 gr,carnicos,4800,18,DISTRIVENTAS DEL HUILA
861,Local 1,7702398028897,7702398028897,chorizo x 400 gr x 6 rica,carnicos,16200,7,DISTRIVENTAS DEL HUILA
862,Local 1,7702914602761,7702914602761,Chorramo esquinas,dulceria,3500,3,CAROLINA DE GARZON SOCIEDAD DEPOSITO CAROLINA
863,Local 1,7707205153144,7707205153144,Chunky delicaprichos,autoservicio servitodo thaliana,3500,99,CAROLINA DE GARZON SOCIEDAD DEPOSITO CAROLINA
864,Local 1,137,137,chupa de baño,aseo,5500,9,PLASTICO SURCOLOMBIANO
865,Local 1,7707014908065,7707014908065,Chupeta Cola pop,autoservicio servitodo thaliana,6500,1,GLOFER DISTRIBUCIONES
866,Local 1,255,255,chupeta mango x unidad,dulceria,300,43,COLOMBINA DISTRIBUCIONES
867,Local 1,766902014940,766902014940,chupeta maramango x unidad,dulceria,900,27,DISTRIMARCA HELADOS
868,Local 1,7707014975531,7707014975531,chupeta pink hearts x 50 unid,CATEGORIA ESTANDAR,5800,3,ALVARO MUÑOZ
869,Local 1,7707244560521,7707244560521,cifrut citrus punch 250 ml,bebidas,1300,3,InterPOS
870,Local 1,7707244560347,7707244560347,Cifrut Granadilla maracuya Piña x400ml,CATEGORIA ESTANDAR,1600,5,COCACOLA DISTRIBUCIONES
871,Local 1,7707244561825,7707244561825,cifrut mora punch,bebidas,1300,1,InterPOS
872,Local 1,7708092371697,7708092371697,Cifrut Mora punch,CATEGORIA ESTANDAR,1600,2,COCACOLA DISTRIBUCIONES
873,Local 1,7707244560330,7707244560330,"Cifrut Naranja, mandarina, limon x400ml",CATEGORIA ESTANDAR,1600,5,COLOMBINA DISTRIBUCIONES
874,Local 1,7702005602809,7702005602809,Cigarrillo Chesterfield  MARLBORO,CATEGORIA ESTANDAR,6500,1,SURTILIMA .
875,Local 1,7752005600317,7752005600317,cigarrillo x unidad,CATEGORIA ESTANDAR,1000,97,ALPINA .
876,Local 1,122465,216563,Cinta ancha 200,autoservicio servitodo thaliana,10000,99,CAROLINA DE GARZON SOCIEDAD DEPOSITO CAROLINA
877,Local 1,74585,5122132,Cinta ancha 20mts,autoservicio servitodo thaliana,2500,100,CAROLINA DE GARZON SOCIEDAD DEPOSITO CAROLINA
878,Local 1,01,01,cinta ancha x 100,papeleria,5400,4,DISTRIVENTAS DEL HUILA
879,Local 1,9780201379624,9780201379624,Cinta de enmascarar,CATEGORIA ESTANDAR,2300,4,CAROLINA DE GARZON SOCIEDAD DEPOSITO CAROLINA
880,Local 1,452121,71112,Cinta delgada pequeña,autoservicio servitodo thaliana,300,99,CAROLINA DE GARZON SOCIEDAD DEPOSITO CAROLINA
881,Local 1,1003914,1003914,cinta escolar mediana,aseo,700,50,DISTRIVENTAS DEL HUILA
882,Local 1,5391507679918,5391507679918,Cinta negra economica,aseo,1200,101,CAROLINA DE GARZON SOCIEDAD DEPOSITO CAROLINA
883,Local 1,4785,7845,Cinta precio blanca,autoservicio servitodo thaliana,1500,19,CAROLINA DE GARZON SOCIEDAD DEPOSITO CAROLINA
884,Local 1,205,205,circulen forte 550 ml,medicamentos,40000,0,ALPINA .
885,Local 1,88,88,ciruelas la negra,abarrotes,2000,100,CAROLINA DE GARZON SOCIEDAD DEPOSITO CAROLINA
886,Local 1,7702141374882,7702141374882,claro esparcible para mesa y cocina x 250 g,abarrotes,3200,9,DISTRIMARIO SAS
887,Local 1,111,111,clavo la negra,abarrotes,500,947,CAROLINA DE GARZON SOCIEDAD DEPOSITO CAROLINA
888,Local 1,110,110,clavo la negra,abarrotes,1000,58,CAROLINA DE GARZON SOCIEDAD DEPOSITO CAROLINA
889,Local 1,7702175108200,7702175108200,clavo puro el rey x 9 g,abarrotes,1400,36,DISTRIALDANA .
890,Local 1,7702137441536,7702137441536,Clorox 1.8L,aseo,9500,6,TECNOVENTAS DISTRIBUCIONES
891,Local 1,7702213489025,7702213489025,Clorox Magia Floral 930ml,aseo,5700,10,TECNOVENTAS DISTRIBUCIONES
892,Local 1,7702213868998,7702213868998,Clorox Ropa color cojin sin cloro,aseo,2600,47,TECNOVENTAS DISTRIBUCIONES
893,Local 1,7702137628654,7702137628654,Clorox Ropa Color Frasco por 450Ml,aseo,4300,19,DISTRICUELLAR DISTRIBUCIONES CUELLAR
894,Local 1,7702213566924,7702213566924,"CLOROX X 460M,",CATEGORIA ESTANDAR,2000,953,TECNOVENTAS DISTRIBUCIONES
895,Local 1,200,200,cloruro de magnesio x 60 capsula,medicamentos,40000,3,MD DISTRIBUCIONES
896,Local 1,7622201717575,7622201717575,club social 24 gr,dulceria,1000,8,COLOMBINA DISTRIBUCIONES
897,Local 1,7622201720056,7622201720056,club social integral  x 216 g,abarrotes,8600,96,BIMBO DISTRIVENTAS DEL SUR
898,Local 1,7622201720063,7622201720063,Club social integral xund,CATEGORIA ESTANDAR,1000,2,CAROLINA DE GARZON SOCIEDAD DEPOSITO CAROLINA
899,Local 1,7622201717568,7622201717568,club social original  x 216 g,CATEGORIA ESTANDAR,8900,96,COLOMBINA DISTRIBUCIONES
900,Local 1,7622202226366,7622202226366,Club social queso x unid,dulceria,1100,47,COLOMBINA DISTRIBUCIONES
901,Local 1,7622202226359,7622202226359,Club social queso x6,dulceria,6300,4,DISTRICUELLAR DISTRIBUCIONES CUELLAR
902,Local 1,7702535024447,7702535024447,coca - cola x 3 L,bebidas,11500,7,CAROLINA DE GARZON SOCIEDAD DEPOSITO CAROLINA
903,Local 1,7702535033593,7702535033593,coca - cola x 500 ml,bebidas,3000,61,InterPOS
904,Local 1,7702535024423,7702535024423,coca cola 1.5 L,abarrotes,6500,0,InterPOS
905,Local 1,7702535001721,7702535001721,Coca cola 1lt,bebidas,4500,8,COCACOLA DISTRIBUCIONES
906,Local 1,7702535011089,7702535011089,Coca Cola Pet x400ml,bebidas,3000,22,COCACOLA DISTRIBUCIONES
907,Local 1,7702535005354,7702535005354,coca-cola x 330 ml,bebidas,3500,12,InterPOS
908,Local 1,77035684,77035684,cocacola  250 ml,bebidas,2000,4,COCACOLA DISTRIBUCIONES
909,Local 1,7702535025482,7702535025482,cocacola 1.75 ltros,bebidas,7000,11,COCACOLA DISTRIBUCIONES
910,Local 1,77082381,77082381,cocacola zero 250 ml,bebidas,1700,4,COCACOLA DISTRIBUCIONES
911,Local 1,278,278,Cocadas,CATEGORIA ESTANDAR,300,15,CAROLINA DE GARZON SOCIEDAD DEPOSITO CAROLINA
912,Local 1,86,86,coco la negra,abarrotes,1000,7,CAROLINA DE GARZON SOCIEDAD DEPOSITO CAROLINA
913,Local 1,85,85,coco la negra,abarrotes,5500,4,CAROLINA DE GARZON SOCIEDAD DEPOSITO CAROLINA
914,Local 1,7702088219765,7702088219765,Cocoa luker 100gr,autoservicio servitodo thaliana,6900,98,CAROLINA DE GARZON SOCIEDAD DEPOSITO CAROLINA
915,Local 1,7702088192013,7702088192013,Cocoa Premium cyc x230g,autoservicio servitodo thaliana,15500,1,DISTRIMARIO SAS
916,Local 1,7702088192006,7702088192006,cocoa premium luker clavos y canela x 100 g,abarrotes,8800,3,MD DISTRIBUCIONES
917,Local 1,7702088219734,7702088219734,cocoa premium luker x 100 g,abarrotes,7000,99,DISTRICUELLAR DISTRIBUCIONES CUELLAR
918,Local 1,7702007031553,7702007031553,cocoa superior 230 gr,abarrotes,17000,0,ALVARO MUÑOZ
919,Local 1,7702007088823,7702007088823,cocoa superior corona  x 100 g,abarrotes,8300,97,GERDY DISTRIBUCIONES
920,Local 1,7702024989332,7702024989332,Cocosette sandwich,dulceria,1700,86,CAROLINA DE GARZON SOCIEDAD DEPOSITO CAROLINA
921,Local 1,7702024946816,7702024946816,Cocosette sandwich,dulceria,17500,99,PROGRESAR NESTLE
922,Local 1,262,262,coffee deligh chocolate individual,dulceria,200,919,COLOMBINA DISTRIBUCIONES
923,Local 1,7702011012302,7702011012302,coffee delight,dulceria,7000,98,COLOMBINA DISTRIBUCIONES
924,Local 1,7702011001764,7702011001764,coffee delight  caramelo duro x 50 unidades,dulceria,6000,4,COLOMBINA DISTRIBUCIONES
925,Local 1,7702011155511,7702011155511,Coffee delight capuccino x100,dulceria,14500,100,CAROLINA DE GARZON SOCIEDAD DEPOSITO CAROLINA
926,Local 1,7702011010612,7702011010612,coffee delight caramelo blando con cafe x 100 unidades,dulceria,14500,98,COLOMBINA DISTRIBUCIONES
927,Local 1,7702011001771,7702011001771,coffee delight caramelo duro x 100 unidades,CATEGORIA ESTANDAR,11000,993,COLOMBINA DISTRIBUCIONES
928,Local 1,7702011125149,7702011125149,Coffee delight x 20,dulceria,2200,93,COLOMBINA DISTRIBUCIONES
929,Local 1,7702011168153,7702011168153,Coffee Deligth,dulceria,10700,1,COLOMBINA DISTRIBUCIONES
930,Local 1,7702004016652,7702004016652,Cola & Pola 1.5,CATEGORIA ESTANDAR,5800,6,BAVARIA DISTRIBUCIONES
931,Local 1,7702004016614,7702004016614,Cola & Pola en lata 330cm,bebidas,3000,4,BAVARIA DISTRIBUCIONES
932,Local 1,7702004194206,7702004194206,Cola y pola roja lata,bebidas,3000,2,BAVARIA DISTRIBUCIONES
933,Local 1,7776432670755,7776432670755,colageno hidrolizado + biotina 500 ml,medicamentos,35000,49,DISTRIVENTAS DEL HUILA
934,Local 1,7702129004503,7702129004503,colanta 400 ml,abarrotes,2200,3,ALPINA .
935,Local 1,7702163151034,7702163151034,colbon 125gr,papeleria,3400,3,DISTRIHOGAR B.B
936,Local 1,215,215,colbon 20 gr,abarrotes,900,3,DISTRIHOGAR B.B
937,Local 1,7702163151041,7702163151041,colbon 250g,CATEGORIA ESTANDAR,5200,0,ALPINA .
938,Local 1,7702163153014,7702163153014,colbon en barra 26 gr,abarrotes,3000,1,DISTRIHOGAR B.B
939,Local 1,7702163151027,7702163151027,colbon pequeña 40gr,papeleria,1500,2,DISTRIHOGAR B.B
940,Local 1,7702163151010,7702163151010,Colbon sipega 20g,autoservicio servitodo thaliana,1000,99,CAROLINA DE GARZON SOCIEDAD DEPOSITO CAROLINA
941,Local 1,7702032110278,7702032110278,colcafe 1.5gr,CATEGORIA ESTANDAR,300,975,CAROLINA DE GARZON SOCIEDAD DEPOSITO CAROLINA
942,Local 1,7702032253579,7702032253579,Colcafe 25gr,autoservicio servitodo thaliana,4500,91,CAROLINA DE GARZON SOCIEDAD DEPOSITO CAROLINA
943,Local 1,7702032119134,7702032119134,Colcafe 8g,abarrotes,1500,19,GERDY DISTRIBUCIONES
944,Local 1,7702032117802,7702032117802,colcafe cafe con leche x 22 g,abarrotes,1700,94,DISTRICUELLAR DISTRIBUCIONES CUELLAR
945,Local 1,7702032118564,7702032118564,colcafe cappuccino mocca x 18 g,abarrotes,1500,3,GERDY DISTRIBUCIONES
946,Local 1,7702032118465,7702032118465,colcafe cappuccino vainilla x 18 gr,abarrotes,2000,30,GERDY DISTRIBUCIONES
947,Local 1,7702032253678,7702032253678,colcafe caramelo x 50 g,CATEGORIA ESTANDAR,12000,3,GERDY DISTRIBUCIONES
948,Local 1,7702032253111,7702032253111,Colcafe Clasico 170gr,CATEGORIA ESTANDAR,28500,1,CAROLINA DE GARZON SOCIEDAD DEPOSITO CAROLINA
949,Local 1,7702032104369,7702032104369,Colcafe intenso granulado 50g,autoservicio servitodo thaliana,12500,2,GERDY DISTRIBUCIONES
950,Local 1,7702032104376,7702032104376,Colcafe intenso granulado 85g,autoservicio servitodo thaliana,17600,97,GERDY DISTRIBUCIONES
951,Local 1,7702032110346,7702032110346,colcafe intenso granulado x 1.5 g,abarrotes,300,986,PROGRESAR NESTLE
952,Local 1,7702032117420,7702032117420,Colcafe ligero 40gr,CATEGORIA ESTANDAR,13500,1,CAROLINA DE GARZON SOCIEDAD DEPOSITO CAROLINA
953,Local 1,7702032118182,7702032118182,colcafe mas cremoso 3 en 1 x 19 g,abarrotes,1600,13,DISTRICUELLAR DISTRIBUCIONES CUELLAR
954,Local 1,7702032202010,7702032202010,colcafe suave clasico x 10 g,abarrotes,1700,10,PROGRESAR NESTLE
955,Local 1,7702032117253,7702032117253,colcafe suave clasico x 170 g,abarrotes,21900,1,GERDY DISTRIBUCIONES
956,Local 1,7702032114016,7702032114016,colcafe suave clasico x 42 g,abarrotes,9600,2,GERDY DISTRIBUCIONES
957,Local 1,7702032253074,7702032253074,colcafe vainilla x 50 g,abarrotes,12000,97,GERDY DISTRIBUCIONES
958,Local 1,7509546048321,7509546048321,Colgate 125ml,aseo,11000,31,DISTRIMARIO SAS
959,Local 1,7509546700823,7509546700823,Colgate 50ml + cepillo,aseo,5500,6,DISTRIMARIO SAS
960,Local 1,7509546015040,7509546015040,colgate cepillo,aseo,2800,10,DISTRIMARIO SAS
961,Local 1,7509546652146,7509546652146,Colgate Dientes Fuertes x75ml Con calcio-protect,aseo,4500,12,DISTRIMARIO SAS
962,Local 1,7509546696768,7509546696768,colgate doble frescura x 100 ml,aseo,6500,11,DISTRIMARIO SAS
963,Local 1,7891024034095,7891024034095,colgate kids 50 gr,aseo,4200,97,DISTRIMARIO SAS
964,Local 1,7509546053875,7509546053875,colgate luminous white x 125 ml,aseo,21800,1,DISTRIMARIO SAS
965,Local 1,7509546666396,7509546666396,colgate total prevencion activa x 63 ml,abarrotes,7200,0,DISTRIMARIO SAS
966,Local 1,7702010631382,7702010631382,colgate triple accion + cepillo x 50 ml,aseo,4700,12,DISTRIMARIO SAS
967,Local 1,7509546699998,7509546699998,colgate triple accion original menta x 75 ml,aseo,4600,13,DISTRIMARIO SAS
968,Local 1,7509546000343,7509546000343,colgate triple accion x 100 ml,aseo,10000,13,DISTRIMARIO SAS
969,Local 1,7509546000350,7509546000350,colgate triple accion x 150 ml,aseo,15300,3,DISTRIMARIO SAS
970,Local 1,7702010111464,7702010111464,colgate triple accion x 22 ml,aseo,2500,25,DISTRIMARIO SAS
971,Local 1,7509546056623,7509546056623,Colgate triple Accion x45ml XtraBlancura,aseo,4800,12,DISTRIMARIO SAS
972,Local 1,7509546003108,7509546003108,Colgate triple Accion x50ML,aseo,4800,12,DISTRIMARIO SAS
973,Local 1,7509546652139,7509546652139,colgate x 60 ml,aseo,4000,50,DISTRIMARIO SAS
974,Local 1,7702010111587,7702010111587,COLGATE XTRA BLANCURA X60ML,aseo,4500,92,DISTRIMARIO SAS
975,Local 1,7702870070604,7702870070604,colik forte,medicamentos,1600,12,DISTRIHOGAR B.B
976,Local 1,7707151700850,7707151700850,Colombiana 2.5,bebidas,6000,96,BAVARIA DISTRIBUCIONES
977,Local 1,7702090016413,7702090016413,Colombiana 2.5l,CATEGORIA ESTANDAR,5500,5,CAROLINA DE GARZON SOCIEDAD DEPOSITO CAROLINA
978,Local 1,7707151700768,7707151700768,Colombiana 3.125,bebidas,7000,4,CAROLINA DE GARZON SOCIEDAD DEPOSITO CAROLINA
979,Local 1,7707151700874,7707151700874,Colombiana personal,bebidas,2800,997,COLOMBINA DISTRIBUCIONES
980,Local 1,7707151754952,7707151754952,colombiana postobon 1.5 lts,bebidas,4500,93,BAVARIA DISTRIBUCIONES
981,Local 1,7707151700515,7707151700515,colombiana postobon x 1.5 l,bebidas,4500,3,InterPOS
982,Local 1,7707151700867,7707151700867,colombiana postobon x 2.5 litros,bebidas,6000,47,InterPOS
983,Local 1,7702090072839,7702090072839,colombiana postobon x 250 ml,bebidas,1000,5,InterPOS
984,Local 1,7707151701215,7707151701215,colombiana postobon x 3.125 litros,bebidas,7000,9,InterPOS
985,Local 1,7707151700119,7707151700119,colombiana postobon x 500 ml,bebidas,2500,15,InterPOS
986,Local 1,7707151700911,7707151700911,colombiana postobon x litro,bebidas,3500,10,BAVARIA DISTRIBUCIONES
987,Local 1,7702097066541,7702097066541,colombina leche condensada x 300 g,dulceria,9000,94,COLOMBINA DISTRIBUCIONES
988,Local 1,7702097148483,7702097148483,colombina leche condensada x 90 g,dulceria,3300,87,COLOMBINA DISTRIBUCIONES
989,Local 1,10305918658213,10305918658213,colon cleanser x450gr,autoservicio servitodo thaliana,30000,0,HGW COLOMBIA
990,Local 1,7708730121967,7708730121967,color amarillo asadero gavius x 500 g,abarrotes,5300,1,COMESTIBLES LABOYANA
991,Local 1,7702175159295,7702175159295,color amarillo el rey 250 gr,abarrotes,4900,12,DISTRIALDANA .
992,Local 1,10,10,color caramelo x 80 g,abarrotes,4600,2,DISTRIMARIO SAS
993,Local 1,7702175141030,7702175141030,color el rey libra 500 gr,abarrotes,13800,86,DISTRIALDANA .
994,Local 1,7708998496678,7708998496678,Color Gavius,autoservicio servitodo thaliana,900,10,DISTRIALDANA .
995,Local 1,7702175108590,7702175108590,color rey 20 gr,abarrotes,500,19,MULTIPAN GARZON
996,Local 1,7702175156003,7702175156003,color rey 250 gr,abarrotes,6900,43,DISTRIALDANA .
997,Local 1,7702175158656,7702175158656,Color Rey Mezcla Granulada x90gr,autoservicio servitodo thaliana,2300,44,DISTRIALDANA .
998,Local 1,261,261,colorante morado,abarrotes,4000,2,DISTRIMARIO SAS
999,Local 1,12,12,colorante para alimentos color amarillo x 10 ml,abarrotes,4000,1,DISTRIMARIO SAS
1000,Local 1,11,11,colorante para alimentos color azul x 10 ml,abarrotes,3800,2,DISTRIMARIO SAS
1001,Local 1,13,13,colorante para alimentos color rojo x 10 ml,abarrotes,3800,4,DISTRIMARIO SAS
1002,Local 1,259,259,colorante rosado,abarrotes,4000,1,DISTRIMARIO SAS
1003,Local 1,7709990345582,7709990345582,Colores Offi-Esco,abarrotes,8200,1,DISTRIHOGAR B.B
1004,Local 1,7709990007770,7709990007770,COLORES OFFI-ESCO X24 COLORES,CATEGORIA ESTANDAR,9000,1,DISTRIHOGAR B.B
1005,Local 1,7708820918859,7708820918859,Colores Pastele Offi-Esco x12,abarrotes,10000,100,DISTRIHOGAR B.B
1006,Local 1,7702175156034,7702175156034,colorey el rey x 125 g,abarrotes,3300,20,DISTRIALDANA .
1007,Local 1,7702175158533,7702175158533,colorey el rey x 13 g,abarrotes,500,995,DISTRIALDANA .
1008,Local 1,7702175111248,7702175111248,colorey el rey x 55 g,abarrotes,1200,103,DISTRIALDANA .
1009,Local 1,7702175102048,7702175102048,colorey x 20 g,abarrotes,500,4,DISTRIALDANA .
1010,Local 1,7702175103045,7702175103045,colorey x 6 g,abarrotes,200,1,DISTRICUELLAR DISTRIBUCIONES CUELLAR
1011,Local 1,7702432759756,7702432759756,Comaoan masa madre pequeño,abarrotes,4000,43,GLOFER DISTRIBUCIONES
1012,Local 1,7702432072503,7702432072503,Comapan  ponquecitos x6,autoservicio servitodo thaliana,5800,8,GLOFER DISTRIBUCIONES
1013,Local 1,7707307962897,7707307962897,Comarrico argollitas 190gr,CATEGORIA ESTANDAR,1500,6,CAROLINA DE GARZON SOCIEDAD DEPOSITO CAROLINA
1014,Local 1,7707307962422,7707307962422,comarrico argollitas x 250 g,abarrotes,1800,14,GERDY DISTRIBUCIONES
1015,Local 1,7707307962248,7707307962248,comarrico caracol x 250 g,abarrotes,1800,956,GERDY DISTRIBUCIONES
1016,Local 1,7707307962279,7707307962279,comarrico coditos x 250 g,abarrotes,1800,13,GERDY DISTRIBUCIONES
1017,Local 1,7707307962385,7707307962385,comarrico corbatas x 250 g,abarrotes,1800,106,GERDY DISTRIBUCIONES
1018,Local 1,7707307962224,7707307962224,comarrico fideo x 250 g,abarrotes,1800,929,GERDY DISTRIBUCIONES
1019,Local 1,7707307962460,7707307962460,Comarrico Fideo x190g,abarrotes,1500,84,GERDY DISTRIBUCIONES
1020,Local 1,7707307963153,7707307963153,comarrico fideos x 454 g,abarrotes,6000,14,GERDY DISTRIBUCIONES
1021,Local 1,7707307962484,7707307962484,comarrico macarron x 190 g,abarrotes,1500,77,GERDY DISTRIBUCIONES
1022,Local 1,7707307962231,7707307962231,comarrico macarron x 250 g,abarrotes,1800,953,GERDY DISTRIBUCIONES
1023,Local 1,7707307962262,7707307962262,comarrico tornillo x 250 g,abarrotes,1900,992,GERDY DISTRIBUCIONES
1024,Local 1,7707307962477,7707307962477,Comarrio Caracol x190g,CATEGORIA ESTANDAR,1500,76,GERDY DISTRIBUCIONES
1025,Local 1,7702175656459,7702175656459,Comino,CATEGORIA ESTANDAR,2400,55,DISTRIALDANA .
1026,Local 1,7708998496685,7708998496685,comino en polvo x 40 g,abarrotes,1200,8,COMESTIBLES LABOYANA
1027,Local 1,131,131,completisimo caldo de gallina x 9 g,abarrotes,500,28,PROGRESAR NESTLE
1028,Local 1,7702097125156,7702097125156,compota de manzana 113 gr crios,CATEGORIA ESTANDAR,3150,1,COLOMBINA DISTRIBUCIONES
1029,Local 1,7702439481056,7702439481056,compota de manzana x 90 g,CATEGORIA ESTANDAR,2800,4,PLASTICO SURCOLOMBIANO
1030,Local 1,7702439009656,7702439009656,compota de pera x 90 g,CATEGORIA ESTANDAR,2800,8,InterPOS
1031,Local 1,7702439844264,7702439844264,COMPOTA MANZANA DE VIDRIO,CATEGORIA ESTANDAR,3900,7,InterPOS
1032,Local 1,7702439252779,7702439252779,compota pera nature baby 113 gr,abarrotes,3900,0,InterPOS
1033,Local 1,7702020111621,7702020111621,concha la muñeca x 200 g,abarrotes,1500,1,DISTRIMARIO SAS
1034,Local 1,7707055000872,7707055000872,condor limonada x  1 litro,bebidas,3600,92,COCACOLA DISTRIBUCIONES
1035,Local 1,7707055001084,7707055001084,CONDOR LIMONADA X 3020ML,CATEGORIA ESTANDAR,8500,3,COCACOLA DISTRIBUCIONES
1036,Local 1,7707055001039,7707055001039,condor sabor cola x 3020 ml,bebidas,8800,84,InterPOS
1037,Local 1,7709339050511,7709339050511,Contegral Engorde,abarrotes,3000,97,CAROLINA DE GARZON SOCIEDAD DEPOSITO CAROLINA
1038,Local 1,7709684337718,7709684337718,Contegral levante,autoservicio servitodo thaliana,3000,91,CAROLINA DE GARZON SOCIEDAD DEPOSITO CAROLINA
1039,Local 1,146,146,copa del indio 500 ml,medicamentos,30000,10,ALVARO MUÑOZ
1040,Local 1,614143224775,614143224775,Copa lider,CATEGORIA ESTANDAR,2200,3,CAROLINA DE GARZON SOCIEDAD DEPOSITO CAROLINA
1041,Local 1,7703111002941,7703111002941,Copelia,dulceria,600,99,CAROLINA DE GARZON SOCIEDAD DEPOSITO CAROLINA
1042,Local 1,7709990144871,7709990144871,Copito x 12 unidades,aseo,1000,97,CAROLINA DE GARZON SOCIEDAD DEPOSITO CAROLINA
1043,Local 1,7708650679494,7708650679494,copitos  suavecitos x 100 und,aseo,3000,1,DISTRIHOGAR B.B
1044,Local 1,6976808727040,6976808727040,Copitos chico,aseo,1500,96,CAROLINA DE GARZON SOCIEDAD DEPOSITO CAROLINA
1045,Local 1,7702560040863,7702560040863,Copitos jgb,aseo,6300,97,CAROLINA DE GARZON SOCIEDAD DEPOSITO CAROLINA
1046,Local 1,6920180301794,6920180301794,copitos valentina x 500 und,aseo,3700,2,DISTRIVENTAS DEL HUILA
1047,Local 1,7702020120289,7702020120289,corbata la muñeca x 200 g,abarrotes,1500,39,DISTRIMARIO SAS
1048,Local 1,7707041401119,7707041401119,cordel ata facil 130 mtr,abarrotes,3800,99,PLASTICO SURCOLOMBIANO
1049,Local 1,7702007021066,7702007021066,corona clavos y canela x 25 g,abarrotes,1000,17,DISTRICUELLAR DISTRIBUCIONES CUELLAR
1050,Local 1,7702007088830,7702007088830,Corona cocoa superior 230gr,abarrotes,14700,7,CAROLINA DE GARZON SOCIEDAD DEPOSITO CAROLINA
1051,Local 1,7702004111531,7702004111531,corona extra x 330 ml,bebidas,6000,24,BAVARIA DISTRIBUCIONES
1052,Local 1,7702007056754,7702007056754,corona pancakes 320 gr,abarrotes,9700,1,GERDY DISTRIBUCIONES
1053,Local 1,7702007056761,7702007056761,corona pancakes 630 gr,abarrotes,15500,1,GERDY DISTRIBUCIONES
1054,Local 1,7702007084535,7702007084535,Corona tradicional,abarrotes,17000,46,GERDY DISTRIBUCIONES
1055,Local 1,7702007016376,7702007016376,corona tradicional x 25 g,abarrotes,1000,931,DISTRICUELLAR DISTRIBUCIONES CUELLAR
1056,Local 1,7702007085495,7702007085495,corona vainilla chocolate 200 gr,abarrotes,9600,1,GERDY DISTRIBUCIONES
1057,Local 1,7702004110701,7702004110701,coronita extra 210ml,bebidas,3500,34,BAVARIA DISTRIBUCIONES
1058,Local 1,7708071166801,7708071166801,Corrector eterna,autoservicio servitodo thaliana,1500,6,DISTRIVENTAS DEL HUILA
1059,Local 1,7709338388103,7709338388103,Corrector offiesco,autoservicio servitodo thaliana,1600,94,CAROLINA DE GARZON SOCIEDAD DEPOSITO CAROLINA
1060,Local 1,14578,14578,Cortauñas Trim,aseo,2500,43,INVERSIONES GUTIERREZ EQCO
1061,Local 1,7702011205810,7702011205810,Crakeña,dulceria,900,96,CAROLINA DE GARZON SOCIEDAD DEPOSITO CAROLINA
1062,Local 1,7702011205803,7702011205803,Crakeñas club x10,dulceria,7700,90,COLOMBINA DISTRIBUCIONES
1063,Local 1,7702011208200,7702011208200,Crakeñas dipz x12,dulceria,5300,99,CAROLINA DE GARZON SOCIEDAD DEPOSITO CAROLINA
1064,Local 1,7702011205834,7702011205834,Crakeñas Integral x10,dulceria,7700,96,COLOMBINA DISTRIBUCIONES
1065,Local 1,7705960000116,7705960000116,creal ideal blanco 120 gr,abarrotes,1400,74,ALVARO MUÑOZ
1066,Local 1,7709990202717,7709990202717,crema benlic tubo x 20 g,medicamentos,11000,1,DISTRIMARIO SAS
1067,Local 1,7702024169291,7702024169291,crema de champiñones x 58 g,abarrotes,4000,1,PROGRESAR NESTLE
1068,Local 1,7709582770372,7709582770372,crema de chantilly vainilla x 250 g,abarrotes,13500,1,COMESTIBLES LABOYANA
1069,Local 1,7707296931652,7707296931652,Crema de guacamole 180gr,CATEGORIA ESTANDAR,4900,5,CAROLINA DE GARZON SOCIEDAD DEPOSITO CAROLINA
1070,Local 1,7705436030265,7705436030265,crema de leche 200 gr,lacteos,3700,3,RAMO .
1071,Local 1,7702001177363,7702001177363,Crema de leche alpina 170ml,lacteos,5300,5,ALPINA .
1072,Local 1,7702177024447,7702177024447,crema de leche alqueria x 125 g,bebidas,3200,6,DISTRIVENTAS DEL HUILA
1073,Local 1,7702177024461,7702177024461,crema de leche alqueria x 170 g,lacteos,4700,3,BIMBO DISTRIVENTAS DEL SUR
1074,Local 1,7702177022344,7702177022344,crema de leche alqueria x 400 g,lacteos,11400,0,BIMBO DISTRIVENTAS DEL SUR
1075,Local 1,7702477114121,7702477114121,crema de leche cremax x 125 g,bebidas,3000,6,ALPINA .
1076,Local 1,7707357923640,7707357923640,Crema de leche MR Quick 900ml,lacteos,16500,2,BIMBO DISTRIVENTAS DEL SUR
1077,Local 1,7700604054630,7700604054630,crema de leche parmalat x 125 ml,bebidas,3300,91,ALPINA .
1078,Local 1,7700604054616,7700604054616,crema de leche parmalat x 200 ml,bebidas,5400,4,ALPINA .
1079,Local 1,7700604054654,7700604054654,crema de leche parmalat x 400 ml,lacteos,9700,96,ALPINA .
1080,Local 1,7702130615491,7702130615491,Crema de leche proleche,autoservicio servitodo thaliana,3600,1,CAROLINA DE GARZON SOCIEDAD DEPOSITO CAROLINA
1081,Local 1,7702001161119,7702001161119,crema de leche x 110 gr,lacteos,3800,1,ALPINA .
1082,Local 1,7702006654364,7702006654364,Crema de peinar luminous sedal,aseo,1200,97,CAROLINA DE GARZON SOCIEDAD DEPOSITO CAROLINA
1083,Local 1,7702006202275,7702006202275,Crema de peinar multivitaminas Savital,CATEGORIA ESTANDAR,1100,12,CAROLINA DE GARZON SOCIEDAD DEPOSITO CAROLINA
1084,Local 1,7702006406505,7702006406505,crema de peinar savital serum,CATEGORIA ESTANDAR,4000,0,DISTRICUELLAR DISTRIBUCIONES CUELLAR
1085,Local 1,7702006208727,7702006208727,Crema de peinar savitar hialuronico,CATEGORIA ESTANDAR,1000,14,DISTRICUELLAR DISTRIBUCIONES CUELLAR
1086,Local 1,7702024600848,7702024600848,crema de pollo con champiñones x 60 g,abarrotes,4000,97,PROGRESAR NESTLE
1087,Local 1,7702354930967,7702354930967,Crema de pollo soperea 42.5gr,CATEGORIA ESTANDAR,1700,1,CAROLINA DE GARZON SOCIEDAD DEPOSITO CAROLINA
1088,Local 1,7702024408567,7702024408567,crema de pollo x 67 g,abarrotes,4000,10,PROGRESAR NESTLE
1089,Local 1,7702354949891,7702354949891,Crema de sancocho la sopera,CATEGORIA ESTANDAR,2600,1,DISTRICUELLAR DISTRIBUCIONES CUELLAR
1090,Local 1,7704631500023,7704631500023,crema dental cool-mint menta  x 70 g,aseo,4100,3,DISTRIMARIO SAS
1091,Local 1,7704631500016,7704631500016,crema dental cool-mint menta x 30 g,aseo,2000,3,DISTRIMARIO SAS
1092,Local 1,7891150083882,7891150083882,crema fortident limpieza profunda x 76 gr,aseo,3500,3,UNIMASIVOS .
1093,Local 1,7702024191308,7702024191308,crema marinela x 56 g,abarrotes,4000,10,PROGRESAR NESTLE
1094,Local 1,7702011163943,7702011163943,CREMA MUUU SABOR A CHOCOLATE,dulceria,600,2,COLOMBINA DISTRIBUCIONES
1095,Local 1,7702057088835,7702057088835,Crema numero 4,CATEGORIA ESTANDAR,11400,2,DISTRICUELLAR DISTRIBUCIONES CUELLAR
1096,Local 1,7702006653640,7702006653640,crema para peinar ego x 18 ml,aseo,1200,6,DISTRIMARIO SAS
1097,Local 1,7500435155793,7500435155793,crema para peinar heads shoulders x 16 ml,aseo,1000,13,DISTRIMARIO SAS
1098,Local 1,7702029211773,7702029211773,crema para peinar konzil ace.de almendras x 20 ml,aseo,1200,10,DISTRIMARIO SAS
1099,Local 1,7702029264823,7702029264823,crema para peinar konzil x 20 ml,aseo,1400,60,DISTRIMARIO SAS
1100,Local 1,7702354959340,7702354959340,Crema para peinar Nutribela Reparacion,CATEGORIA ESTANDAR,1300,104,DISTRICUELLAR DISTRIBUCIONES CUELLAR
1101,Local 1,7500435143769,7500435143769,crema para peinar pantene,aseo,1200,52,DISTRIVENTAS DEL HUILA
1102,Local 1,7500435256698,7500435256698,crema para peinar pantene keratina,aseo,1500,100,ALVARO MUÑOZ
1103,Local 1,7702006207782,7702006207782,crema para peinar sabila x 22 ml,aseo,1200,6,DISTRIMARIO SAS
1104,Local 1,7702006299251,7702006299251,crema para peinar savital argan x 90 ml,aseo,3500,2,DISTRICUELLAR DISTRIBUCIONES CUELLAR
1105,Local 1,7702006406055,7702006406055,crema para peinar savital complejo hialuronico x 95 ml,aseo,4000,2,UNIMASIVOS .
1106,Local 1,7702006404570,7702006404570,crema para peinar savital fusion protenias x 95 ml,aseo,3500,2,DISTRICUELLAR DISTRIBUCIONES CUELLAR
1107,Local 1,7702006202817,7702006202817,crema para peinar savital multivitaminas x 95 ml,aseo,4000,99,DISTRICUELLAR DISTRIBUCIONES CUELLAR
1108,Local 1,7702006400114,7702006400114,crema para peinar sedal rizos x 18 ml,aseo,1200,2,DISTRIMARIO SAS
1109,Local 1,7702024897590,7702024897590,Crema Pollo con Champiñones,autoservicio servitodo thaliana,2200,5,PROGRESAR NESTLE
1110,Local 1,7702006402620,7702006402620,"crema ponds aclarant B3 x 8,5 g",aseo,2500,103,UNIMASIVOS .
1111,Local 1,7707294372990,7707294372990,Cuaderno Cuadriculado 10hojas FAMA niña,abarrotes,2400,10,DISTRIHOGAR B.B
1112,Local 1,7707355925066,7707355925066,cuchara CHIC grande x 20 und,aseo,2200,0,PLASTICO SURCOLOMBIANO
1113,Local 1,7707355925097,7707355925097,cuchara CHIC pequeña x 20 und,aseo,1300,15,PLASTICO SURCOLOMBIANO
1114,Local 1,645667318091,645667318091,Cuchara dulcera,CATEGORIA ESTANDAR,1700,100,CAROLINA DE GARZON SOCIEDAD DEPOSITO CAROLINA
1115,Local 1,686743874728,686743874728,Cuchara dulcera x100,CATEGORIA ESTANDAR,3800,0,CAROLINA DE GARZON SOCIEDAD DEPOSITO CAROLINA
1116,Local 1,7709481928904,7709481928904,Cuchara pequeña x100,CATEGORIA ESTANDAR,4000,1,CAROLINA DE GARZON SOCIEDAD DEPOSITO CAROLINA
1117,Local 1,7707331831633,7707331831633,Cucharas 20uni,autoservicio servitodo thaliana,1100,3,CAROLINA DE GARZON SOCIEDAD DEPOSITO CAROLINA
1118,Local 1,745853440633,745853440633,cuchuco amarillo san jorge x 460 g,abarrotes,1500,746,DISTRIMARIO SAS
1119,Local 1,7702175137422,7702175137422,curcuma,CATEGORIA ESTANDAR,2500,4,DISTRIALDANA .
1120,Local 1,7709665578864,7709665578864,Curcuma gavius,autoservicio servitodo thaliana,2800,45,DISTRIALDANA .
1121,Local 1,114,114,curcuma la negra,abarrotes,1000,2,CAROLINA DE GARZON SOCIEDAD DEPOSITO CAROLINA
1122,Local 1,113,113,curcuma la negra,abarrotes,1000,87,CAROLINA DE GARZON SOCIEDAD DEPOSITO CAROLINA
1123,Local 1,7702189055040,7702189055040,De todito BBQ 400gr,CATEGORIA ESTANDAR,16300,1,CAROLINA DE GARZON SOCIEDAD DEPOSITO CAROLINA
1124,Local 1,7702189059260,7702189059260,De todito bbq bolsaza,CATEGORIA ESTANDAR,4200,1,CAROLINA DE GARZON SOCIEDAD DEPOSITO CAROLINA
1125,Local 1,7702189059284,7702189059284,De todito mix bolsaza 80g,CATEGORIA ESTANDAR,4200,1,CAROLINA DE GARZON SOCIEDAD DEPOSITO CAROLINA
1126,Local 1,7702189030443,7702189030443,De todito natural 400g,CATEGORIA ESTANDAR,16300,1,CAROLINA DE GARZON SOCIEDAD DEPOSITO CAROLINA
1127,Local 1,7702535020371,7702535020371,del valle 1.5l mandarina,bebidas,5000,94,CAROLINA DE GARZON SOCIEDAD DEPOSITO CAROLINA
1128,Local 1,7702535022054,7702535022054,Del valle frutas citricas 400ml,bebidas,2400,0,CAROLINA DE GARZON SOCIEDAD DEPOSITO CAROLINA
1129,Local 1,7702535034453,7702535034453,Del valle ponche 400ml,bebidas,2000,89,COCACOLA DISTRIBUCIONES
1130,Local 1,7500435129947,7500435129947,deo gillette gel coolwave,aseo,11500,9,SURTILIMA .
1131,Local 1,7702166075276,7702166075276,Dersa 2000gr,aseo,23500,98,CAROLINA DE GARZON SOCIEDAD DEPOSITO CAROLINA
1132,Local 1,7702166075290,7702166075290,Dersa 450gr,aseo,5600,97,CAROLINA DE GARZON SOCIEDAD DEPOSITO CAROLINA
1133,Local 1,7702166075283,7702166075283,Dersa 900gr,aseo,10000,95,CAROLINA DE GARZON SOCIEDAD DEPOSITO CAROLINA
1134,Local 1,7702166060128,7702166060128,Dersa 900ml,aseo,13200,7,GRADEZCO LTDA .
1135,Local 1,7702166009158,7702166009158,Dersa Azul Puro Bicarbonato x230g,CATEGORIA ESTANDAR,3200,3,GRADEZCO LTDA .
1136,Local 1,7702166041691,7702166041691,dersa bicarbonato,aseo,1700,0,CAROLINA DE GARZON SOCIEDAD DEPOSITO CAROLINA
1137,Local 1,7702166041653,7702166041653,Dersa bicarbonato + rey 2000gr,aseo,21000,8,GRADEZCO LTDA .
1138,Local 1,7702166041684,7702166041684,Dersa Bicarbonato 250g,CATEGORIA ESTANDAR,3500,96,CAROLINA DE GARZON SOCIEDAD DEPOSITO CAROLINA
1139,Local 1,7702166041677,7702166041677,Dersa Bicarbonato mas Jabon Rey 500g,aseo,6500,95,TECNOVENTAS DISTRIBUCIONES
1140,Local 1,7702166002449,7702166002449,Dersa Bicaronato mas Manzana 500gr,aseo,5900,95,CAROLINA DE GARZON SOCIEDAD DEPOSITO CAROLINA
1141,Local 1,7702166075047,7702166075047,Dersa floral 100gr,aseo,1600,94,CAROLINA DE GARZON SOCIEDAD DEPOSITO CAROLINA
1142,Local 1,7702166075016,7702166075016,Dersa floral 2000gr,aseo,23500,99,CAROLINA DE GARZON SOCIEDAD DEPOSITO CAROLINA
1143,Local 1,7702166075030,7702166075030,Dersa floral 450gr,aseo,5600,99,CAROLINA DE GARZON SOCIEDAD DEPOSITO CAROLINA
1144,Local 1,7702166075023,7702166075023,Dersa floral 900gr,aseo,10000,96,CAROLINA DE GARZON SOCIEDAD DEPOSITO CAROLINA
1145,Local 1,7702166024328,7702166024328,Dersa floral jazmin 1000gr,aseo,11000,94,CAROLINA DE GARZON SOCIEDAD DEPOSITO CAROLINA
1146,Local 1,7702166030107,7702166030107,Dersa lavaloza + rey 225gr,CATEGORIA ESTANDAR,3500,2,GRADEZCO LTDA .
1147,Local 1,7702166030084,7702166030084,Dersa limon 225GR,CATEGORIA ESTANDAR,3500,0,GRADEZCO LTDA .
1148,Local 1,7702166002463,7702166002463,dersa manzana 125g,aseo,1700,95,CAROLINA DE GARZON SOCIEDAD DEPOSITO CAROLINA
1149,Local 1,7702166002456,7702166002456,dersa Manzana 250g,aseo,3600,100,CAROLINA DE GARZON SOCIEDAD DEPOSITO CAROLINA
1150,Local 1,4513,31431,desechable contenedor sopa con tapa,aseo,1000,100,CAROLINA DE GARZON SOCIEDAD DEPOSITO CAROLINA
1151,Local 1,7702538014018,7702538014018,Deseo mango,aseo,2300,95,CAROLINA DE GARZON SOCIEDAD DEPOSITO CAROLINA
1152,Local 1,7702029173781,7702029173781,Desodorante balance women 30gr,CATEGORIA ESTANDAR,5000,2,CAROLINA DE GARZON SOCIEDAD DEPOSITO CAROLINA
1153,Local 1,7707839188024,7707839188024,Det. Ultrex Manzana x500g,aseo,3600,3,CAROLINA DE GARZON SOCIEDAD DEPOSITO CAROLINA
1154,Local 1,7702310047012,7702310047012,Detergente AK1 Manzana Verde 450g,aseo,6000,5,DISTRIMARIO SAS
1155,Local 1,7703812411288,7703812411288,Detergente blancox multi poder botella x1.8L,aseo,15500,1,DISTRIMARIO SAS
1156,Local 1,7703812013499,7703812013499,detergente liquido blancox  ropa oscura x 900 ml,aseo,11800,2,DISTRIMARIO SAS
1157,Local 1,7703812405638,7703812405638,detergente liquido blancox ropa color x 300 ml,aseo,3600,1,DISTRIMARIO SAS
1158,Local 1,7702166060111,7702166060111,Detergente Liquido DERSA 1800ML,aseo,25800,7,GRADEZCO LTDA .
1159,Local 1,7702166060579,7702166060579,Detergente Liquido DERSA 1800ML,aseo,24600,1,GRADEZCO LTDA .
1160,Local 1,7702166060005,7702166060005,Detergente liquido Dersa 4L,aseo,48800,0,GRADEZCO LTDA .
1161,Local 1,7702310043137,7702310043137,Detergente Liquido Super riel x1.6L,aseo,11500,4,DISTRIMARIO SAS
1162,Local 1,7702191163498,7702191163498,detergente multiusos 3D X 240 ML,aseo,3000,3,UNIMASIVOS .
1163,Local 1,7702191163474,7702191163474,detergente multiusos aloe vera x 1 l,aseo,10000,2,DISTRIMARIO SAS
1164,Local 1,7707839184781,7707839184781,detergente ultre floral pague 425 g lleve 500 g,aseo,3000,5,DISTRIMARIO SAS
1165,Local 1,7707839186143,7707839186143,detergente ultrex floral 900 gr,aseo,6200,6,ALVARO MUÑOZ
1166,Local 1,7707183664311,7707183664311,Detergente Ultrex Floral x500g,CATEGORIA ESTANDAR,3600,2,DISTRICUELLAR DISTRIBUCIONES CUELLAR
1167,Local 1,7707183660931,7707183660931,Detergente Ultrex liquido 2L,CATEGORIA ESTANDAR,15700,1,DISTRIMARIO SAS
1168,Local 1,7702006925426,7702006925426,detergente vel rosita x 300 ml,aseo,6000,2,DISTRIMARIO SAS
1169,Local 1,7707271382110,7707271382110,Detergente victory 1000ml,CATEGORIA ESTANDAR,5600,3,DISTRIMARIO SAS
1170,Local 1,7702189055545,7702189055545,DETODITO BBQ 50 GR,abarrotes,3200,3,MARGARITA DISTRIBUCIONES CUEVAS
1171,Local 1,7702189057624,7702189057624,detodito BBQ x 165 g,abarrotes,9400,24,CAROLINA DE GARZON SOCIEDAD DEPOSITO CAROLINA
1172,Local 1,7702189060310,7702189060310,Detodito Chimichurri Argentina,dulceria,3200,7,MARGARITA DISTRIBUCIONES CUEVAS
1173,Local 1,7702189057648,7702189057648,Detodito limon x 165 g,CATEGORIA ESTANDAR,9400,12,MARGARITA DISTRIBUCIONES CUEVAS
1174,Local 1,7702189057631,7702189057631,Detodito mix x 165 g,abarrotes,9400,2,PLASTICO SURCOLOMBIANO
1175,Local 1,7702189055552,7702189055552,DETODITO NATURAL 50 GR PAPAS,autoservicio servitodo thaliana,3200,0,MARGARITA DISTRIBUCIONES CUEVAS
1176,Local 1,7702189057617,7702189057617,detodito natural x 165 g,abarrotes,9400,0,ALPINA .
1177,Local 1,7702189059963,7702189059963,detodito pollo parrillero x 50 g,abarrotes,3200,44,MARGARITA DISTRIBUCIONES CUEVAS
1178,Local 1,7702189059000,7702189059000,DETODOTO FLAMIN-HOT X 50 G,abarrotes,3200,59,MARGARITA DISTRIBUCIONES CUEVAS
1179,Local 1,7700149348423,7700149348423,Disco mi dia,CATEGORIA ESTANDAR,1000,10,CAROLINA DE GARZON SOCIEDAD DEPOSITO CAROLINA
1180,Local 1,7707165889053,7707165889053,Display de Salsa para Carnes x6,autoservicio servitodo thaliana,8500,0,DISTRIALDANA .
1181,Local 1,9782312322940,9782312322940,DISTRIVENTAS DEL HUILA,autoservicio servitodo thaliana,2000,12,ALPINA .
1182,Local 1,7501072210265,7501072210265,Dog chow  adultos carne x100g,CATEGORIA ESTANDAR,2800,98,PROGRESAR NESTLE
1183,Local 1,7501072220929,7501072220929,Dog chow adulto alta proteina,CATEGORIA ESTANDAR,2800,99,CAROLINA DE GARZON SOCIEDAD DEPOSITO CAROLINA
1184,Local 1,7702521013578,7702521013578,dog chow adultos medianos y grandes x 350 g,abarrotes,4200,84,PROGRESAR NESTLE
1185,Local 1,7702521106034,7702521106034,DOG CHOW ADULTOS MINIS Y PEQUEÑOS X475G,CATEGORIA ESTANDAR,5400,0,PROGRESAR NESTLE
1186,Local 1,7702521125301,7702521125301,DOG CHOW ALTA PROTEINA X350G,CATEGORIA ESTANDAR,4200,15,PROGRESAR NESTLE
1187,Local 1,7702521656799,7702521656799,dog chow cachorros minis y pequeños 350 gr,abarrotes,4500,3,PROGRESAR NESTLE
1188,Local 1,7501072210272,7501072210272,dog chow cordero adultos x 100 g,abarrotes,2800,98,PROGRESAR NESTLE
1189,Local 1,7702521942663,7702521942663,Dog chow gran comienzo cachorros 475g,CATEGORIA ESTANDAR,5900,7,CAROLINA DE GARZON SOCIEDAD DEPOSITO CAROLINA
1190,Local 1,7501072210234,7501072210234,DOG CHOW Mini y pequeños x100g,CATEGORIA ESTANDAR,3100,16,PROGRESAR NESTLE
1191,Local 1,7501072220912,7501072220912,Dog chow nutricion reforzada,CATEGORIA ESTANDAR,2800,95,CAROLINA DE GARZON SOCIEDAD DEPOSITO CAROLINA
1192,Local 1,7501072210258,7501072210258,dog chow pollo cachorros x 100 g,abarrotes,3000,3,PROGRESAR NESTLE
1193,Local 1,7702521495046,7702521495046,dog chow purina 350 gr,abarrotes,4500,3,PROGRESAR NESTLE
1194,Local 1,7702521034986,7702521034986,dog chow purina adultos minis y pequeño 350 gr,CATEGORIA ESTANDAR,4000,96,PROGRESAR NESTLE
1195,Local 1,7501072220899,7501072220899,dog show nutricion carne adulto,CATEGORIA ESTANDAR,2800,3,ALPINA .
1196,Local 1,7707397791629,7707397791629,Dolex Forte,CATEGORIA ESTANDAR,2200,15,DISTRIMARIO SAS
1197,Local 1,7702084057378,7702084057378,Don kat adultos,autoservicio servitodo thaliana,4600,4,CAROLINA DE GARZON SOCIEDAD DEPOSITO CAROLINA
1198,Local 1,7702084000077,7702084000077,Don kat Cachorros,autoservicio servitodo thaliana,4500,96,MD DISTRIBUCIONES
1199,Local 1,7702193101252,7702193101252,don pancho avena en hojuelas x 180 g,abarrotes,2200,24,DISTRIMARIO SAS
1200,Local 1,7702193103119,7702193103119,don pancho mega bolsa x 600 g,abarrotes,7200,18,DISTRIMARIO SAS
1201,Local 1,7702193100491,7702193100491,don pancho mega bolsaen hojuela x 600 ml,abarrotes,5300,28,ALVARO MUÑOZ
1202,Local 1,7702084000008,7702084000008,donkan carne y cereal x 500 g,abarrotes,4000,91,MD DISTRIBUCIONES
1203,Local 1,7702084057156,7702084057156,donkat adultos,abarrotes,6700,93,MD DISTRIBUCIONES
1204,Local 1,7702084057125,7702084057125,donkat gaticos x 500 g,abarrotes,7200,24,MD DISTRIBUCIONES
1205,Local 1,7702011209085,7702011209085,Doraditas minitaco,dulceria,2900,93,CAROLINA DE GARZON SOCIEDAD DEPOSITO CAROLINA
1206,Local 1,7702011003812,7702011003812,Doraditas x 4,dulceria,9200,99,CAROLINA DE GARZON SOCIEDAD DEPOSITO CAROLINA
1207,Local 1,8801038568362,8801038568362,Dorco amarilla,CATEGORIA ESTANDAR,1000,30,CAROLINA DE GARZON SOCIEDAD DEPOSITO CAROLINA
1208,Local 1,8801038593180,8801038593180,dorco x 3 hojas,aseo,1800,13,DISTRICUELLAR DISTRIBUCIONES CUELLAR
1209,Local 1,8801038200026,8801038200026,dorco x 5 hojas,aseo,1500,77,DISTRIHOGAR B.B
1210,Local 1,7702085012307,7702085012307,Doria argollitas 250gr,CATEGORIA ESTANDAR,2400,13,CAROLINA DE GARZON SOCIEDAD DEPOSITO CAROLINA
1211,Local 1,7702085013076,7702085013076,Doria Cabello de Angel x500g,autoservicio servitodo thaliana,4300,4,GERDY DISTRIBUCIONES
1212,Local 1,7702085012123,7702085012123,Doria Conchas 250g,autoservicio servitodo thaliana,2400,78,GERDY DISTRIBUCIONES
1213,Local 1,7702085012178,7702085012178,Doria Corbatines 250g,autoservicio servitodo thaliana,2400,115,GERDY DISTRIBUCIONES
1214,Local 1,7702085012062,7702085012062,Doria fideo 250gr,CATEGORIA ESTANDAR,2400,2,CAROLINA DE GARZON SOCIEDAD DEPOSITO CAROLINA
1215,Local 1,7702085012246,7702085012246,Doria Letras 250g,autoservicio servitodo thaliana,2400,113,GERDY DISTRIBUCIONES
1216,Local 1,7702085012093,7702085012093,Doria Macarron 250g,autoservicio servitodo thaliana,2400,4,GERDY DISTRIBUCIONES
1217,Local 1,7702085012420,7702085012420,Doria Rigatoni 250g,autoservicio servitodo thaliana,2300,3,GERDY DISTRIBUCIONES
1218,Local 1,7702085012482,7702085012482,Doria tornillos 250gr,abarrotes,2400,71,CAROLINA DE GARZON SOCIEDAD DEPOSITO CAROLINA
1219,Local 1,7702189053817,7702189053817,dorito mega queso x45 gr,abarrotes,2800,31,MARGARITA DISTRIBUCIONES CUEVAS
1220,Local 1,7702189057921,7702189057921,doritos dinamita flamin hot 50 gr,abarrotes,3400,95,MARGARITA DISTRIBUCIONES CUEVAS
1221,Local 1,7702189057945,7702189057945,doritos dinamita limon taquero 50 gr,CATEGORIA ESTANDAR,3100,2,MARGARITA DISTRIBUCIONES CUEVAS
1222,Local 1,7702189060228,7702189060228,doritos dinamita ruleta flamin hot x 50 gr,dulceria,3400,3,MARGARITA DISTRIBUCIONES CUEVAS
1223,Local 1,7702189055835,7702189055835,Doritos flamin hot,CATEGORIA ESTANDAR,2800,83,CAROLINA DE GARZON SOCIEDAD DEPOSITO CAROLINA
1224,Local 1,7702189059802,7702189059802,DORITOS FLAMIN-HOL X 46 G,CATEGORIA ESTANDAR,2600,6,MARGARITA DISTRIBUCIONES CUEVAS
1225,Local 1,7702189060433,7702189060433,doritos incognita x40 gr,dulceria,3200,10,MARGARITA DISTRIBUCIONES CUEVAS
1226,Local 1,7702189059840,7702189059840,Doritos Jalapeño 150gr,CATEGORIA ESTANDAR,6800,1,CAROLINA DE GARZON SOCIEDAD DEPOSITO CAROLINA
1227,Local 1,7702189060280,7702189060280,doritos jalapeño x 41 gr,dulceria,2800,3,MARGARITA DISTRIBUCIONES CUEVAS
1228,Local 1,7702189045782,7702189045782,doritos mega queso x 185 g,abarrotes,9400,1,MARGARITA DISTRIBUCIONES CUEVAS
1229,Local 1,7702189059796,7702189059796,doritos pizza 46 gr,CATEGORIA ESTANDAR,2600,6,MARGARITA DISTRIBUCIONES CUEVAS
1230,Local 1,7702189059819,7702189059819,DORITOS QUESO X 48 G,CATEGORIA ESTANDAR,2600,9,MARGARITA DISTRIBUCIONES CUEVAS
1231,Local 1,7702189060006,7702189060006,DORITOS SABOR BBQ Dulce picante X41G,dulceria,2800,85,COLOMBINA DISTRIBUCIONES
1232,Local 1,7702189060235,7702189060235,Doriyos Dinamita ruleta limon taquero,dulceria,3400,93,GLOFER DISTRIBUCIONES
1233,Local 1,7702006204323,7702006204323,Dove acondicionador,aseo,1000,100,CAROLINA DE GARZON SOCIEDAD DEPOSITO CAROLINA
1234,Local 1,7506306241183,7506306241183,dove aerosol original 150 ml,aseo,19600,2,DISTRIMARCA HELADOS
1235,Local 1,7891150034075,7891150034075,dove cuidado indulgente 90 gr,aseo,5700,94,UNIMASIVOS .
1236,Local 1,7702006204408,7702006204408,"dove desodorante x 8,5 g",aseo,1600,11,DISTRIMARIO SAS
1237,Local 1,7891150050488,7891150050488,Dove Hidratacion shampoo,CATEGORIA ESTANDAR,23800,2,DISTRICUELLAR DISTRIBUCIONES CUELLAR
1238,Local 1,7891150019560,7891150019560,dove jabon karite 90 gr,aseo,5700,96,UNIMASIVOS .
1239,Local 1,7702006302159,7702006302159,dove jabon original 90 gr,aseo,5400,98,UNIMASIVOS .
1240,Local 1,78931640,78931640,dove men + care x 30 ml,aseo,4200,3,UNIMASIVOS .
1241,Local 1,7791293022819,7791293022819,dove men + core 150 ml,aseo,18500,2,UNIMASIVOS .
1242,Local 1,7791293012087,7791293012087,DOVE MEN CARE X 89G,CATEGORIA ESTANDAR,18500,1,ALPINA .
1243,Local 1,7891150051942,7891150051942,Dove original 75gr,aseo,4000,98,CAROLINA DE GARZON SOCIEDAD DEPOSITO CAROLINA
1244,Local 1,78931633,78931633,dove original x 30 ml,aseo,4200,3,UNIMASIVOS .
1245,Local 1,7702006653084,7702006653084,DOVE RECONSTRUCCION KERATINA ACONDICIONADOR 18 ML,CATEGORIA ESTANDAR,1200,5,UNIMASIVOS .
1246,Local 1,78928503,78928503,dove rol calendula 50 ml,aseo,11500,2,UNIMASIVOS .
1247,Local 1,7702006302432,7702006302432,Dove shampoo hidratacion,CATEGORIA ESTANDAR,1000,2,DISTRICUELLAR DISTRIBUCIONES CUELLAR
1248,Local 1,75062828,75062828,dove tono uniforme calendula 45 gr,aseo,19600,2,UNIMASIVOS .
1249,Local 1,7506306241152,7506306241152,dove tono uninforme calendula x 87 g,aseo,19600,1,UNIMASIVOS .
1250,Local 1,7501072220905,7501072220905,dow chow nutricion reforsada adulto,CATEGORIA ESTANDAR,2800,3,ALPINA .
1251,Local 1,7501033210808,7501033210808,dsodorante speed stick x 8 g,aseo,1200,53,DISTRIVENTAS DEL HUILA
1252,Local 1,7702025137770,7702025137770,Ducales provocacion x6,CATEGORIA ESTANDAR,9800,1,CAROLINA DE GARZON SOCIEDAD DEPOSITO CAROLINA
1253,Local 1,7707014904241,7707014904241,dulce fruti candy x 100 unid,CATEGORIA ESTANDAR,6500,5,ALVARO MUÑOZ
1254,Local 1,7702057091163,7702057091163,duraflex muscular,medicamentos,3200,49,ALVARO MUÑOZ
1255,Local 1,6987556331427,6987556331427,Duralight 15W,CATEGORIA ESTANDAR,8500,99,CAROLINA DE GARZON SOCIEDAD DEPOSITO CAROLINA
1256,Local 1,7708566677584,7708566677584,Duraznos Dcosechas lata x425g,abarrotes,8000,5,DISTRIMARCA HELADOS
1257,Local 1,7700149010726,7700149010726,Duraznos MiDia 820gr,CATEGORIA ESTANDAR,13000,3,CAROLINA DE GARZON SOCIEDAD DEPOSITO CAROLINA
1258,Local 1,7702025185368,7702025185368,Dux integral x9,CATEGORIA ESTANDAR,8700,49,CAROLINA DE GARZON SOCIEDAD DEPOSITO CAROLINA
1259,Local 1,7702025101290,7702025101290,Dux Original,CATEGORIA ESTANDAR,1000,27,CAROLINA DE GARZON SOCIEDAD DEPOSITO CAROLINA
1260,Local 1,7702025134366,7702025134366,Dux rellena de queso,CATEGORIA ESTANDAR,9200,1,CAROLINA DE GARZON SOCIEDAD DEPOSITO CAROLINA
1261,Local 1,7702025137619,7702025137619,Dux rellena de queso indv,CATEGORIA ESTANDAR,1600,6,CAROLINA DE GARZON SOCIEDAD DEPOSITO CAROLINA
1262,Local 1,7702025101306,7702025101306,Dux x9,CATEGORIA ESTANDAR,8700,100,CAROLINA DE GARZON SOCIEDAD DEPOSITO CAROLINA
1263,Local 1,7702191523353,7702191523353,Ego vitamin+care,aseo,3600,40,CAROLINA DE GARZON SOCIEDAD DEPOSITO CAROLINA
1264,Local 1,7702024854487,7702024854487,El rodeo 600gr,CATEGORIA ESTANDAR,17600,3,ALPINA .
1265,Local 1,7702024857778,7702024857778,el rodeo esencial x 75 g,abarrotes,3000,4,PROGRESAR NESTLE
1266,Local 1,7702024446934,7702024446934,el rodeo x 187 g,abarrotes,10000,3,PROGRESAR NESTLE
1267,Local 1,7702024454151,7702024454151,el rodeo x 25 g,abarrotes,1100,63,PROGRESAR NESTLE
1268,Local 1,7501125176470,7501125176470,electrolit fresa 625 ml,bebidas,9000,102,BAVARIA DISTRIBUCIONES
1269,Local 1,7501125184864,7501125184864,Electrolit Maracuya x625Ml,bebidas,9000,93,BAVARIA DISTRIBUCIONES
1270,Local 1,7501125176500,7501125176500,Electrolit naranja mandarina,bebidas,9000,6,BAVARIA DISTRIBUCIONES
1271,Local 1,7502316493284,7502316493284,Electrolit Ponche de frutas,bebidas,9000,102,CAROLINA DE GARZON SOCIEDAD DEPOSITO CAROLINA
1272,Local 1,7501125176531,7501125176531,electrolit sabor a fresa - Kiwi x 625 ml,medicamentos,9000,107,BAVARIA DISTRIBUCIONES
1273,Local 1,7501125185182,7501125185182,electrolit sabor a jamaica x 625 ml,medicamentos,8000,3,BAVARIA DISTRIBUCIONES
1274,Local 1,7501125184277,7501125184277,electrolit sabor a mora azul x 625 ml,bebidas,9000,12,TECNOVENTAS DISTRIBUCIONES
1275,Local 1,7501125176548,7501125176548,electrolit sabor a uva x 625 ml,medicamentos,9000,102,BAVARIA DISTRIBUCIONES
1276,Local 1,7707199348168,7707199348168,elite duo x 12 rollos,aseo,25200,7,DISTRICUELLAR DISTRIBUCIONES CUELLAR
1277,Local 1,7709554623590,7709554623590,elite duo x 4 rollos,aseo,8600,7,DISTRICUELLAR DISTRIBUCIONES CUELLAR
1278,Local 1,7707199343699,7707199343699,elite duo x 6 rollos,aseo,12200,92,DISTRICUELLAR DISTRIBUCIONES CUELLAR
1279,Local 1,7707199342210,7707199342210,Elite max resistente,CATEGORIA ESTANDAR,1300,21,COMESTIBLES LABOYANA
1280,Local 1,7707199344184,7707199344184,elite max resistente x 4 rollos,aseo,5700,8,DISTRICUELLAR DISTRIBUCIONES CUELLAR
1281,Local 1,7707199344979,7707199344979,Elite suave y resistente,CATEGORIA ESTANDAR,2000,24,DISTRICUELLAR DISTRIBUCIONES CUELLAR
1282,Local 1,7707199345723,7707199345723,elite suave y resistente x 12 rollos,aseo,16000,1000,DISTRICUELLAR DISTRIBUCIONES CUELLAR
1283,Local 1,7709554623545,7709554623545,elite suave y resistente x 4 rollos,aseo,6200,8,ALVARO MUÑOZ
1284,Local 1,7709554623514,7709554623514,elite ultra x 4,aseo,8800,1,DISTRICUELLAR DISTRIBUCIONES CUELLAR
1285,Local 1,7702044246385,7702044246385,elizabeth arden classic x 12 g,aseo,1400,18,DISTRIHOGAR B.B
1286,Local 1,7702108206799,7702108206799,ellas toallas higienicas delgada con alas x 8,aseo,3000,2,DISTRIMARIO SAS
1287,Local 1,7708874412709,7708874412709,empanada yul  x 25 und grande,carnicos,20500,1,ALVARO MUÑOZ
1288,Local 1,7708874412860,7708874412860,empanada yul x 10 und grande,carnicos,7800,1,ALVARO MUÑOZ
1289,Local 1,7709839332117,7709839332117,Empanadas Don Juan x25u,CATEGORIA ESTANDAR,19800,100,CAROLINA DE GARZON SOCIEDAD DEPOSITO CAROLINA
1290,Local 1,7708874412556,7708874412556,empanadas yul  x 25 unidades,abarrotes,17000,2,DISTRIMARCA HELADOS
1291,Local 1,5731764787511,5731764787511,Encendedor Soplete  recargable,abarrotes,3500,12,PLASTICO SURCOLOMBIANO
1292,Local 1,2000000000015,2000000000015,envuelto choclo mama,CATEGORIA ESTANDAR,1200,8,ALPINA .
1293,Local 1,7708304267992,7708304267992,Escoba colombia Andecol,aseo,10000,99,PLASTICO SURCOLOMBIANO
1294,Local 1,89788,|87897,Escoba color,aseo,8000,50,CAROLINA DE GARZON SOCIEDAD DEPOSITO CAROLINA
1295,Local 1,7709990086058,7709990086058,Escoba Dakota,aseo,10000,97,PLASTICO SURCOLOMBIANO
1296,Local 1,15661,8122,Escoba dalia suave,aseo,7200,100,CAROLINA DE GARZON SOCIEDAD DEPOSITO CAROLINA
1297,Local 1,7708304268043,7708304268043,escoba delta eco andecol,CATEGORIA ESTANDAR,7300,2,CAROLINA DE GARZON SOCIEDAD DEPOSITO CAROLINA
1298,Local 1,7707326560036,7707326560036,Escoba dura TR,CATEGORIA ESTANDAR,8900,9,CAROLINA DE GARZON SOCIEDAD DEPOSITO CAROLINA
1299,Local 1,7708781552970,8708711552970,Escoba mega cristal Blanca,aseo,10800,1,PLASTICO SURCOLOMBIANO
1300,Local 1,7709990086003,7709990086003,escoba super dana,aseo,11500,19,PLASTICO SURCOLOMBIANO
1301,Local 1,7707326560340,7707326560340,escoba super TR,aseo,10500,2,PLASTICO SURCOLOMBIANO
1302,Local 1,7707326560050,7707326560050,escoba tr maxi palma suave,aseo,7700,4,PLASTICO SURCOLOMBIANO
1303,Local 1,7708781552086,7708781552086,escoba tricolor,aseo,9000,48,PLASTICO SURCOLOMBIANO
1304,Local 1,7707326560753,7707326560753,Escoba Ultra TR,aseo,11500,9,PLASTICO SURCOLOMBIANO
1305,Local 1,213,213,Escoba wm color Superior Dura,aseo,8200,99,CAROLINA DE GARZON SOCIEDAD DEPOSITO CAROLINA
1306,Local 1,7708781552314,7708781552314,escoba wm suprema,aseo,10800,38,PLASTICO SURCOLOMBIANO
1307,Local 1,7708781552444,7708781552444,escoba wm tricolor,CATEGORIA ESTANDAR,9000,2,CAROLINA DE GARZON SOCIEDAD DEPOSITO CAROLINA
1308,Local 1,23,23,escoba zamora blanca,aseo,9400,7,PLASTICO SURCOLOMBIANO
1309,Local 1,7708781552154,7708781552154,escoba zamora de colores,aseo,13000,47,PLASTICO SURCOLOMBIANO
1310,Local 1,7709745599284,7709745599284,esencia de canela 60 cm,abarrotes,3200,5,TECNOVENTAS DISTRIBUCIONES
1311,Local 1,7702166012004,7702166012004,Esómjillon TOP x3UND,aseo,1400,2,PLASTICO SURCOLOMBIANO
1312,Local 1,7701027915102,7701027915102,esponja acero inoxidable Brio,aseo,2100,11,DISTRICUELLAR DISTRIBUCIONES CUELLAR
1313,Local 1,143,143,esponja doble uso,aseo,500,103,DISTRIHOGAR B.B
1314,Local 1,7707355940274,7707355940274,Esponja Magicbril oro plata,aseo,1500,2,PLASTICO SURCOLOMBIANO
1315,Local 1,7707202226186,7707202226186,Esponja Matrix,aseo,800,108,DISTRIHOGAR B.B
1316,Local 1,7709410738833,7709410738833,Esponja Quality Acerada Multiusos,aseo,1800,41,PLASTICO SURCOLOMBIANO
1317,Local 1,7702560037948,7702560037948,esponja yes malla,aseo,1000,2,DISTRICUELLAR DISTRIBUCIONES CUELLAR
1318,Local 1,7709126248206,7709126248206,esponjas power,aseo,1000,965,DISTRIHOGAR B.B
1319,Local 1,7702137004021,7702137004021,esponjilla bon bril x 16 und,aseo,5500,6,DISTRICUELLAR DISTRIBUCIONES CUELLAR
1320,Local 1,7702213051512,7702213051512,esponjilla bon bril x 6 und,aseo,3000,3,DISTRICUELLAR DISTRIBUCIONES CUELLAR
1321,Local 1,7707335283537,7707335283537,Esponjilla furor x12,aseo,3900,4,DISTRIVENTAS DEL HUILA
1322,Local 1,7709717312484,7709717312484,esponjilla power,CATEGORIA ESTANDAR,3600,100,CAROLINA DE GARZON SOCIEDAD DEPOSITO CAROLINA
1323,Local 1,7709717312422,7709717312422,Esponjilla Power,CATEGORIA ESTANDAR,1700,75,DISTRIMARIO SAS
1324,Local 1,7702560038495,7702560038495,esponjilla yes,aseo,4000,1,CAROLINA DE GARZON SOCIEDAD DEPOSITO CAROLINA
1325,Local 1,7702166012127,7702166012127,esponjillon top x 1,aseo,500,37,CAROLINA DE GARZON SOCIEDAD DEPOSITO CAROLINA
1326,Local 1,7702166012202,7702166012202,Esponjillon TOP x12UND,aseo,5000,0,PLASTICO SURCOLOMBIANO
1327,Local 1,8999002604755,8999002604755,eveready AAA,abarrotes,2300,10,DISTRIMARIO SAS
1328,Local 1,7501037608946,7501037608946,exacta 2 prestobarba,aseo,2200,11,TECNOVENTAS DISTRIBUCIONES
1329,Local 1,7702191164280,7702191164280,fab DT polvo ultra x 450 g,aseo,6000,53,UNIMASIVOS .
1330,Local 1,7702191164402,7702191164402,Fab ultra flash 450g,CATEGORIA ESTANDAR,6200,0,DISTRICUELLAR DISTRIBUCIONES CUELLAR
1331,Local 1,7702191164327,7702191164327,fab ultra flash en polvo 2 kilo,aseo,28000,2,UNIMASIVOS .
1332,Local 1,7702191452158,7702191452158,Fab ultra flash vibra color 700gr,CATEGORIA ESTANDAR,8500,6,DISTRICUELLAR DISTRIBUCIONES CUELLAR
1333,Local 1,7702191452165,7702191452165,fab ultra flash x 1 kg,aseo,13300,1,UNIMASIVOS .
1334,Local 1,7702191164266,7702191164266,fab ultra flash x 100 g,aseo,1800,98,UNIMASIVOS .
1335,Local 1,7702191164273,7702191164273,fab ultra flash x 225 g,aseo,3300,5,UNIMASIVOS .
1336,Local 1,7702191452141,7702191452141,fab ultra flash x 700 g,aseo,9200,18,UNIMASIVOS .
1337,Local 1,7702191164365,7702191164365,fab ultra flash x4 fg,aseo,55000,1,UNIMASIVOS .
1338,Local 1,7702191164389,7702191164389,Fab Ultra Flash x5Kg,aseo,55000,9,UNIMASIVOS .
1339,Local 1,7702191164341,7702191164341,fab ultraflash 3 kg,aseo,40000,97,UNIMASIVOS .
1340,Local 1,7702010225222,7702010225222,fabuloso  aroma floral x 500 ml,aseo,5000,92,DISTRIMARIO SAS
1341,Local 1,7509546701530,7509546701530,fabuloso alternativa cloro x 500 ml,aseo,5000,0,ALPINA .
1342,Local 1,7509546683690,7509546683690,fabuloso alternativo al cloro x 180 g,aseo,2100,86,DISTRIMARIO SAS
1343,Local 1,7509546683270,7509546683270,fabuloso aroma de bebe x 180 ml,aseo,2100,95,DISTRIMARIO SAS
1344,Local 1,7509546688756,7509546688756,fabuloso aroma energia naranja x 180 ml,aseo,2100,8,DISTRIMARIO SAS
1345,Local 1,7509546683287,7509546683287,fabuloso aroma floral x 180 ml,aseo,2100,7,DISTRIMARIO SAS
1346,Local 1,7509546683324,7509546683324,fabuloso aroma fresca lavanda  x 180 ml,aseo,2100,45,DISTRIMARIO SAS
1347,Local 1,7509546688787,7509546688787,fabuloso energia naranja 500 ml,aseo,5000,103,DISTRIMARIO SAS
1348,Local 1,7509546682167,7509546682167,fabuloso fresca lavanda  x 500 ml,aseo,4500,97,DISTRIMARIO SAS
1349,Local 1,7702010225147,7702010225147,fabuloso lavanda x 50 ml,aseo,5000,29,DISTRIMARIO SAS
1350,Local 1,7509546683263,7509546683263,fabuloso ultra frescura fresca aroma  lavanda x 180 ml,aseo,2100,13,DISTRIMARIO SAS
1351,Local 1,7702026148560,7702026148560,familia acolchamax extra grande 4 rollos,aseo,10500,92,DISTRIMARIO SAS
1352,Local 1,7702026147471,7702026147471,familia acolchamax megarollo x 1,aseo,2600,866,DISTRICUELLAR DISTRIBUCIONES CUELLAR
1353,Local 1,7702026148492,7702026148492,familia acolchamax megarollo x 12 rollos,aseo,31000,12,DISTRIMARIO SAS
1354,Local 1,7702026143343,7702026143343,Familia eliminador de olores,CATEGORIA ESTANDAR,17000,0,DISTRIMARIO SAS
1355,Local 1,7702026148515,7702026148515,familia expert x 1,aseo,2800,875,DISTRICUELLAR DISTRIBUCIONES CUELLAR
1356,Local 1,7702026154967,7702026154967,Familia Expert x4 Rollos,aseo,13000,992,DISTRIMARIO SAS
1357,Local 1,7702026148348,7702026148348,familia familiar x 1,aseo,1600,89,DISTRICUELLAR DISTRIBUCIONES CUELLAR
1358,Local 1,7702026148355,7702026148355,Familia Familiar x4,aseo,7000,30,DISTRIMARIO SAS
1359,Local 1,7702026163365,7702026163365,familia fliar x26m,aseo,1600,95,CAROLINA DE GARZON SOCIEDAD DEPOSITO CAROLINA
1360,Local 1,7702026161002,7702026161002,Familia green,aseo,2100,25,CAROLINA DE GARZON SOCIEDAD DEPOSITO CAROLINA
1361,Local 1,7702026152604,7702026152604,familia green x 1,aseo,2000,31,DISTRICUELLAR DISTRIBUCIONES CUELLAR
1362,Local 1,7702026188528,7702026188528,familia practi -diarias x 50 toallas,aseo,2800,2,MD DISTRIBUCIONES
1363,Local 1,7702026148331,7702026148331,Familia x 12 A colchamax,aseo,26500,0,DISTRIMARIO SAS
1364,Local 1,7702026155612,7702026155612,familia xl x 12 rollos,aseo,17700,5,DISTRIMARIO SAS
1365,Local 1,124587,125478,Family coffe 250gr,CATEGORIA ESTANDAR,13500,5,CAROLINA DE GARZON SOCIEDAD DEPOSITO CAROLINA
1366,Local 1,7707096622880,7707096622880,Farina canela,abarrotes,4000,48,DISTRIALDANA .
1367,Local 1,7707096683621,7707096683621,Farina leche condensada,abarrotes,4000,48,DISTRIALDANA .
1368,Local 1,7707096684123,7707096684123,Farina natural,abarrotes,4000,47,DISTRIALDANA .
1369,Local 1,7707096655789,7707096655789,Farina vainilla,abarrotes,4000,48,DISTRIALDANA .
1370,Local 1,7702230663279,7702230663279,fassi lava losa manzanilla poder 450 gr,aseo,6000,49,DISTRIMARIO SAS
1371,Local 1,7702230662272,7702230662272,fassi lavalosa oxipoder,aseo,6000,50,DISTRIMARIO SAS
1372,Local 1,7702088209698,7702088209698,fassi lavalosa vinagre-bicarbonato 450 gr,aseo,6000,49,DISTRIMARIO SAS
1373,Local 1,60,60,fecula r-p x lb,abarrotes,3500,916,CAROLINA DE GARZON SOCIEDAD DEPOSITO CAROLINA
1374,Local 1,7708921830371,7708921830371,felini integral x 10 unidades,abarrotes,3200,43,FELINI DISTRIBUCIONES
1375,Local 1,7708921830326,7708921830326,felini mantequilla x 10 unidades,CATEGORIA ESTANDAR,3200,4,FELINI DISTRIBUCIONES
1376,Local 1,7708921830395,7708921830395,felini suizas,abarrotes,1800,6,FELINI DISTRIBUCIONES
1377,Local 1,7708921830302,7708921830302,felini x 12 unidades,abarrotes,3400,86,GERDY DISTRIBUCIONES
1378,Local 1,7501072209818,7501072209818,Felix 85g,CATEGORIA ESTANDAR,3000,47,CAROLINA DE GARZON SOCIEDAD DEPOSITO CAROLINA
1379,Local 1,7501072219695,7501072219695,felix comida humeda MeCamix 85g,CATEGORIA ESTANDAR,3000,10,PROGRESAR NESTLE
1380,Local 1,7702025142026,7702025142026,Festival  Recreo 12 paquetes x6,autoservicio servitodo thaliana,16200,2,GERDY DISTRIBUCIONES
1381,Local 1,7702025136773,7702025136773,Festival fresa x und,dulceria,1500,40,COLOMBINA DISTRIBUCIONES
1382,Local 1,7702025146178,7702025146178,Festival minichips x12,CATEGORIA ESTANDAR,18400,1,CAROLINA DE GARZON SOCIEDAD DEPOSITO CAROLINA
1383,Local 1,7702025142033,7702025142033,Festival recreo,dulceria,1500,3,CAROLINA DE GARZON SOCIEDAD DEPOSITO CAROLINA
1384,Local 1,7702025182169,7702025182169,festival sabor a chocolate x 600 g,dulceria,16300,98,GERDY DISTRIBUCIONES
1385,Local 1,7702025182145,7702025182145,festival sabor a fresa x 600 ml,CATEGORIA ESTANDAR,16000,0,GERDY DISTRIBUCIONES
1386,Local 1,7702025182176,7702025182176,festival sabor a limon x 600 ml,CATEGORIA ESTANDAR,17000,10,GERDY DISTRIBUCIONES
1387,Local 1,7702025136735,7702025136735,Festival vainilla por und,dulceria,1500,90,CAROLINA DE GARZON SOCIEDAD DEPOSITO CAROLINA
1388,Local 1,7702025182152,7702025182152,festival vainilla x 600 g,CATEGORIA ESTANDAR,15500,1,GERDY DISTRIBUCIONES
1389,Local 1,7702020111638,7702020111638,fideos la muñeca x 200 g,abarrotes,1500,998,DISTRIMARIO SAS
1390,Local 1,65,65,Filpo adultos rp x 1 kl,abarrotes,4000,85,DISTRICUELLAR DISTRIBUCIONES CUELLAR
1391,Local 1,7702175157253,7702175157253,finas hierbas el rey x 15 g,abarrotes,2600,48,DISTRIALDANA .
1392,Local 1,112,112,finas hiervas la negra,abarrotes,1000,12,CAROLINA DE GARZON SOCIEDAD DEPOSITO CAROLINA
1393,Local 1,7702535034477,7702535034477,Flashlyte uva,bebidas,6800,94,CAROLINA DE GARZON SOCIEDAD DEPOSITO CAROLINA
1394,Local 1,785412,785412,flor de jamaica,abarrotes,2000,81,CAROLINA DE GARZON SOCIEDAD DEPOSITO CAROLINA
1395,Local 1,7702560042416,7702560042416,fluo carden triple accion x 36 g,aseo,3000,3,MD DISTRIBUCIONES
1396,Local 1,7702560043857,7702560043857,fluo cardent crema para niñas x 96 g,aseo,11000,1,DISTRICUELLAR DISTRIBUCIONES CUELLAR
1397,Local 1,7702560043840,7702560043840,fluo cardent crema para niños x 96 g,aseo,11000,3,DISTRICUELLAR DISTRIBUCIONES CUELLAR
1398,Local 1,7702560050008,7702560050008,fluo cardent max x 50 ml + prom 22 ml,aseo,3700,6,DISTRICUELLAR DISTRIBUCIONES CUELLAR
1399,Local 1,7702560041792,7702560041792,fluo cardent triple accion max -crema+cepillo x 50 ml,aseo,4400,9,DISTRIMARIO SAS
1400,Local 1,7702560042010,7702560042010,fluo cardent triple accion max- x 50 ml,aseo,4200,5,DISTRIMARIO SAS
1401,Local 1,7891150086722,7891150086722,fortident cuatriaccion blanqueadora x 76 g,aseo,3500,47,DISTRIMARIO SAS
1402,Local 1,7891150083899,7891150083899,fortident cuatriaccion total protect x 76 g,aseo,3500,2,UNIMASIVOS .
1403,Local 1,7703252002718,7703252002718,Fosforos bengala x2,CATEGORIA ESTANDAR,3000,97,CAROLINA DE GARZON SOCIEDAD DEPOSITO CAROLINA
1404,Local 1,7707015503054,7707015503054,fosforos el sol,abarrotes,3000,98,PLASTICO SURCOLOMBIANO
1405,Local 1,1047852,01479865,Fosforos grandes,abarrotes,1500,73,CAROLINA DE GARZON SOCIEDAD DEPOSITO CAROLINA
1406,Local 1,283,283,Fosforos pequeños el sol,abarrotes,500,36,DISTRIVENTAS DEL HUILA
1407,Local 1,7708146541748,7708146541748,frasco achiras premium x 200 gr acacias,abarrotes,17600,106,FELINI DISTRIBUCIONES
1408,Local 1,7707124900317,7707124900317,Fresco de avena fresa,abarrotes,4000,47,DISTRIALDANA .
1409,Local 1,7707124900300,7707124900300,Fresco de avena vainilla,abarrotes,4000,47,DISTRIALDANA .
1410,Local 1,6950225101850,6950225101850,Fresh mini xylitol crema dental natural x120g,CATEGORIA ESTANDAR,30000,7,DISTRIALDANA .
1411,Local 1,7707337870971,7707337870971,frijol calima grano grande x 454 g,abarrotes,5000,882,CAROLINA DE GARZON SOCIEDAD DEPOSITO CAROLINA
1412,Local 1,457812,457812,Frijol reempacado,CATEGORIA ESTANDAR,5000,3,CAROLINA DE GARZON SOCIEDAD DEPOSITO CAROLINA
1413,Local 1,7706649443781,7706649443781,Fritura,autoservicio servitodo thaliana,45000,1,CAROLINA DE GARZON SOCIEDAD DEPOSITO CAROLINA
1414,Local 1,7706649262320,7706649262320,fritura x 1000 g,abarrotes,16000,3,DISTRICUELLAR DISTRIBUCIONES CUELLAR
1415,Local 1,7706649065945,7706649065945,fritura x 2000 g,abarrotes,31900,3,DISTRICUELLAR DISTRIBUCIONES CUELLAR
1416,Local 1,7702103131775,7702103131775,Froot loops 30gr,dulceria,1800,90,CAROLINA DE GARZON SOCIEDAD DEPOSITO CAROLINA
1417,Local 1,7702047041512,7702047041512,Fruco BBQ El sabor de Colombia 120g,autoservicio servitodo thaliana,3000,106,UNIMASIVOS .
1418,Local 1,7702047041284,7702047041284,fruco mayonesa x 120 g,abarrotes,2700,5,UNIMASIVOS .
1419,Local 1,7702047041260,7702047041260,fruco mayonesa x 80 g,abarrotes,2300,12,DISTRIMARIO SAS
1420,Local 1,7702047021934,7702047021934,FRUCO MOSTAZA,abarrotes,8500,99,UNIMASIVOS .
1421,Local 1,7702047041277,7702047041277,fruco salsa BBQ toque aumado x 80 g,abarrotes,2600,47,DISTRIMARIO SAS
1422,Local 1,7702047001769,7702047001769,fruco salsa china x 150 ml,abarrotes,8000,1,UNIMASIVOS .
1423,Local 1,7702047041246,7702047041246,fruco salsa con mostaza x 80 g,abarrotes,2600,8,DISTRIMARIO SAS
1424,Local 1,7702047038758,7702047038758,fruco salsa de mayonesa x 190,abarrotes,6500,6,UNIMASIVOS .
1425,Local 1,7702047001851,7702047001851,fruco salsa de soya x 154 ml,abarrotes,7600,2,UNIMASIVOS .
1426,Local 1,7702047041291,7702047041291,fruco salsa de tomate x 120 g,abarrotes,2900,14,UNIMASIVOS .
1427,Local 1,7702047038765,7702047038765,fruco salsa de tomate x 190 g,abarrotes,7500,101,UNIMASIVOS .
1428,Local 1,7702047005330,7702047005330,fruco salsa de tomate x 400 g,abarrotes,12000,101,UNIMASIVOS .
1429,Local 1,7702047041253,7702047041253,fruco salsa de tomate x 80 g,abarrotes,2300,12,UNIMASIVOS .
1430,Local 1,7702047040652,7702047040652,FRUKO BBQ 180G,CATEGORIA ESTANDAR,8900,10,UNIMASIVOS .
1431,Local 1,256,256,fruna x unidad,dulceria,600,72,GLOFER DISTRIBUCIONES
1432,Local 1,7702174888233,7702174888233,Frunas aros,CATEGORIA ESTANDAR,2200,5,CAROLINA DE GARZON SOCIEDAD DEPOSITO CAROLINA
1433,Local 1,7489651,12357896,Frunas por und,dulceria,600,84,COLOMBINA DISTRIBUCIONES
1434,Local 1,7702174906487,7702174906487,Frunas Rellenas,CATEGORIA ESTANDAR,14000,1,CAROLINA DE GARZON SOCIEDAD DEPOSITO CAROLINA
1435,Local 1,7845656,4612545,Frunas rellenas x und,dulceria,200,95,CAROLINA DE GARZON SOCIEDAD DEPOSITO CAROLINA
1436,Local 1,7702174087582,7702174087582,Frunas x26,dulceria,13900,12,DISTRICUELLAR DISTRIBUCIONES CUELLAR
1437,Local 1,83,83,fruta cristalizada,abarrotes,1000,8,CAROLINA DE GARZON SOCIEDAD DEPOSITO CAROLINA
1438,Local 1,91,91,fruta cristalizada,abarrotes,2000,5,CAROLINA DE GARZON SOCIEDAD DEPOSITO CAROLINA
1439,Local 1,7702011009722,7702011009722,Fruticas love candy x100,dulceria,12500,98,CAROLINA DE GARZON SOCIEDAD DEPOSITO CAROLINA
1440,Local 1,4165,7415,Fruticas love x und,dulceria,200,1000,CAROLINA DE GARZON SOCIEDAD DEPOSITO CAROLINA
1441,Local 1,7702011001726,7702011001726,Fruticas x100,dulceria,12500,98,COLOMBINA DISTRIBUCIONES
1442,Local 1,7702354955960,7702354955960,frutiño sabor a corozo x 10 g,abarrotes,1000,15,DISTRICUELLAR DISTRIBUCIONES CUELLAR
1443,Local 1,7702354957995,7702354957995,frutiño sabor a durazno x 10 g,abarrotes,800,6,DISTRICUELLAR DISTRIBUCIONES CUELLAR
1444,Local 1,7702354955984,7702354955984,frutiño sabor a fresa sandia x 10 g,abarrotes,1000,10,DISTRICUELLAR DISTRIBUCIONES CUELLAR
1445,Local 1,7702354955830,7702354955830,frutiño sabor a fresa x 10 g,abarrotes,800,9,DISTRICUELLAR DISTRIBUCIONES CUELLAR
1446,Local 1,7702354955946,7702354955946,frutiño sabor a frutos rojos x 10 g,abarrotes,1000,14,DISTRICUELLAR DISTRIBUCIONES CUELLAR
1447,Local 1,7702354957988,7702354957988,frutiño sabor a guanabana x 10 g,abarrotes,1000,8,DISTRICUELLAR DISTRIBUCIONES CUELLAR
1448,Local 1,7702354955908,7702354955908,frutiño sabor a limonada  x 10 g,abarrotes,1000,1,DISTRICUELLAR DISTRIBUCIONES CUELLAR
1449,Local 1,7702354955922,7702354955922,frutiño sabor a lulo x 10 g,abarrotes,1000,8,DISTRICUELLAR DISTRIBUCIONES CUELLAR
1450,Local 1,7702354955915,7702354955915,frutiño sabor a mango de azucar x 10 g,abarrotes,1000,21,DISTRICUELLAR DISTRIBUCIONES CUELLAR
1451,Local 1,7702354958404,7702354958404,frutiño sabor a maracu  mango x 10 g,abarrotes,1000,15,DISTRICUELLAR DISTRIBUCIONES CUELLAR
1452,Local 1,7702354955977,7702354955977,frutiño sabor a maracupiña x 10 g,abarrotes,1000,1,DISTRICUELLAR DISTRIBUCIONES CUELLAR
1453,Local 1,7702354955878,7702354955878,frutiño sabor a maracuya x 10 g,CATEGORIA ESTANDAR,1000,6,DISTRICUELLAR DISTRIBUCIONES CUELLAR
1454,Local 1,7702354955892,7702354955892,frutiño sabor a mora dulce x 10 g,abarrotes,1000,12,DISTRICUELLAR DISTRIBUCIONES CUELLAR
1455,Local 1,7702354955861,7702354955861,frutiño sabor a naranja x 10 g,abarrotes,1000,992,DISTRICUELLAR DISTRIBUCIONES CUELLAR
1456,Local 1,7702354955939,7702354955939,frutiño sabor a piña x 10 g,abarrotes,1000,11,DISTRICUELLAR DISTRIBUCIONES CUELLAR
1457,Local 1,7702354955847,7702354955847,frutiño sabor a salpicon x 10 g,abarrotes,1000,103,DISTRICUELLAR DISTRIBUCIONES CUELLAR
1458,Local 1,7702354955991,7702354955991,frutiño sabor a tamarindo x 10 g,abarrotes,1000,21,DISTRICUELLAR DISTRIBUCIONES CUELLAR
1459,Local 1,7702354955953,7702354955953,frutiño sabor panela limon x 10 g,abarrotes,1000,1,DISTRICUELLAR DISTRIBUCIONES CUELLAR
1460,Local 1,7702354960353,7702354960353,Frutiño Sabor Salpicon de frutos amarillos,autoservicio servitodo thaliana,1000,14,DISTRIMARIO SAS
1461,Local 1,7702354955885,7702354955885,Frutiño uva,CATEGORIA ESTANDAR,1000,0,DISTRICUELLAR DISTRIBUCIONES CUELLAR
1462,Local 1,7707322312608,7707322312608,frutti anillos x 145 g,abarrotes,3500,8,COMESTIBLES LABOYANA
1463,Local 1,7707332233351,7707332233351,frutti anillos x 240 g,abarrotes,5200,96,COMESTIBLES LABOYANA
1464,Local 1,7707332234433,7707332234433,frutti anillos x 480 g,abarrotes,9200,16,COMESTIBLES LABOYANA
1465,Local 1,7707332231258,7707332231258,frutti bolitas x 145 g,abarrotes,3500,10,COMESTIBLES LABOYANA
1466,Local 1,7707332281109,7707332281109,frutti bolitas x 240 g,abarrotes,5200,13,COMESTIBLES LABOYANA
1467,Local 1,7707332234426,7701332834426,frutti bolitas x 480 g,abarrotes,9200,26,COMESTIBLES LABOYANA
1468,Local 1,14789,14789,Fruver,CATEGORIA ESTANDAR,0,1854,CAROLINA DE GARZON SOCIEDAD DEPOSITO CAROLINA
1469,Local 1,7702914597999,7702914597999,Gala *5,dulceria,11500,22,CAROLINA DE GARZON SOCIEDAD DEPOSITO CAROLINA
1470,Local 1,7702914597951,7702914597951,gala sabor a chocolate x 60 g,dulceria,2400,95,RAMO .
1471,Local 1,7702914597968,7702914597968,gala sabor a coco x 60 g,dulceria,2400,92,RAMO .
1472,Local 1,7702914597982,7702914597982,gala sabor a vainilla x 60 g,dulceria,2400,72,RAMO .
1473,Local 1,7702914597975,7702914597975,gala sabor natural x 60 g,dulceria,2400,93,RAMO .
1474,Local 1,7702011205179,7702011205179,Galleta Brinky limon x12 Paquetes,autoservicio servitodo thaliana,10000,49,COLOMBINA DISTRIBUCIONES
1475,Local 1,7702011269966,7702011269966,GALLETA BRINKY LIMON X6,autoservicio servitodo thaliana,1300,20,ALPINA .
1476,Local 1,7622201764432,7622201764432,galleta chips ahoy x 37 gr,dulceria,2200,7,ALVARO MUÑOZ
1477,Local 1,7702025139897,7702025139897,galleta ducales x  2 tacos,abarrotes,6300,77,GERDY DISTRIBUCIONES
1478,Local 1,7702025136759,7702025136759,galleta festival chocolate 50 gr,autoservicio servitodo thaliana,1600,93,BIMBO DISTRIVENTAS DEL SUR
1479,Local 1,7702025103867,7702025103867,GALLETA FESTIVAL FRESA X12,CATEGORIA ESTANDAR,12700,99,GERDY DISTRIBUCIONES
1480,Local 1,7702025136797,7702025136797,Galleta Festival Limon,dulceria,1600,39,COLOMBINA DISTRIBUCIONES
1481,Local 1,7702025103829,7702025103829,Galleta Festival Limon x 12 paq x 4 galletas,dulceria,13000,9,GERDY DISTRIBUCIONES
1482,Local 1,7702025103744,7702025103744,GALLETA FESTIVAL VAINILLA X12,CATEGORIA ESTANDAR,13000,1,GERDY DISTRIBUCIONES
1483,Local 1,7702025103904,7702025103904,GALLETA FESTIVAL X12,CATEGORIA ESTANDAR,13000,0,GERDY DISTRIBUCIONES
1484,Local 1,7816556,45146545,Galleta girasol caserita,dulceria,500,97,CAROLINA DE GARZON SOCIEDAD DEPOSITO CAROLINA
1485,Local 1,7702117001941,7702117001941,galleta hiper  wafers arequipe x 8 und,CATEGORIA ESTANDAR,6900,3,DISTRICUELLAR DISTRIBUCIONES CUELLAR
1486,Local 1,7702117002641,7702117002641,galleta hiper lonchera fresa x 12 und,CATEGORIA ESTANDAR,6300,3,DISTRICUELLAR DISTRIBUCIONES CUELLAR
1487,Local 1,7702117001866,7702117001866,galleta hiper wafer fresa x 8 und,CATEGORIA ESTANDAR,6900,3,DISTRICUELLAR DISTRIBUCIONES CUELLAR
1488,Local 1,7702117001774,7702117001774,galleta hiper wafers vainilla x 8 und,CATEGORIA ESTANDAR,6900,3,DISTRICUELLAR DISTRIBUCIONES CUELLAR
1489,Local 1,7702024662341,7702024662341,Galleta milo *28,CATEGORIA ESTANDAR,18000,0,CAROLINA DE GARZON SOCIEDAD DEPOSITO CAROLINA
1490,Local 1,7702024064473,7702024064473,galleta milo 48.7 gr,dulceria,1600,31,PROGRESAR NESTLE
1491,Local 1,7707290713810,7707290713810,Galleta navideña Caseritas,CATEGORIA ESTANDAR,8000,11,CAROLINA DE GARZON SOCIEDAD DEPOSITO CAROLINA
1492,Local 1,7702025118311,7702025118311,Galleta Noel Tipo leche x21 Paq.,autoservicio servitodo thaliana,10200,99,GERDY DISTRIBUCIONES
1493,Local 1,7702011200877,7702011200877,GALLETA NUCITA,abarrotes,900,6,COLOMBINA DISTRIBUCIONES
1494,Local 1,7622202809019,7622202809019,Galleta Oreo Golden fresa x6paq,dulceria,10000,10,COLOMBINA DISTRIBUCIONES
1495,Local 1,7702133009013,7702133009013,galleta oreo regular x 6 unidades,dulceria,9500,6,GUADALUPE ARDICOLL
1496,Local 1,7622201693213,7622201693213,galleta oreo tuvo x 108 g,dulceria,3500,983,GUADALUPE ARDICOLL
1497,Local 1,7590011251100,7590011251100,galleta oreo x35 gr,CATEGORIA ESTANDAR,1500,76,GUADALUPE ARDICOLL
1498,Local 1,7702189027818,7702189027818,Galleta Quaker FLOTADAS Sabor a chocolate 34g,autoservicio servitodo thaliana,1700,6,COLOMBINA DISTRIBUCIONES
1499,Local 1,7622202232732,7622202232732,Galleta Ritz,dulceria,2000,115,CAROLINA DE GARZON SOCIEDAD DEPOSITO CAROLINA
1500,Local 1,7622201390112,7622201390112,Galleta Ritz tubo,autoservicio servitodo thaliana,2000,3,BIMBO DISTRIVENTAS DEL SUR
1501,Local 1,7622201389888,7622201389888,Galleta Ritz x6,dulceria,9300,101,CAROLINA DE GARZON SOCIEDAD DEPOSITO CAROLINA
1502,Local 1,7702025123773,7702025123773,Galleta Saltin 4 tacos,autoservicio servitodo thaliana,10500,98,GERDY DISTRIBUCIONES
1503,Local 1,7702025125173,7702025125173,galleta saltin noel x 4 tacos,abarrotes,7600,78,GERDY DISTRIBUCIONES
1504,Local 1,7702025188307,7702025188307,galleta saltin x 2 tacos,abarrotes,5300,96,GERDY DISTRIBUCIONES
1505,Local 1,7702025150830,7702025150830,galleta saltin x 8 tacos,abarrotes,12300,102,GERDY DISTRIBUCIONES
1506,Local 1,7702011005397,7702011005397,galleta wafer nucita x 160 g,dulceria,6500,99,COLOMBINA DISTRIBUCIONES
1507,Local 1,7702011271488,7702011271488,galletas bridge wafer ron con pasas x 300 g,CATEGORIA ESTANDAR,8200,9,COLOMBINA DISTRIBUCIONES
1508,Local 1,7702011205063,7702011205063,Galletas brinky Fresa 12 Paq x4,dulceria,10000,8,COLOMBINA DISTRIBUCIONES
1509,Local 1,7702024636090,7702024636090,galletas cocosette x12 paq,autoservicio servitodo thaliana,18000,103,PROGRESAR NESTLE
1510,Local 1,7702189039484,7702189039484,Galletas de navidad mantequilla x180g,autoservicio servitodo thaliana,4200,13,COLOMBINA DISTRIBUCIONES
1511,Local 1,7702117018772,7702117018772,galletas de navidad x 160 gr,dulceria,5500,10,BIMBO DISTRIVENTAS DEL SUR
1512,Local 1,7702025149520,7702025149520,galletas ducales  x 5 tacos,abarrotes,13000,97,GERDY DISTRIBUCIONES
1513,Local 1,7702025137787,7702025137787,galletas ducales provocacion,CATEGORIA ESTANDAR,1700,8,COLOMBINA DISTRIBUCIONES
1514,Local 1,7702025150977,7702025150977,galletas ducales x 1 taco,abarrotes,3200,900,GERDY DISTRIBUCIONES
1515,Local 1,7702025147915,7702025147915,galletas ducales x 3 tacos,abarrotes,9600,0,GLOFER DISTRIBUCIONES
1516,Local 1,7702025148820,7702025148820,galletas ducales x 4 tacos,abarrotes,11700,6,GERDY DISTRIBUCIONES
1517,Local 1,7702189057327,7702189057327,Galletas Dulce Navidadx300gr,autoservicio servitodo thaliana,6200,2,COLOMBINA DISTRIBUCIONES
1518,Local 1,7702024293583,7702024293583,Galletas Dulces Nestle feliz Navidad,autoservicio servitodo thaliana,5300,3,PROGRESAR NESTLE
1519,Local 1,7702025152339,7702025152339,galletas dux caramelo salado x unidad,dulceria,1600,4,DISTRIMARCA HELADOS
1520,Local 1,7702189053329,7702189053329,Galletas Integrales Quaker,autoservicio servitodo thaliana,9600,0,COLOMBINA DISTRIBUCIONES
1521,Local 1,7702914601375,7702914601375,galletas lecherita ramo x 152 g,CATEGORIA ESTANDAR,6100,2,RAMO .
1522,Local 1,000123,000123,galletas lecheritas xunid,CATEGORIA ESTANDAR,800,12,CAROLINA DE GARZON SOCIEDAD DEPOSITO CAROLINA
1523,Local 1,7702024076391,7702024076391,galletas milo  x 16 paquetes,dulceria,23000,10,PROGRESAR NESTLE
1524,Local 1,7700149357081,7700149357081,Galletas navideñas Buen dia 200gr,CATEGORIA ESTANDAR,4800,6,CAROLINA DE GARZON SOCIEDAD DEPOSITO CAROLINA
1525,Local 1,7705733816265,7705733816265,Galletas navideñas de Casita x90g,autoservicio servitodo thaliana,7000,2,DISTRICUELLAR DISTRIBUCIONES CUELLAR
1526,Local 1,7702025151783,7702025151783,galletas noel waffer chocolate doble crema x 12,abarrotes,8000,5,GERDY DISTRIBUCIONES
1527,Local 1,7702025186440,7702025186440,galletas noeñ waffer vainilla x 18,CATEGORIA ESTANDAR,12000,2,GERDY DISTRIBUCIONES
1528,Local 1,7702189035165,7702189035165,Galletas quaker flotadas,dulceria,9800,2,GERDY DISTRIBUCIONES
1529,Local 1,7702189027832,7702189027832,Galletas Quaker Pqte x6 Sabor a Chocolate,autoservicio servitodo thaliana,9700,1,ALPINA .
1530,Local 1,7702025185344,7702025185344,galletas saltin noel x 3 tacos,abarrotes,5200,85,GERDY DISTRIBUCIONES
1531,Local 1,7702025148578,7702025148578,GALLETAS TOSH AJONJOLI X 9 PAQ.,CATEGORIA ESTANDAR,8700,1,GERDY DISTRIBUCIONES
1532,Local 1,7702432060678,7702432060678,"Galleticas Comapan coco,fre,naran",CATEGORIA ESTANDAR,8400,2,CAROLINA DE GARZON SOCIEDAD DEPOSITO CAROLINA
1533,Local 1,7702432063013,7702432063013,"Galleticas Comapan mora, mant, guay",CATEGORIA ESTANDAR,8600,2,CAROLINA DE GARZON SOCIEDAD DEPOSITO CAROLINA
1534,Local 1,7702432060630,7702432060630,GALLETICAS DE COCO COMAPAN,autoservicio servitodo thaliana,1400,2,ALPINA .
1535,Local 1,7702432060623,7702432060623,GALLETICAS DE FRESA COMAPAN,CATEGORIA ESTANDAR,1300,2,GLOFER DISTRIBUCIONES
1536,Local 1,7702432060555,7702432060555,GALLETICAS DE GUAYABA COMAPAN,dulceria,1500,99,GLOFER DISTRIBUCIONES
1537,Local 1,7702432060692,7702432060692,GALLETICAS DE MANTEQUILLA COMAPAN,dulceria,1500,101,GLOFER DISTRIBUCIONES
1538,Local 1,7702432060708,7702432060708,GALLETICAS DE MORA COMAPAN,dulceria,1500,101,GLOFER DISTRIBUCIONES
1539,Local 1,7702432060616,7702432060616,GALLETICAS DE NARANJA COMAPAN,CATEGORIA ESTANDAR,1400,2,GLOFER DISTRIBUCIONES
1540,Local 1,123,123,gallinitas,CATEGORIA ESTANDAR,300,30,COMESTIBLES LABOYANA
1541,Local 1,7707355053523,7707355053523,Gamaderm champu,CATEGORIA ESTANDAR,2300,10,CAROLINA DE GARZON SOCIEDAD DEPOSITO CAROLINA
1542,Local 1,6950225100198,6950225100198,GANODERMA SOLUBLE COFFEE X 180 GR,autoservicio servitodo thaliana,87400,6,HGW COLOMBIA
1543,Local 1,7702914115209,7702914115209,Gansito azul,dulceria,2300,72,RAMO .
1544,Local 1,7702914608176,7702914608176,gansito x 37 g,dulceria,2100,22,RAMO .
1545,Local 1,7702914600859,7702914600859,Gansito x6,dulceria,11500,10,GLOFER DISTRIBUCIONES
1546,Local 1,7702914603461,7702914603461,gansito zombie pintalengua,CATEGORIA ESTANDAR,9900,1,GLOFER DISTRIBUCIONES
1547,Local 1,7702910354282,7702910354282,garbanzo la soberana x 500 g,abarrotes,3500,10,DISTRIMARIO SAS
1548,Local 1,7707055000179,7707055000179,GASEOSA COLA CONDOR LIMONADA X335ML,CATEGORIA ESTANDAR,2000,38,COCACOLA DISTRIBUCIONES
1549,Local 1,7707151724061,7707151724061,gaseosa colombiana 1.25 ml,bebidas,3500,93,POSTOBON .
1550,Local 1,7707151701031,7707151701031,gaseosa colombiana zero 250 ml,bebidas,1000,982,BAVARIA DISTRIBUCIONES
1551,Local 1,7707055000827,7707055000827,gaseosa condor sabor a cola x 1 litro,bebidas,3600,8,COCACOLA DISTRIBUCIONES
1552,Local 1,7702535002063,7702535002063,gaseosa del valle mandarina 400 ml,bebidas,2000,3,BAVARIA DISTRIBUCIONES
1553,Local 1,7702535011812,7702535011812,gaseosa ginger ale 1.5 ml,bebidas,5000,57,COCACOLA DISTRIBUCIONES
1554,Local 1,7701999001209,7701999001209,Gaseosa glacial 3litros,CATEGORIA ESTANDAR,7000,994,COCACOLA DISTRIBUCIONES
1555,Local 1,7701999001223,7701999001223,Gaseosa Glacial manzana  3litros,autoservicio servitodo thaliana,7000,1,COCACOLA DISTRIBUCIONES
1556,Local 1,7707055000063,7707055000063,Gaseosa Kola condor  x335ml,bebidas,2000,34,BAVARIA DISTRIBUCIONES
1557,Local 1,7707055000261,7707055000261,GASEOSA KOLA CONDOR MANZANA X335ML,bebidas,2000,99,COCACOLA DISTRIBUCIONES
1558,Local 1,7707055000537,7707055000537,GASEOSA KOLA CONDOR UVA X335ML,CATEGORIA ESTANDAR,2000,98,COCACOLA DISTRIBUCIONES
1559,Local 1,7702192107675,7702192107675,gaseosa pepsi 2.5 l,bebidas,6000,96,InterPOS
1560,Local 1,7702192769880,7702192769880,gaseosa pepsi litro y 25 ml,bebidas,3500,98,POSTOBON .
1561,Local 1,7702192053347,7702192053347,gaseosa pepsi zero 250 ml,bebidas,1000,62,ALVARO MUÑOZ
1562,Local 1,7702090451498,7702090451498,gaseosa postobon 1.25 ml,bebidas,3500,48,POSTOBON .
1563,Local 1,7702535011706,7702535011706,gaseosa quatro 1.5 ml,bebidas,5400,49,COCACOLA DISTRIBUCIONES
1564,Local 1,7702535005903,7702535005903,Gaseosa Quatro 3L,bebidas,9000,991,COCACOLA DISTRIBUCIONES
1565,Local 1,7702192185208,7702192185208,gaseosa seven  up 1.5 lts,bebidas,4500,100,InterPOS
1566,Local 1,7702057805548,7702057805548,gastrofast 10 ml,medicamentos,3400,3,ALVARO MUÑOZ
1567,Local 1,77025388,77025388,Gastrum,CATEGORIA ESTANDAR,2500,9,CAROLINA DE GARZON SOCIEDAD DEPOSITO CAROLINA
1568,Local 1,7702192736455,7702192736455,GATORADE BLUE ICE 500 ML,bebidas,4000,114,InterPOS
1569,Local 1,7702192422051,7702192422051,gatorade frutos tropicales,bebidas,4000,55,InterPOS
1570,Local 1,7702192218050,7702192218050,GATORADE MANDARINA 500 ML,bebidas,4000,99,InterPOS
1571,Local 1,7702192224051,7702192224051,gatorade maracuya x 500 ml,bebidas,4000,102,InterPOS
1572,Local 1,7709345205561,7709345205561,gavius salsa de maiz x 200 g,abarrotes,3300,1,COLOMBINA DISTRIBUCIONES
1573,Local 1,7709306390251,7709306390251,gavius salsa rosada  x 200 g,abarrotes,2900,2,DISTRIMARIO SAS
1574,Local 1,7702006298940,7702006298940,gel ego attraction x 110 ml,aseo,3800,43,UNIMASIVOS .
1575,Local 1,7702006204057,7702006204057,GEL EGO ATTRACTION X25ML,aseo,1300,91,DISTRICUELLAR DISTRIBUCIONES CUELLAR
1576,Local 1,7702006299923,7702006299923,gel ego extreme max x 110 ml,aseo,3600,96,UNIMASIVOS .
1577,Local 1,7702006207850,7702006207850,Gel Ego ultra intense,CATEGORIA ESTANDAR,3600,1,CAROLINA DE GARZON SOCIEDAD DEPOSITO CAROLINA
1578,Local 1,7702191523339,7702191523339,Gel ego vitamin x sobre,aseo,1500,84,CAROLINA DE GARZON SOCIEDAD DEPOSITO CAROLINA
1579,Local 1,7702006203746,7702006203746,gel for men extreme max 25 ml,aseo,1200,89,ALVARO MUÑOZ
1580,Local 1,7702014603385,7702014603385,Gel hada cereza,abarrotes,2100,38,DISTRIALDANA .
1581,Local 1,7702014501315,7702014501315,"GEL""HADA SIN SABOR 30G 4 POR. APROX",CATEGORIA ESTANDAR,3200,11,ALPINA .
1582,Local 1,7702354955342,7702354955342,Gelatina *3,CATEGORIA ESTANDAR,5000,2,DISTRICUELLAR DISTRIBUCIONES CUELLAR
1583,Local 1,7708527098175,7708527098175,gelatina con sabor artificial a fruta fluup,dulceria,700,24,ALVARO MUÑOZ
1584,Local 1,39,39,gelatina de pata x 4 und,CATEGORIA ESTANDAR,1200,94,COMESTIBLES LABOYANA
1585,Local 1,7702354955212,7702354955212,gelatina frutiño  sabor a mango de azucar x 14 g,abarrotes,2000,2,DISTRIMARIO SAS
1586,Local 1,7702354954352,7702354954352,gelatina frutiño fresa sandia,CATEGORIA ESTANDAR,1800,8,ALVARO MUÑOZ
1587,Local 1,7702354954369,7702354954369,gelatina frutiño fs-fre-fru x 3,abarrotes,5000,3,DISTRICUELLAR DISTRIBUCIONES CUELLAR
1588,Local 1,7702354955328,7702354955328,gelatina frutiño man-fre-fru x 3,CATEGORIA ESTANDAR,5000,22,DISTRICUELLAR DISTRIBUCIONES CUELLAR
1589,Local 1,7702354958565,7702354958565,gelatina frutiño marma-fru-lim,abarrotes,5000,7,ALVARO MUÑOZ
1590,Local 1,7702354955236,7702354955236,gelatina frutiño sabor a cereza 14 gr,abarrotes,2000,1,ALVARO MUÑOZ
1591,Local 1,7702354955298,7702354955298,gelatina frutiño sabor a frambuesa,CATEGORIA ESTANDAR,2000,3,ALVARO MUÑOZ
1592,Local 1,7702354955229,7702354955229,gelatina frutiño sabor a fresa x 14 g,abarrotes,1700,47,DISTRICUELLAR DISTRIBUCIONES CUELLAR
1593,Local 1,7702354955274,7702354955274,gelatina frutiño sabor a frutos rojos x 14 g,abarrotes,2000,0,DISTRIMARIO SAS
1594,Local 1,7702354955250,7702354955250,gelatina frutiño sabor a mandarina x 14 g,abarrotes,1700,-1,DISTRIMARIO SAS
1595,Local 1,7702354958558,7702354958558,gelatina frutiño sabor a maracumango x 14 g,abarrotes,2000,2,DISTRICUELLAR DISTRIBUCIONES CUELLAR
1596,Local 1,7702354955281,7702354955281,gelatina frutiño sabor a mora x 14 g,abarrotes,2000,1,DISTRICUELLAR DISTRIBUCIONES CUELLAR
1597,Local 1,7702354955267,7702354955267,gelatina frutiño sabor a piña x 14 g,abarrotes,1700,8,DISTRICUELLAR DISTRIBUCIONES CUELLAR
1598,Local 1,702354413002,7702354413002,gelatina frutiño sin sabor x 2 sobres,abarrotes,2200,2,DISTRICUELLAR DISTRIBUCIONES CUELLAR
1599,Local 1,7702354009397,7702354009397,gelatina frutiño sin sabor x 4 sobres,abarrotes,3000,36,DISTRICUELLAR DISTRIBUCIONES CUELLAR
1600,Local 1,7702354955335,7702354955335,gelatina frutiño x 3,abarrotes,5100,0,DISTRICUELLAR DISTRIBUCIONES CUELLAR
1601,Local 1,7702354957018,7702354957018,gelatina frutiño x 4,abarrotes,6800,91,DISTRICUELLAR DISTRIBUCIONES CUELLAR
1602,Local 1,7702354955311,7702354955311,Gelatina frutiño x3,CATEGORIA ESTANDAR,5000,100,CAROLINA DE GARZON SOCIEDAD DEPOSITO CAROLINA
1603,Local 1,7709989481482,7709989481482,Gelatina Mora  Gel fruto x500g,dulceria,8500,9,DISTRIMARIO SAS
1604,Local 1,7709946544021,7709946544021,Gelatina Piña Gel fruto 500g,dulceria,8500,9,DISTRIMARIO SAS
1605,Local 1,7702354955243,7702354955243,gelatina sabor a limon x 14 g,abarrotes,2000,2,DISTRICUELLAR DISTRIBUCIONES CUELLAR
1606,Local 1,7709989481420,7709989481420,gelatina sin sabor 250 gr,abarrotes,13800,9,PLASTICO SURCOLOMBIANO
1607,Local 1,7707287464176,7707287464176,gelatina tripac de la abuela,dulceria,5500,3,DISTRIMARCA HELADOS
1608,Local 1,7702014921991,7702014921991,Gelhada frambuesa,dulceria,2100,97,CAROLINA DE GARZON SOCIEDAD DEPOSITO CAROLINA
1609,Local 1,7702014649444,7702014649444,Gelhada naranja,dulceria,2100,97,CAROLINA DE GARZON SOCIEDAD DEPOSITO CAROLINA
1610,Local 1,7702014998962,7702014998962,Gelhada Piña,dulceria,2100,97,CAROLINA DE GARZON SOCIEDAD DEPOSITO CAROLINA
1611,Local 1,7501009222729,7501009222729,Gillete 2 hojas sencilla,CATEGORIA ESTANDAR,2000,11,CAROLINA DE GARZON SOCIEDAD DEPOSITO CAROLINA
1612,Local 1,7500435154420,7500435154420,gillette 2 hojas,aseo,3400,74,DISTRICUELLAR DISTRIBUCIONES CUELLAR
1613,Local 1,7702018880409,7702018880409,gillette 3 hojas,aseo,4800,60,DISTRICUELLAR DISTRIBUCIONES CUELLAR
1614,Local 1,7702090029581,7702090029581,ginger canadry 1.5 l,bebidas,5000,6,InterPOS
1615,Local 1,7701999000295,7701999000295,Glacial crema de soda,bebidas,1700,16,CAROLINA DE GARZON SOCIEDAD DEPOSITO CAROLINA
1616,Local 1,7701999454296,7701999454296,Glacial fresh,bebidas,1700,3,CAROLINA DE GARZON SOCIEDAD DEPOSITO CAROLINA
1617,Local 1,7701999001162,7701999001162,glacial gran cola x 1.7 l,bebidas,4500,82,COCACOLA DISTRIBUCIONES
1618,Local 1,7701999000301,7701999000301,glacial gran cola x 400 ml,bebidas,1700,63,BAVARIA DISTRIBUCIONES
1619,Local 1,7701999000387,7701999000387,GLACIAL GRAN COLA X1L,CATEGORIA ESTANDAR,3000,6,DISTRIMARCA HELADOS
1620,Local 1,7701999000127,7701999000127,glacial kola roja x 400 ml,bebidas,1600,2,COLOMBINA DISTRIBUCIONES
1621,Local 1,7701999001186,7701999001186,GLACIAL MANZANA MIX 1.77,bebidas,4500,91,BAVARIA DISTRIBUCIONES
1622,Local 1,7701999000417,7701999000417,glacial manzana mix x 1L,bebidas,3000,4,COCACOLA DISTRIBUCIONES
1623,Local 1,7701999000332,7701999000332,glacial manzana mix x 400 ml,bebidas,1700,46,GUADALUPE ARDICOLL
1624,Local 1,7701999000523,7701999000523,glacial naranja x 1.7 l,bebidas,4500,3,COCACOLA DISTRIBUCIONES
1625,Local 1,7701999000547,7701999000547,glacial naranja x 400 ml,bebidas,1700,100,InterPOS
1626,Local 1,7701999000424,7701999000424,GLACIAL UVA 1L,CATEGORIA ESTANDAR,3000,2,COMESTIBLES LABOYANA
1627,Local 1,7701999000189,7701999000189,glacial uva x 1.7 l,bebidas,4500,98,COCACOLA DISTRIBUCIONES
1628,Local 1,7701999000349,7701999000349,glacial uva x 400 ml,bebidas,1700,48,COLOMBINA DISTRIBUCIONES
1629,Local 1,7750243031332,7750243031332,Glacitas chocolate x6,CATEGORIA ESTANDAR,7500,1,CAROLINA DE GARZON SOCIEDAD DEPOSITO CAROLINA
1630,Local 1,7750243031486,7750243031486,Glacitas choconieve,CATEGORIA ESTANDAR,1300,7,CAROLINA DE GARZON SOCIEDAD DEPOSITO CAROLINA
1631,Local 1,7750243031301,7750243031301,GLACITAS SABOR A FRESA X 6 UNID,CATEGORIA ESTANDAR,7200,1,MD DISTRIBUCIONES
1632,Local 1,7750243017176,7750243017176,GLACITAS SABOR A LIMON X 6 UNID,CATEGORIA ESTANDAR,7200,1,MD DISTRIBUCIONES
1633,Local 1,7750243031349,7750243031349,GLACITAS SABOR CHOCONIEVE X 6 PORCIONES,CATEGORIA ESTANDAR,7200,1,MD DISTRIBUCIONES
1634,Local 1,7750243031318,7750243031318,GLACITAS SABOR TOFEE X 6 UN,CATEGORIA ESTANDAR,7200,1,MD DISTRIBUCIONES
1635,Local 1,7750243031455,7750243031455,Glacitas Tofee,CATEGORIA ESTANDAR,1300,6,CAROLINA DE GARZON SOCIEDAD DEPOSITO CAROLINA
1636,Local 1,7702007089721,7702007089721,gol,dulceria,1500,1968,GERDY DISTRIBUCIONES
1637,Local 1,7703133076661,7703133076661,Golpe con todo 42g,autoservicio servitodo thaliana,2900,0,DISTRIMARCA HELADOS
1638,Local 1,7703133072540,7703133072540,Golpe con Todo 45g,dulceria,3000,95,DISTRIMARCA HELADOS
1639,Local 1,7703133013482,7703133013482,Golpe con Todo BBQ 50g,autoservicio servitodo thaliana,3000,96,DISTRIMARCA HELADOS
1640,Local 1,7703133018852,7703133018852,golpe con todo queso intenso 45 gr,dulceria,3000,9,DISTRIMARCA HELADOS
1641,Local 1,7703133013468,7703133013468,golpe con todo ranchero x 50 g,dulceria,3000,97,MARGARITA DISTRIBUCIONES CUEVAS
1642,Local 1,7703133087711,7703133087711,Golpe con Todo tradicional 45g,autoservicio servitodo thaliana,3000,96,DISTRIMARCA HELADOS
1643,Local 1,330,330,goma acida azucarada x 450 gr,dulceria,300,63,BIMBO DISTRIVENTAS DEL SUR
1644,Local 1,10165132,02146354,Goma Boa,dulceria,1000,92,CAROLINA DE GARZON SOCIEDAD DEPOSITO CAROLINA
1645,Local 1,7702174085663,7702174085663,Goma Troli rin rin x65g,CATEGORIA ESTANDAR,2200,5,GLOFER DISTRIBUCIONES
1646,Local 1,7702174087773,7702174087773,Goma Trolli Ana y conda x70g,CATEGORIA ESTANDAR,2200,4,GLOFER DISTRIBUCIONES
1647,Local 1,7702174085823,7702174085823,Goma trolli mango biche x65g,CATEGORIA ESTANDAR,2200,5,GLOFER DISTRIBUCIONES
1648,Local 1,145700,145700,Gomas grisly x und,dulceria,200,73,CAROLINA DE GARZON SOCIEDAD DEPOSITO CAROLINA
1649,Local 1,7702011155290,7702011155290,Gomas Grissly Clasica x70g,autoservicio servitodo thaliana,2200,98,COLOMBINA DISTRIBUCIONES
1650,Local 1,7702174088015,7702174088015,Gomas trolli gusano mas aros x 70g,CATEGORIA ESTANDAR,2200,5,GLOFER DISTRIBUCIONES
1651,Local 1,7702174840712,7702174840712,Gomas trolli mango biche 40g,dulceria,1600,1,TECNOVENTAS DISTRIBUCIONES
1652,Local 1,7702174840385,7702174840385,Gomas Trolli Pintosos 40g,dulceria,1600,0,TECNOVENTAS DISTRIBUCIONES
1653,Local 1,7702174839600,7702174839600,Gomas trolli Pulposos 40g,dulceria,1600,1,TECNOVENTAS DISTRIBUCIONES
1654,Local 1,77020111618717702011161871,7702011161871,Gomitas BonBonBum x45g,autoservicio servitodo thaliana,1600,93,COLOMBINA DISTRIBUCIONES
1655,Local 1,7702011155399,7702011155399,Gomitas BonBonbum x45g Rojo fresa,autoservicio servitodo thaliana,1600,979,COLOMBINA DISTRIBUCIONES
1656,Local 1,7702011155283,7702011155283,Gomitas grisly GAMER,dulceria,1600,7,COLOMBINA DISTRIBUCIONES
1657,Local 1,7702011162687,7702011162687,Gomitas Grisly postobon 70g,autoservicio servitodo thaliana,2100,1,COLOMBINA DISTRIBUCIONES
1658,Local 1,7702011164735,7702011164735,Gomitas Grisly Splash Acidos x70g,autoservicio servitodo thaliana,2300,4,COLOMBINA DISTRIBUCIONES
1659,Local 1,7702011155306,7702011155306,Gomitas Grissly  corazon x 70g,autoservicio servitodo thaliana,2200,98,COLOMBINA DISTRIBUCIONES
1660,Local 1,7702011171269,7702011171269,Gomitas Grissly  Toy Story 70g,dulceria,2200,0,MD DISTRIBUCIONES
1661,Local 1,7702011165411,7702011165411,Gomitas Grissly Gusanos x70g,autoservicio servitodo thaliana,2200,0,COLOMBINA DISTRIBUCIONES
1662,Local 1,7702011161864,7702011161864,Gomitas Grissly Tom y Jerry,CATEGORIA ESTANDAR,2100,3,COLOMBINA DISTRIBUCIONES
1663,Local 1,7709064043055,7709064043055,grajeas de colores x 125 g,CATEGORIA ESTANDAR,2600,3,COMESTIBLES LABOYANA
1664,Local 1,87,87,grajeas la negra,abarrotes,1000,10,CAROLINA DE GARZON SOCIEDAD DEPOSITO CAROLINA
1665,Local 1,7707337870810,7707337870810,grano grande maiz pira x 454 g,CATEGORIA ESTANDAR,2500,72,DISTRIMARIO SAS
1666,Local 1,7707285978897,7707285978897,granola x 145 g,abarrotes,3500,91,COMESTIBLES LABOYANA
1667,Local 1,7707332232248,7707332232248,granola x 240 g,abarrotes,5200,11,COMESTIBLES LABOYANA
1668,Local 1,7707332232149,7707332232149,granola x 480 g,abarrotes,9200,18,COMESTIBLES LABOYANA
1669,Local 1,50,50,grasa de calcio azul,aseo,8200,1,DISTRIMARIO SAS
1670,Local 1,7709731904856,7709731904856,grazy roll,dulceria,1500,59,COLOMBINA DISTRIBUCIONES
1671,Local 1,7702001163878,7702001163878,Griego Natural 150g,lacteos,6400,101,ALPINA .
1672,Local 1,7702011155320,7702011155320,Grisly delfin,CATEGORIA ESTANDAR,2100,0,CAROLINA DE GARZON SOCIEDAD DEPOSITO CAROLINA
1673,Local 1,7702011155252,7702011155252,Grisly huellitas,dulceria,1600,86,CAROLINA DE GARZON SOCIEDAD DEPOSITO CAROLINA
1674,Local 1,7702011155269,7702011155269,Grisly tiburon,dulceria,1600,87,CAROLINA DE GARZON SOCIEDAD DEPOSITO CAROLINA
1675,Local 1,7702011164674,7702011164674,Grissly aros,dulceria,2300,94,COLOMBINA DISTRIBUCIONES
1676,Local 1,7702011164681,7702011164681,Grissly aros x50,dulceria,9400,99,COLOMBINA DISTRIBUCIONES
1677,Local 1,7702011165428,7702011165428,grissly gusanitos acidos 100 uni,CATEGORIA ESTANDAR,9000,2,COLOMBINA DISTRIBUCIONES
1678,Local 1,7702011155344,7702011155344,grissly osos 72g,CATEGORIA ESTANDAR,2300,1,ALPINA .
1679,Local 1,7702011155351,7702011155351,grissly sandia 70g,CATEGORIA ESTANDAR,2200,10,ALPINA .
1680,Local 1,7702011141293,7702011141293,grissly sour 72g,dulceria,2300,0,ALPINA .
1681,Local 1,7702533312089,7702533312089,Guante,CATEGORIA ESTANDAR,5500,6,CAROLINA DE GARZON SOCIEDAD DEPOSITO CAROLINA
1682,Local 1,7708384702864,7708384702864,Guante 1 pepa,aseo,1700,89,CAROLINA DE GARZON SOCIEDAD DEPOSITO CAROLINA
1683,Local 1,7702764028001,7702764028001,guante calibre 25 talla 8,aseo,6000,2,ALVARO MUÑOZ
1684,Local 1,9005202531452,9005202531452,Guante doble pepa,aseo,2000,76,CAROLINA DE GARZON SOCIEDAD DEPOSITO CAROLINA
1685,Local 1,109,109,guante doble pepa,aseo,2200,7,DISTRIHOGAR B.B
1686,Local 1,1212202320247,1212202320247,Guante doble pepa,CATEGORIA ESTANDAR,2200,8,CAROLINA DE GARZON SOCIEDAD DEPOSITO CAROLINA
1687,Local 1,7707355940229,7707355940229,Guante Domestico Magicbril T7,CATEGORIA ESTANDAR,6000,8,PLASTICO SURCOLOMBIANO
1688,Local 1,7707355940243,7707355940243,Guante Domestico Magicbril T8,aseo,6000,8,PLASTICO SURCOLOMBIANO
1689,Local 1,7707355940236,7707355940236,Guante Domestico Magicbrill T: 71/2,aseo,5900,99,PLASTICO SURCOLOMBIANO
1690,Local 1,6973076770860,6973076770860,Guante Domestico T:L,aseo,3400,2,DISTRIVENTAS DEL HUILA
1691,Local 1,6920715113014,6920715113014,Guante Domestico T:M,aseo,3400,2,DISTRIVENTAS DEL HUILA
1692,Local 1,7707270368177,7707270368177,guante el rey domestico coarrugado T-8,aseo,5000,2,DISTRIMARIO SAS
1693,Local 1,7707710160934,7707710160934,guante el rey domestico duo paq x 2 und,aseo,7300,2,DISTRIMARIO SAS
1694,Local 1,7707270364315,7707270364315,guante el rey domestico T-7,aseo,3800,2,DISTRIMARIO SAS
1695,Local 1,7707270364339,7707270364339,guante el rey domestico T-8,aseo,3800,2,DISTRIMARIO SAS
1696,Local 1,7707355940144,7707355940144,Guante Magicbril Calibre 25 T8,aseo,7500,8,PLASTICO SURCOLOMBIANO
1697,Local 1,7707355940175,7707355940175,Guante magicbril t7,CATEGORIA ESTANDAR,8600,2,CAROLINA DE GARZON SOCIEDAD DEPOSITO CAROLINA
1698,Local 1,7707355940199,7707355940199,Guante magicbril t8,CATEGORIA ESTANDAR,8800,1,CAROLINA DE GARZON SOCIEDAD DEPOSITO CAROLINA
1699,Local 1,7702764032008,7702764032008,Guante Milenio industrial T8  Calibre 35,aseo,7600,2,PLASTICO SURCOLOMBIANO
1700,Local 1,6920635200085,6920635200085,Guante pepa,autoservicio servitodo thaliana,2000,11,DISTRIHOGAR B.B
1701,Local 1,6973063382014,6973063382014,Guante pepa tools,CATEGORIA ESTANDAR,2000,87,CAROLINA DE GARZON SOCIEDAD DEPOSITO CAROLINA
1702,Local 1,7709990181265,7709990181265,guante quirurgico blanco x unidad,CATEGORIA ESTANDAR,300,94,ALPINA .
1703,Local 1,HL26756,HL26756,guante una pepa,aseo,2000,24,DISTRIHOGAR B.B
1704,Local 1,7702037102285,7702037102285,guantes  nitrilo negro x unidad,CATEGORIA ESTANDAR,400,95,ALPINA .
1705,Local 1,7708530474652,7708530474652,"Guantes de Latex vitarex T:S,M,L",aseo,3500,1,PLASTICO SURCOLOMBIANO
1706,Local 1,7707303021307,7707303021307,Guantes Distriya Amarillo Talla8,aseo,4600,2,PLASTICO SURCOLOMBIANO
1707,Local 1,7707355940120,7707355940120,Guantes Magicbril Calibre 25 T 7,dulceria,7500,7,PLASTICO SURCOLOMBIANO
1708,Local 1,7707355940250,7707355940250,Guantes Magicbril Domestico T:81/2,aseo,6500,9,PLASTICO SURCOLOMBIANO
1709,Local 1,7701023035958,7701023035958,Guantes Mi Dia,CATEGORIA ESTANDAR,4500,5,CAROLINA DE GARZON SOCIEDAD DEPOSITO CAROLINA
1710,Local 1,7705946486804,7705946486804,Guantes Negros mi dia Talla 71/2,aseo,4600,2,PLASTICO SURCOLOMBIANO
1711,Local 1,7707355940182,7707355940182,Guantr Magicbril T: 71/2,aseo,8800,1,PLASTICO SURCOLOMBIANO
1712,Local 1,7702189045379,7702189045379,GUDIZ 28 GR,dulceria,1400,63,MARGARITA DISTRIBUCIONES CUEVAS
1713,Local 1,6922235800818,6922235800818,Gummy Ball EMOJI x50UND,autoservicio servitodo thaliana,500,22,DISTRIMARCA HELADOS
1714,Local 1,7702028021625,7702028021625,Gustosita 125,CATEGORIA ESTANDAR,2000,2,CAROLINA DE GARZON SOCIEDAD DEPOSITO CAROLINA
1715,Local 1,7702028021649,7702028021649,Gustosita 250g,CATEGORIA ESTANDAR,3800,12,CAROLINA DE GARZON SOCIEDAD DEPOSITO CAROLINA
1716,Local 1,27500435038373,27500435038373,H&S,aseo,1000,10,CAROLINA DE GARZON SOCIEDAD DEPOSITO CAROLINA
1717,Local 1,7500435209571,7500435209571,H&S aceite de argan,aseo,1000,42,CAROLINA DE GARZON SOCIEDAD DEPOSITO CAROLINA
1718,Local 1,7500435144735,7500435144735,H&S aceite de coco,CATEGORIA ESTANDAR,1000,3,CAROLINA DE GARZON SOCIEDAD DEPOSITO CAROLINA
1719,Local 1,7500435231237,7500435231237,H&S Anti-comezon 375ml,CATEGORIA ESTANDAR,25000,0,SURTILIMA .
1720,Local 1,17500435253793,17500435253793,H&S con miel,aseo,1100,50,SURTILIMA .
1721,Local 1,27500435002442,27500435002442,h&s limpieza,aseo,1200,49,CAROLINA DE GARZON SOCIEDAD DEPOSITO CAROLINA
1722,Local 1,7500435020008,7500435020008,H&S limpieza renovable,aseo,23000,108,CAROLINA DE GARZON SOCIEDAD DEPOSITO CAROLINA
1723,Local 1,7500435019958,7500435019958,H&S limpieza renovadora 180ml,aseo,15000,106,CAROLINA DE GARZON SOCIEDAD DEPOSITO CAROLINA
1724,Local 1,27500435002459,27500435002459,h&s suave 2 en 1,aseo,1100,48,SURTILIMA .
1725,Local 1,7500435019811,7500435019811,H&S suave y manejable,aseo,15000,96,CAROLINA DE GARZON SOCIEDAD DEPOSITO CAROLINA
1726,Local 1,7500435019828,7500435019828,H&S Suave y manejable 375ml,aseo,22500,8,SURTILIMA .
1727,Local 1,241,241,hall individual,dulceria,200,100,COLOMBINA DISTRIBUCIONES
1728,Local 1,7622202015212,7622202015212,halls barra x 9 und,dulceria,2000,994,GUADALUPE ARDICOLL
1729,Local 1,7622210427045,7622210427045,Halls cereza,dulceria,2000,46,COLOMBINA DISTRIBUCIONES
1730,Local 1,7622210427137,7622210427137,Halls Friut sensations,dulceria,2000,8,COLOMBINA DISTRIBUCIONES
1731,Local 1,7622201776459,7622201776459,Halls Limon y miel,dulceria,2000,7,COLOMBINA DISTRIBUCIONES
1732,Local 1,7622210427076,7622210427076,HALLS Mentol,dulceria,2200,0,DISTRIMARCA HELADOS
1733,Local 1,7702133445118,7702133445118,Halls negro x100,CATEGORIA ESTANDAR,17800,1,CAROLINA DE GARZON SOCIEDAD DEPOSITO CAROLINA
1734,Local 1,7702133815782,7702133815782,HALLS Yerbabuena,dulceria,2000,1,DISTRIMARCA HELADOS
1735,Local 1,7702432698062,7702432698062,Hamburguesa comapan x,abarrotes,9800,999,CAROLINA DE GARZON SOCIEDAD DEPOSITO CAROLINA
1736,Local 1,7704097933793,7704097933793,hamburguesa de carne x 400 g,carnicos,14800,3,DISTRIALDANA .
1737,Local 1,78962,78962,Hamburguesa guadalupe,autoservicio servitodo thaliana,11500,101,CAROLINA DE GARZON SOCIEDAD DEPOSITO CAROLINA
1738,Local 1,7709681776282,7709681776282,Hamburguesa Las brisas x5,CATEGORIA ESTANDAR,14000,1,CAROLINA DE GARZON SOCIEDAD DEPOSITO CAROLINA
1739,Local 1,7702084137520,7702084137520,Harima PAN de 1Kg,autoservicio servitodo thaliana,4200,95,DISTRIMARIO SAS
1740,Local 1,7702020020169,7702020020169,harina americana x 454 g,abarrotes,1700,34,DISTRIMARIO SAS
1741,Local 1,27,27,harina de buñuelos,abarrotes,4600,5,DISTRICUELLAR DISTRIBUCIONES CUELLAR
1742,Local 1,26,26,harina de cachaco,abarrotes,7500,19,DISTRICUELLAR DISTRIBUCIONES CUELLAR
1743,Local 1,57,57,harina de trigo r-p x kilo,abarrotes,3200,14,DISTRIMARIO SAS
1744,Local 1,7702020011327,7702020011327,harina haz de oro x 500g,abarrotes,3200,75,ALVARO MUÑOZ
1745,Local 1,7709381070192,7709381070192,harina nariño x 500 g,abarrotes,2000,27703812101175,DISTRIMARIO SAS
1746,Local 1,7702084550053,7702084550053,Harina Pan choclo 850g,CATEGORIA ESTANDAR,9200,4,CAROLINA DE GARZON SOCIEDAD DEPOSITO CAROLINA
1747,Local 1,7591066711014,7591066711014,hawallian xtreme 3hj,aseo,3700,101,DISTRIMARIO SAS
1748,Local 1,7702020011228,7702020011228,haz de oro tradicional 500gr,CATEGORIA ESTANDAR,2500,25,DISTRIMARIO SAS
1749,Local 1,7500435142564,7500435142564,head shoulders hidratacion x 180 ml,aseo,14500,1,SURTILIMA .
1750,Local 1,7501065922243,7501065922243,head shoulders rosado 2 en 1 x 18 ml,aseo,1200,29,DISTRIVENTAS DEL HUILA
1751,Local 1,7500435254960,75004352549607500435254960,Head&Shoulders super oferta Anti-resequedad375mlmas180ml,CATEGORIA ESTANDAR,33500,1,SURTILIMA .
1752,Local 1,7500435202695,7500435202695,heads  shoulders limpieza y revitalizacion x 375 ml,aseo,22000,1,SURTILIMA .
1753,Local 1,7500435247696,7500435247696,heads shoulders anti-comezon x 15 ml,aseo,1200,83,DISTRIHOGAR B.B
1754,Local 1,7501007492568,7501007492568,heads shoulders control caspa x 18 ml,aseo,1200,104,DISTRIVENTAS DEL HUILA
1755,Local 1,7500435142557,7500435142557,heads shoulders control caspa x 375 ml,aseo,22000,3,DISTRIVENTAS DEL HUILA
1756,Local 1,7500435202671,7500435202671,heads shoulders limpieza y revitalizacion x 180 g,aseo,14500,1,SURTILIMA .
1757,Local 1,7707430870120,7707430870120,heineken original,bebidas,3000,5,InterPOS
1758,Local 1,659525539498,659525539498,helado artesanal arequipe marthica,CATEGORIA ESTANDAR,3600,48,HELADOS MARTICA
1759,Local 1,659525539559,659525539559,helado artesanal bocadillo con queso marthica,dulceria,3600,92,HELADOS MARTICA
1760,Local 1,659525539481,659525539481,HELADO ARTESANAL CAPUCCINO MARTHICA,CATEGORIA ESTANDAR,3600,47,HELADOS MARTICA
1761,Local 1,659525539436,659525539436,Helado artesanal mora,CATEGORIA ESTANDAR,3600,55,DISTRICUELLAR DISTRIBUCIONES CUELLAR
1762,Local 1,659525539412,659525539412,helado coco artesanal marthica 95gr,CATEGORIA ESTANDAR,3600,13,HELADOS MARTICA
1763,Local 1,659525539511,659525539511,HELADO GUANABANA MARTHICA,CATEGORIA ESTANDAR,3000,6,HELADOS MARTICA
1764,Local 1,650201379735,650201379735,Helado limon coco,CATEGORIA ESTANDAR,2000,7,CAROLINA DE GARZON SOCIEDAD DEPOSITO CAROLINA
1765,Local 1,659525539528,659525539528,Helado Limon Martica,autoservicio servitodo thaliana,3600,20,HELADOS MARTICA
1766,Local 1,659525539603,659525539603,Helado mandarina,CATEGORIA ESTANDAR,2000,9,BIMBO DISTRIVENTAS DEL SUR
1767,Local 1,659525539443,659525539443,Helado marhica Mandarina,autoservicio servitodo thaliana,3500,11,DISTRIMARCA HELADOS
1768,Local 1,659525539504,659525539504,helado martica brownie,autoservicio servitodo thaliana,3600,106,HELADOS MARTICA
1769,Local 1,659525539535,659525539535,helado martica vainilla chips,autoservicio servitodo thaliana,3600,101,HELADOS MARTICA
1770,Local 1,650201379629,650201379629,HELADO PIÑA,CATEGORIA ESTANDAR,2000,10,CAROLINA DE GARZON SOCIEDAD DEPOSITO CAROLINA
1771,Local 1,7702402058780,7702402058780,Helado vaso Nube colores crem helado,autoservicio servitodo thaliana,3000,3,DISTRIMARCA HELADOS
1772,Local 1,659525539597,659525539597,helados marthica,CATEGORIA ESTANDAR,1500,12,ALPINA .
1773,Local 1,659525539542,659525539542,helados marthica chicle,CATEGORIA ESTANDAR,3600,6,HELADOS MARTICA
1774,Local 1,659525539467,659525539467,helados marthica mani,lacteos,3600,105,HELADOS MARTICA
1775,Local 1,659525539450,659525539450,helados marthica maracuya,CATEGORIA ESTANDAR,3600,10,HELADOS MARTICA
1776,Local 1,650201396534,650201396534,helados martica maracumango,autoservicio servitodo thaliana,2000,10,HELADOS MARTICA
1777,Local 1,7500435252751,7500435252751,Herbal essences acondicionador argan,aseo,1000,100,CAROLINA DE GARZON SOCIEDAD DEPOSITO CAROLINA
1778,Local 1,7707159828051,7707159828051,Hey razor rosada,aseo,2500,15,DISTRICUELLAR DISTRIBUCIONES CUELLAR
1779,Local 1,7707277880023,7707277880023,hidradel de padel para diabeticos 500 ml,bebidas,8000,3,TECNOVENTAS DISTRIBUCIONES
1780,Local 1,7707277880030,7707277880030,Hidradel Fresa,bebidas,8000,3,CAROLINA DE GARZON SOCIEDAD DEPOSITO CAROLINA
1781,Local 1,7707133075471,7707133075471,Hit frutas 1litro pet,bebidas,4000,87,CAROLINA DE GARZON SOCIEDAD DEPOSITO CAROLINA
1782,Local 1,7707133025919,7707133025919,hit frutas tropicales x 200ml,bebidas,1500,29,InterPOS
1783,Local 1,7707133052670,7707133052670,hit frutas tropicalles x 500 ml,bebidas,3000,72,InterPOS
1784,Local 1,7707133055053,7707133055053,hit frutos tropicales x 1 litro,aseo,4800,65,PLASTICO SURCOLOMBIANO
1785,Local 1,7707133049663|,7707133049663,Hit Lulo,CATEGORIA ESTANDAR,4800,989,CAROLINA DE GARZON SOCIEDAD DEPOSITO CAROLINA
1786,Local 1,7707133033730,7707133033730,hit mango x 1 litro,bebidas,4800,76,InterPOS
1787,Local 1,7707133062471,7707133062471,hit mango x 500 ml,aseo,3000,955,InterPOS
1788,Local 1,7707133075457,7707133075457,Hit mora litro pet,bebidas,4000,90,CAROLINA DE GARZON SOCIEDAD DEPOSITO CAROLINA
1789,Local 1,7707133083216,7707133083216,hit mora x 500ml,bebidas,3000,86,InterPOS
1790,Local 1,7707133044033,7707133044033,hit naranja piña  x 500 ml,bebidas,3000,985,InterPOS
1791,Local 1,7707133075440,7707133075440,Hit naranja piña 1l pet,bebidas,4000,89,CAROLINA DE GARZON SOCIEDAD DEPOSITO CAROLINA
1792,Local 1,7707133098029,7707133098029,hit sabor a mango x 200 ml,bebidas,1500,40,InterPOS
1793,Local 1,6970466900173,6970466900173,Honesty Luz,CATEGORIA ESTANDAR,2200,3,CAROLINA DE GARZON SOCIEDAD DEPOSITO CAROLINA
1794,Local 1,254,254,huevo dino,dulceria,2500,0,ALVARO MUÑOZ
1795,Local 1,7709225119957,7709225119957,huevo sorpresa dulce,CATEGORIA ESTANDAR,3500,1,COLOMBINA DISTRIBUCIONES
1796,Local 1,160,160,Huevos AA,abarrotes,15000,1001,BONELO HUEVOS
1797,Local 1,34,34,huevos B,abarrotes,11000,72,BONELO HUEVOS
1798,Local 1,145,145,huevos de codorniz x 24,abarrotes,5000,48,CAROLINA DE GARZON SOCIEDAD DEPOSITO CAROLINA
1799,Local 1,69,69,huevos de tipo A,abarrotes,14000,83,BONELO HUEVOS
1800,Local 1,68,68,huevos xunidad,abarrotes,500,3286,BONELO HUEVOS
1801,Local 1,7702425584808,7702425584808,huggies pañal  etapa 3,aseo,1200,-4,DISTRIMARIO SAS
1802,Local 1,44,44,huggies pañal economico etapa 4,aseo,1100,30,DISTRIMARIO SAS
1803,Local 1,41,41,huggies pañal etapa 3 economico,aseo,1000,25,DISTRIMARIO SAS
1804,Local 1,7702425874503,7702425874503,huggies pañal etapa 4,aseo,1400,30,DISTRIMARIO SAS
1805,Local 1,7702425971479,7702425971479,huggies pañal etapa 5,aseo,1600,30,DISTRIMARIO SAS
1806,Local 1,7702425351073,7702425351073,huggies triple proteccion etp. 3,aseo,25000,1,DISTRICUELLAR DISTRIBUCIONES CUELLAR
1807,Local 1,7702425113213,7702425113213,huggies triple proteccion etp. 5,aseo,29900,1,DISTRICUELLAR DISTRIBUCIONES CUELLAR
1808,Local 1,7500435253796,7500435253796,HyS Resequedad,CATEGORIA ESTANDAR,1100,46,CAROLINA DE GARZON SOCIEDAD DEPOSITO CAROLINA
1809,Local 1,7702057063900,7702057063900,ibuflash migran,medicamentos,2600,81,TECNOVENTAS DISTRIBUCIONES
1810,Local 1,7702057091125,7702057091125,Ibuprofeno caps liquidas 800mg,medicamentos,1700,91,CAROLINA DE GARZON SOCIEDAD DEPOSITO CAROLINA
1811,Local 1,147852,147852,Ibuprofeno MK tableta,CATEGORIA ESTANDAR,600,20,CAROLINA DE GARZON SOCIEDAD DEPOSITO CAROLINA
1812,Local 1,7707014904333,7707014904333,ice mint menta hielo x 100 unid,CATEGORIA ESTANDAR,7500,1,ALVARO MUÑOZ
1813,Local 1,770081182,770081182,Impermeable  Viracer T:M,abarrotes,12500,8,PLASTICO SURCOLOMBIANO
1814,Local 1,7709611202416,7709611202416,"impermeable c.l 2,5 aqualux",aseo,13000,0,ALVARO MUÑOZ
1815,Local 1,7701961,7701961,Impermeable Economico TL,abarrotes,3800,10,PLASTICO SURCOLOMBIANO
1816,Local 1,142,142,impermeable impercot,aseo,5000,8,DISTRIHOGAR B.B
1817,Local 1,7702532630108,7702532630108,"insecticida rayo mosqquitos, moscas",abarrotes,10000,9,DISTRIMARIO SAS
1818,Local 1,7702532630207,7702532630207,insecticida rayol  x 400 ml,aseo,16000,100,DISTRICUELLAR DISTRIBUCIONES CUELLAR
1819,Local 1,7702532863131,7702532863131,Insecticida Rayol spray,abarrotes,10000,8,DISTRIMARIO SAS
1820,Local 1,7702117001835,7702117001835,Italo chocolatina x4,dulceria,12000,100,CAROLINA DE GARZON SOCIEDAD DEPOSITO CAROLINA
1821,Local 1,7702117009336,7702117009336,italo wafer sabor a vainilla x 80 g,CATEGORIA ESTANDAR,2700,7,COLOMBINA DISTRIBUCIONES
1822,Local 1,7702117019304,7702117019304,Italo Wafers arequipe,dulceria,2600,2,CAROLINA DE GARZON SOCIEDAD DEPOSITO CAROLINA
1823,Local 1,7702117019298,7702117019298,Italo Wafers chocolate,dulceria,2600,42,CAROLINA DE GARZON SOCIEDAD DEPOSITO CAROLINA
1824,Local 1,7702117019267,7702117019267,Italo Wafers coco,dulceria,2600,3,CAROLINA DE GARZON SOCIEDAD DEPOSITO CAROLINA
1825,Local 1,7702117019168,7702117019168,Italo Wafers fresa,CATEGORIA ESTANDAR,2600,1,CAROLINA DE GARZON SOCIEDAD DEPOSITO CAROLINA
1826,Local 1,7702117019236,7702117019236,Italo Wafers Limon,dulceria,2600,0,CAROLINA DE GARZON SOCIEDAD DEPOSITO CAROLINA
1827,Local 1,7702117019328,7702117019328,Italo Wafers mora,dulceria,2600,2,CAROLINA DE GARZON SOCIEDAD DEPOSITO CAROLINA
1828,Local 1,7702117019250,7702117019250,Italo Wafers Naranja,dulceria,2600,3,CAROLINA DE GARZON SOCIEDAD DEPOSITO CAROLINA
1829,Local 1,7702117008452,7702117008452,Italo wafers sabor a arequipe paq24,dulceria,9000,9,COLOMBINA DISTRIBUCIONES
1830,Local 1,7702117008711,7702117008711,italo wafers sabor a arequipe x 117 g,dulceria,4000,0,DISTRICUELLAR DISTRIBUCIONES CUELLAR
1831,Local 1,7702117009404,7702117009404,italo wafers sabor a arequipe x 80 g,CATEGORIA ESTANDAR,2700,3,COLOMBINA DISTRIBUCIONES
1832,Local 1,7702117009114,7702117009114,italo wafers sabor a chocolate x 117 g,dulceria,4000,2,DISTRICUELLAR DISTRIBUCIONES CUELLAR
1833,Local 1,7702117008841,7702117008841,italo wafers sabor a chocolate x 80 g,CATEGORIA ESTANDAR,2700,5,DISTRICUELLAR DISTRIBUCIONES CUELLAR
1834,Local 1,7702117008704,7702117008704,italo wafers sabor a coco x 117 g,dulceria,4000,2,DISTRICUELLAR DISTRIBUCIONES CUELLAR
1835,Local 1,7702117009398,7702117009398,italo wafers sabor a coco x 80 g,CATEGORIA ESTANDAR,2700,6,COLOMBINA DISTRIBUCIONES
1836,Local 1,7702117008438,7702117008438,Italo Wafers sabor a fresa paq. 24,dulceria,9000,9,COLOMBINA DISTRIBUCIONES
1837,Local 1,7702117160068,7702192160068,italo wafers sabor a fresa x 117 g,dulceria,4000,1,DISTRICUELLAR DISTRIBUCIONES CUELLAR
1838,Local 1,7702117009312,7702117009312,italo wafers sabor a fresa x 80 g,CATEGORIA ESTANDAR,2700,4,COLOMBINA DISTRIBUCIONES
1839,Local 1,7702117009626,7702117009626,italo wafers sabor a guanabana x 117 g,dulceria,3800,4,DISTRICUELLAR DISTRIBUCIONES CUELLAR
1840,Local 1,7702117160679,7702117160679,italo wafers sabor a limon x 117 g,dulceria,4000,1,DISTRICUELLAR DISTRIBUCIONES CUELLAR
1841,Local 1,7702117009350,7702117009350,italo wafers sabor a limon x 80 g,abarrotes,2700,1,COLOMBINA DISTRIBUCIONES
1842,Local 1,7702117012374,7702117012374,italo wafers sabor a mora x 117 g,dulceria,4000,0,DISTRICUELLAR DISTRIBUCIONES CUELLAR
1843,Local 1,7702117012367,7702117012367,italo wafers sabor a mora x 80 g,CATEGORIA ESTANDAR,2700,5,COLOMBINA DISTRIBUCIONES
1844,Local 1,7702117003815,7702117003815,Italo wafers sabor a naranja paq 24,dulceria,9000,9,COLOMBINA DISTRIBUCIONES
1845,Local 1,7702117160990,7702117160990,italo wafers sabor a naranja x 117 g,dulceria,4000,48,COLOMBINA DISTRIBUCIONES
1846,Local 1,7702117009374,7702117009374,italo wafers sabor a naranja x 80 g,CATEGORIA ESTANDAR,2700,3,DISTRICUELLAR DISTRIBUCIONES CUELLAR
1847,Local 1,7702117160259,7702117160259,italo wafers sabor vainilla x 117 g,dulceria,4000,1,DISTRICUELLAR DISTRIBUCIONES CUELLAR
1848,Local 1,7702117019182,7702117019182,Italo Wafers vainilla,dulceria,2600,1,CAROLINA DE GARZON SOCIEDAD DEPOSITO CAROLINA
1849,Local 1,7702191522615,7702191522615,Jabon 3d 1kg,CATEGORIA ESTANDAR,8500,46,CAROLINA DE GARZON SOCIEDAD DEPOSITO CAROLINA
1850,Local 1,7702191521793,7702191521793,jabon 3d aroma manzana x 250 g,aseo,3000,90,DISTRICUELLAR DISTRIBUCIONES CUELLAR
1851,Local 1,7702191524015,7702191524015,Jabon 3D lavanda 1Kg,aseo,8600,70,UNIMASIVOS .
1852,Local 1,7702191523995,7702191523995,Jabon 3D lavanda 250g,aseo,2900,1,UNIMASIVOS .
1853,Local 1,7702191524008,7702191524008,Jabon 3D lavanda 500g,aseo,4500,23,UNIMASIVOS .
1854,Local 1,7702191521809,7702191521809,jabon 3D multiusos aroma manzana x 500 g,aseo,4500,9,DISTRIMARIO SAS
1855,Local 1,7702191348536,7702191348536,jabon 3D multiusos Bic+ aloe vera x 250 g,aseo,3000,4,DISTRIMARIO SAS
1856,Local 1,7702191348611,7702191348611,jabon 3D multiusos Bic+aloe vera x 125 g,aseo,1600,10,DISTRIMARIO SAS
1857,Local 1,7702191521786,7702191521786,jabon 3D multiusos manzana x 125 g,aseo,1500,91,DISTRICUELLAR DISTRIBUCIONES CUELLAR
1858,Local 1,7702191521847,7702191521847,jabon 3D multiusos x 2 kl,aseo,20500,1000,DISTRIMARIO SAS
1859,Local 1,7702191161289,7702191161289,jabon 3D multiusos x 3 kg,aseo,27400,2,DISTRIMARIO SAS
1860,Local 1,7702191522622,7702191522622,Jabon 3D Polvo Multiusos 2kg,aseo,16800,2,CAROLINA DE GARZON SOCIEDAD DEPOSITO CAROLINA
1861,Local 1,7709044633702,7709044633702,Jabon AntiBacterial VALNIS 1000ML FRESH,aseo,8400,0,PLASTICO SURCOLOMBIANO
1862,Local 1,7709413484270,7709413484270,Jabon Antibacterial VALNIS X1000ML AVENA,aseo,8400,2,PLASTICO SURCOLOMBIANO
1863,Local 1,7709938866520,7709938866520,Jabon Antibacterial VALNIS X500ML AVENA,aseo,5600,102,PLASTICO SURCOLOMBIANO
1864,Local 1,7702191164594,7702191164594,JABON BARRA FAB ULTRA FLASH ARRANCAGRASA,aseo,3300,6,UNIMASIVOS .
1865,Local 1,7702191163719,7702191163719,jabon barrigon  x 200 g,aseo,2700,6,CAROLINA DE GARZON SOCIEDAD DEPOSITO CAROLINA
1866,Local 1,7702191161104,7702191161104,JABON BARRIGON 400G,aseo,4000,26,UNIMASIVOS .
1867,Local 1,7702310022378,7702310022378,JABON CAREY HUMECTACION NATURAL 110 GR,aseo,3000,7,ALVARO MUÑOZ
1868,Local 1,7702310022392,7702310022392,jabon carey nutricion natural x 110 g,aseo,3000,8,DISTRICUELLAR DISTRIBUCIONES CUELLAR
1869,Local 1,7702310022354,7702310022354,JABON CAREY SUAVIDAD NATURAL 110 GR,aseo,3000,20,ALVARO MUÑOZ
1870,Local 1,7702191040843,7702191040843,jabon coco barela x 180 g,aseo,5000,96,DISTRIMARIO SAS
1871,Local 1,7702191163726,7702191163726,jabon coco varela x 180 g,aseo,3400,6,UNIMASIVOS .
1872,Local 1,7206925433,7702006925433,jabon coco varela x 300 ml,aseo,7200,3,UNIMASIVOS .
1873,Local 1,7702088960469,7702088960469,jabon cristalino avena x 125 g,autoservicio servitodo thaliana,3500,98,DISTRICUELLAR DISTRIBUCIONES CUELLAR
1874,Local 1,7702088902339,7702088902339,jabon cristalino frutos rojos x 125 g,aseo,3500,93,DISTRICUELLAR DISTRIBUCIONES CUELLAR
1875,Local 1,7702088960452,7702088960452,jabon cristalino manzana x 125 g,aseo,3500,96,DISTRICUELLAR DISTRIBUCIONES CUELLAR
1876,Local 1,7708669890590,7708669890590,JABON DE LAVAR SUPREMO COCO 180 GR,aseo,3000,2,MD DISTRIBUCIONES
1877,Local 1,6925196009177,6925196009177,jabon de turmalina 100 gr,aseo,15900,10,ALVARO MUÑOZ
1878,Local 1,7702166041660,7702166041660,jabon dersa doble multiusos  de 1000 gr,aseo,11500,98,DISTRICUELLAR DISTRIBUCIONES CUELLAR
1879,Local 1,7702166009905,7702166009905,jabon dersa fresca lavanda x 220 g,aseo,2200,6,GRADEZCO LTDA .
1880,Local 1,7702166009950,7702166009950,jabon dersa limon frescura x 220 g,aseo,2200,5,GRADEZCO LTDA .
1881,Local 1,7702166049109,7702166049109,jabon dersa limon x 250 g,aseo,3000,7,UNIMASIVOS .
1882,Local 1,7702166060036,7702166060036,Jabon Dersa Liquido x400ml,CATEGORIA ESTANDAR,5300,2,GRADEZCO LTDA .
1883,Local 1,7702538251307,7702538251307,Jabon Deseo algas,aseo,2300,97,MD DISTRIBUCIONES
1884,Local 1,7702538252168,7702538252168,Jabon Deseo Avena,aseo,2300,92,MD DISTRIBUCIONES
1885,Local 1,7702538251321,7702538251321,Jabon Deseo coco,aseo,2500,89,MD DISTRIBUCIONES
1886,Local 1,7702538252205,7702538252205,Jabon Deseo manzana,aseo,2300,95,MD DISTRIBUCIONES
1887,Local 1,7898422746759,7898422746759,jabon dove original x 90 g,aseo,5700,104,DISTRICUELLAR DISTRIBUCIONES CUELLAR
1888,Local 1,7702191164600,7702191164600,JABON EN BARRA FAB ULTRA FLASH,CATEGORIA ESTANDAR,3300,47,UNIMASIVOS .
1889,Local 1,7702166068544,7702166068544,Jabon en polvo TOP color x400g,CATEGORIA ESTANDAR,4600,4,GRADEZCO LTDA .
1890,Local 1,7702166002883,7702166002883,Jabon en polvo TOP Xpert x 450g,CATEGORIA ESTANDAR,5500,3,GRADEZCO LTDA .
1891,Local 1,7702191164617,7702191164617,Jabon Fab barra 200g,CATEGORIA ESTANDAR,2300,0,DISTRICUELLAR DISTRIBUCIONES CUELLAR
1892,Local 1,7703522006019,7703522006019,jabon fragante aroma avena x 125 g,aseo,2400,103,DISTRICUELLAR DISTRIBUCIONES CUELLAR
1893,Local 1,7703522006033,7703522006033,jabon fragante aroma manzana verde x 125 g,aseo,2500,98,DISTRICUELLAR DISTRIBUCIONES CUELLAR
1894,Local 1,7703522006057,7703522006057,jabon fragante aroma natural x 125 g,aseo,2500,5,DISTRICUELLAR DISTRIBUCIONES CUELLAR
1895,Local 1,7703522006071,7703522006071,jabon fragante frutos rojos x 125 g,aseo,2400,102,DISTRICUELLAR DISTRIBUCIONES CUELLAR
1896,Local 1,7703522530125,7703522530125,Jabon Fragante pague 3 Lleve 4,CATEGORIA ESTANDAR,9000,0,DISTRICUELLAR DISTRIBUCIONES CUELLAR
1897,Local 1,7702166050136,7702166050136,Jabon Fresh Dorado Antibacterial x3,autoservicio servitodo thaliana,9900,1,TECNOVENTAS DISTRIBUCIONES
1898,Local 1,7708669890613,7708669890613,JABON HIPOALERGENICO BEBE 180 GR,aseo,3000,2,MD DISTRIBUCIONES
1899,Local 1,7702026177164,7702026177164,Jabon Intimo Nosotras,CATEGORIA ESTANDAR,1300,2,DISTRIMARIO SAS
1900,Local 1,7702026158644,7702026158644,Jabon intimo nosotras esencial,aseo,4800,98,DISTRIMARIO SAS
1901,Local 1,7702031407362,7702031407362,jabon johnsons almendras y avena x 110 g,aseo,3500,997,DISTRICUELLAR DISTRIBUCIONES CUELLAR
1902,Local 1,7702031414360,7702031414360,jabon johnsons aloe y vitaminas x 110 g,aseo,3500,95,DISTRICUELLAR DISTRIBUCIONES CUELLAR
1903,Local 1,7702031414575,7702031414575,jabon johnsons rosas y sandalo x 110 g,aseo,3500,96,DISTRICUELLAR DISTRIBUCIONES CUELLAR
1904,Local 1,7702031414346,7702031414346,jabon johsons original x 110 g,aseo,3500,93,DISTRICUELLAR DISTRIBUCIONES CUELLAR
1905,Local 1,7702310020862,7702310020862,jabon lak fina perfumacion x 110 g,aseo,2100,2,DISTRICUELLAR DISTRIBUCIONES CUELLAR
1906,Local 1,7702310020886,7702310020886,jabon lak frescura extrema x 110 g,aseo,2100,1,DISTRICUELLAR DISTRIBUCIONES CUELLAR
1907,Local 1,7702191521977,7702191521977,Jabon liquido 3D Manzana x240ml,aseo,3000,99,UNIMASIVOS .
1908,Local 1,7707633439049,7707633439049,Jabon liquido Amatic 1000ml,aseo,12500,1,PLASTICO SURCOLOMBIANO
1909,Local 1,7702113003635,7702113003635,Jabon Liquido Bacterion  Antibacterial x300ml,aseo,14000,1,DISTRIMARIO SAS
1910,Local 1,7702113038002,7702113038002,Jabon liquido Bacterion Frutos Rojos x300ML,aseo,14000,1,DISTRIMARIO SAS
1911,Local 1,7702113007862,7702113007862,Jabon Liquido Bacterion x300Ml Bambu,aseo,14000,0,DISTRIMARIO SAS
1912,Local 1,7701008847590,7701008847590,Jabon liquido CARE,aseo,12000,1,PLASTICO SURCOLOMBIANO
1913,Local 1,7705946641036,7705946641036,jabon liquido frutos rojos  500 ml,aseo,5500,3,ALVARO MUÑOZ
1914,Local 1,7705946641050,7705946641050,jabon liquido para manos avena x 500 ml,aseo,5500,6,DISTRIMARIO SAS
1915,Local 1,7702856977590,7702856977590,jabon liquido sibyla  frutos verdes x 1000 ml,aseo,10200,1,DISTRIMARIO SAS
1916,Local 1,7702856975626,7702856975626,Jabon Liquido Sibyla Avena x1000Ml,CATEGORIA ESTANDAR,8200,1,DISTRIMARIO SAS
1917,Local 1,7709413484256,7709413484256,Jabon liquido Valnis Antibacterial  fresh,aseo,5600,101,PLASTICO SURCOLOMBIANO
1918,Local 1,7709044633740,7709044633740,Jabon Liquido Valnis Antibacterial Coco,aseo,5600,100,PLASTICO SURCOLOMBIANO
1919,Local 1,7709917138266,7709917138266,Jabon Liquido Valnis Antibacterial manzana verde,aseo,5600,1,PLASTICO SURCOLOMBIANO
1920,Local 1,6925196009160,6925196009160,JABON OLIVE SOAP 100G,autoservicio servitodo thaliana,18000,2,HGW COLOMBIA
1921,Local 1,7509546677019,7509546677019,jabon palmolive avena y azucar 110mg,aseo,3200,8,DISTRIMARIO SAS
1922,Local 1,7509546683652,7509546683652,jabon palmolive banana y aguacate x 110 g,aseo,3200,105,DISTRIMARIO SAS
1923,Local 1,7509546676951,7509546676951,jabon palmolive con particulas de carbon,aseo,3200,1,DISTRIMARIO SAS
1924,Local 1,7509546677002,7509546677002,jabon palmolive granada 110 mg,aseo,3200,0,DISTRIMARIO SAS
1925,Local 1,7509546690261,7509546690261,jabon palmolive mandarina y romero 110 gr,aseo,3200,96,DISTRIMARIO SAS
1926,Local 1,7509546676982,7509546676982,jabon palmolive oliva y aloe vera,aseo,3200,99,DISTRIMARIO SAS
1927,Local 1,7509546676920,7509546676920,jabon palmolive sandia y lychee 110 gr,aseo,3200,94,DISTRIMARIO SAS
1928,Local 1,7702191451342,7702191451342,jabon puro bicarbonato x 180 g,aseo,2200,34,UNIMASIVOS .
1929,Local 1,7702191451762,7702191451762,jabon puro con bicarbonato x 360 g,aseo,4200,14,UNIMASIVOS .
1930,Local 1,7702191163771,7702191163771,Jabon Puro fuerza Azul 320gr,autoservicio servitodo thaliana,4300,3,UNIMASIVOS .
1931,Local 1,7702006405713,7702006405713,Jabon Rexona Fresh,aseo,3200,97,UNIMASIVOS .
1932,Local 1,7702166006515,7702166006515,Jabon rey liquido 2L,aseo,22700,8,GRADEZCO LTDA .
1933,Local 1,7702166006553,7702166006553,jabon rey liquido x 400 ml,aseo,6000,101,GRADEZCO LTDA .
1934,Local 1,7702166006003,7702166006003,jabon rey x 300 g,aseo,3500,777,CAROLINA DE GARZON SOCIEDAD DEPOSITO CAROLINA
1935,Local 1,7702310010559,7702310010559,jabon super riel x 380 g,aseo,4000,6,CAROLINA DE GARZON SOCIEDAD DEPOSITO CAROLINA
1936,Local 1,7709658360155,7709658360155,Jabon supremo limon,aseo,2800,2,PLASTICO SURCOLOMBIANO
1937,Local 1,7708669890507,7708669890507,jabon supremo multiuso x 115 g,aseo,1500,3,SURTILIMA .
1938,Local 1,7708669890118,7708669890118,Jabon supremo multiusos 40g,aseo,2800,9,MD DISTRIBUCIONES
1939,Local 1,7709658360193,7709658360193,jabon supremo multiusos limon x 300 g,aseo,3600,103,SURTILIMA .
1940,Local 1,7703522000680,7703522000680,jabon tigre base x 300 g,aseo,3000,17,SURTILIMA .
1941,Local 1,7703522000734,7703522000734,jabon tigre x 1000 g,aseo,8500,4,SURTILIMA .
1942,Local 1,7702166053809,7702166053809,jabon top terra bosque tropical x 230 g,aseo,3200,39,SURTILIMA .
1943,Local 1,7707839186136,7707839186136,jabon ultrex aroma floral x 1000 g,CATEGORIA ESTANDAR,6300,2,DISTRIMARIO SAS
1944,Local 1,7707183661259,7707183661259,jabon ultrex aroma floral x 125 g,aseo,1000,11,DISTRIMARIO SAS
1945,Local 1,7707839189335,7707839189335,jabon ultrex aroma floral x 2000 g,aseo,15600,1,DISTRIMARIO SAS
1946,Local 1,7707183664304,301183664304,jabon ultrex aroma floral x 250 g,aseo,2300,6,DISTRIMARIO SAS
1947,Local 1,7707839184972,7707839184972,jabon ultrex aroma floral x 3000 g,aseo,19800,2,DISTRIMARIO SAS
1948,Local 1,7702191163795,7702191163795,jabon vel rosita  x 180 g,aseo,3500,96,DISTRIMARIO SAS
1949,Local 1,7702807282506,7702807282506,jaibel mezcla con panela x 150 g,abarrotes,5900,3,DISTRIALDANA .
1950,Local 1,41515,1841,Jalea Sorpresa,dulceria,1000,989,CAROLINA DE GARZON SOCIEDAD DEPOSITO CAROLINA
1951,Local 1,7702398017877,7702398017877,jamon ideal rica x 230 gr,carnicos,9800,12,DISTRIVENTAS DEL HUILA
1952,Local 1,7702398026992,7702398026992,Jamon Ideal x 400gr,carnicos,14000,3,CAROLINA DE GARZON SOCIEDAD DEPOSITO CAROLINA
1953,Local 1,7701101280638,7701101280638,jamon sanduche 11 tajadas x 230 gr,carnicos,10800,88,DISTRIVENTAS DEL HUILA
1954,Local 1,7709930015056,7709930015056,Jaob Antibacterial VALNIS X1000 ML FRUTOS  ROJOS,aseo,8400,1,PLASTICO SURCOLOMBIANO
1955,Local 1,7702175157789,7702175157789,jengibre puro el rey x 15 g,abarrotes,2100,47,DISTRIALDANA .
1956,Local 1,7702007062694,7702007062694,jet burbujas,CATEGORIA ESTANDAR,1200,48,GERDY DISTRIBUCIONES
1957,Local 1,7702007045444,7702007045444,Jet cookies and cream,dulceria,1000,53,CAROLINA DE GARZON SOCIEDAD DEPOSITO CAROLINA
1958,Local 1,7702007052374,7702007052374,jet cookies cream 21 gr,CATEGORIA ESTANDAR,4000,5,COLOMBINA DISTRIBUCIONES
1959,Local 1,7702007053050,7702007053050,Jet crema 18g,CATEGORIA ESTANDAR,3000,12,CAROLINA DE GARZON SOCIEDAD DEPOSITO CAROLINA
1960,Local 1,7702007087512,7702007087512,Jet Gool xund,dulceria,500,109,GERDY DISTRIBUCIONES
1961,Local 1,77013323,77013323,jet mas leche chocolatinas 12 gr,abarrotes,1800,24,GERDY DISTRIBUCIONES
1962,Local 1,7702007042276,7702007042276,JetCookies and Cream 50g,dulceria,6000,45,GERDY DISTRIBUCIONES
1963,Local 1,7702535034835,7702535034835,jogo del valle mango 1.2l,bebidas,5000,3,ALPINA .
1964,Local 1,7702031401025,7702031401025,johnsons avena x 110 g,aseo,5000,3,DISTRIMARIO SAS
1965,Local 1,7702031401049,7702031401049,johnsons baby cremoso x 110 g,aseo,5000,1,DISTRIMARIO SAS
1966,Local 1,7702031401032,7702031401032,johnsons baby original x 110 g,aseo,5000,1,DISTRIMARIO SAS
1967,Local 1,7702031338574,7702031338574,johnsons baby shampoo,aseo,1500,5,TECNOVENTAS DISTRIBUCIONES
1968,Local 1,7702031291534,7702031291534,johnsons manzanilla 100ml,CATEGORIA ESTANDAR,14400,0,TECNOVENTAS DISTRIBUCIONES
1969,Local 1,7702031900870,7702031900870,johnsons para antes de dormir x 110 g,aseo,5000,1,DISTRIMARIO SAS
1970,Local 1,789456,789456,Juanva 125gr,CATEGORIA ESTANDAR,6500,100,CAROLINA DE GARZON SOCIEDAD DEPOSITO CAROLINA
1971,Local 1,7707133095097,7707133095097,JUEGO HIT MORA 1L,bebidas,4800,77,COCACOLA DISTRIBUCIONES
1972,Local 1,7709854738550,7709854738550,Jugo golosito,bebidas,1000,98,CAROLINA DE GARZON SOCIEDAD DEPOSITO CAROLINA
1973,Local 1,7709854738598,7709854738598,Jugo golosito,bebidas,1000,99,CAROLINA DE GARZON SOCIEDAD DEPOSITO CAROLINA
1974,Local 1,7709753320320,7709753320320,Jugo golosito,bebidas,1000,98,CAROLINA DE GARZON SOCIEDAD DEPOSITO CAROLINA
1975,Local 1,7702090027853,7702090027853,jugo hit  frutos tropicales 237 ml,bebidas,1800,1,InterPOS
1976,Local 1,7707133042039,7707133042039,jugo hit 200 ml,bebidas,1500,90,ALVARO MUÑOZ
1977,Local 1,7707133065090,7707133065090,JUGO HIT NARANJA PIÑA,bebidas,4800,67,InterPOS
1978,Local 1,7707133075655,7707133075655,jugo hit naranja piña 200 ml,bebidas,1500,21,InterPOS
1979,Local 1,7707133096933,7707133096933,jugo hit naranja piña 237ml,bebidas,1800,5,InterPOS
1980,Local 1,7702535022061,7702535022061,jugos del valle  fresh 1.5 l,bebidas,5400,3,COCACOLA DISTRIBUCIONES
1981,Local 1,7702007044133,7702007044133,jumbo dots x unid,CATEGORIA ESTANDAR,3000,15,GERDY DISTRIBUCIONES
1982,Local 1,7702007039689,7702007039689,Jumbo Flow,autoservicio servitodo thaliana,3700,11,GERDY DISTRIBUCIONES
1983,Local 1,7702007080339,7702007080339,jumbo mani x 17 g,dulceria,1600,1,GERDY DISTRIBUCIONES
1984,Local 1,7702007080742,7702007080742,jumbo mani x 90 g,dulceria,8600,91,GERDY DISTRIBUCIONES
1985,Local 1,7702007009989,7702007009989,JUMBO MIX,CATEGORIA ESTANDAR,5000,12,GERDY DISTRIBUCIONES
1986,Local 1,7705326070258,7705326070258,kekito,dulceria,2300,0,BIMBO DISTRIVENTAS DEL SUR
1987,Local 1,7702103125095,7702103125095,kelloggs barbie x 75 g,abarrotes,5100,3,COMESTIBLES LABOYANA
1988,Local 1,7702103126047,7702103126047,kelloggs choco krispis x 30 g,abarrotes,1800,77,COMESTIBLES LABOYANA
1989,Local 1,7702103126054,7702103126054,kelloggs froot loops x 25 g,abarrotes,1600,2,COMESTIBLES LABOYANA
1990,Local 1,7702103833709,7702103833709,kelloggs froot loops x 90 g,abarrotes,5700,91,DISTRIALDANA .
1991,Local 1,7702103126030,7702103126030,kelloggs zucaritas x 30 g,abarrotes,1600,3,COMESTIBLES LABOYANA
1992,Local 1,7702011125354,7702011125354,KICK MANI BARRA X35G,dulceria,1800,101,COLOMBINA DISTRIBUCIONES
1993,Local 1,7701027912378,7701027912378,kit ahorro x 3 und,aseo,2500,3,DISTRICUELLAR DISTRIBUCIONES CUELLAR
1994,Local 1,7701027910381,7701027910381,kit esponja  oro plata piter x 3,aseo,4400,3,DISTRICUELLAR DISTRIBUCIONES CUELLAR
1995,Local 1,260,260,Kl platano,CATEGORIA ESTANDAR,2000,93,ALPINA .
1996,Local 1,7702024216353,7702024216353,Klim 25gr,CATEGORIA ESTANDAR,1600,36,PROGRESAR NESTLE
1997,Local 1,7702024518044,7702024518044,Klim 360g + milo 100g,CATEGORIA ESTANDAR,21000,5,CAROLINA DE GARZON SOCIEDAD DEPOSITO CAROLINA
1998,Local 1,7702024228233,7702024228233,klim esencial x 100 g,abarrotes,4800,3,PROGRESAR NESTLE
1999,Local 1,7702024237464,7702024237464,klim forti crece x 26 g,abarrotes,1500,5,PROGRESAR NESTLE
2000,Local 1,7707055000100,7707055000100,kola condor 2 litros,bebidas,5500,6,COOCENTRAL .
2001,Local 1,7702057737450,7702057737450,kola granulada mk x 25 g,abarrotes,1300,3,DISTRICUELLAR DISTRIBUCIONES CUELLAR
2002,Local 1,7702057737146,7702057737146,kola granulada mk x 25 g,aseo,1900,9,DISTRICUELLAR DISTRIBUCIONES CUELLAR
2003,Local 1,7702609001886,7702609001886,Kola Roman 1.5l,CATEGORIA ESTANDAR,5000,39,InterPOS
2004,Local 1,7702609006508,7702609006508,kola roman x 400 ml,bebidas,2600,93,InterPOS
2005,Local 1,7702425152540,7702425152540,kotes esencial x 8 toallas,aseo,3000,6,DISTRIMARIO SAS
2006,Local 1,7702425801288,7702425801288,kotex discreta 10 toallas con alas,aseo,3900,8,DISTRIMARIO SAS
2007,Local 1,7702425800779,7702425800779,kotex ultraprotect x 10 T,aseo,5100,7,DISTRICUELLAR DISTRIBUCIONES CUELLAR
2008,Local 1,7702001048106,7702001048106,Kumis 1000g,CATEGORIA ESTANDAR,10000,99,ALPINA .
2009,Local 1,7702001047949,7702001047949,Kumis 150g,lacteos,2200,78,ALPINA .
2010,Local 1,7702001048007,7702001048007,kumis alpina x 150 g,lacteos,3200,35,ALPINA .
2011,Local 1,7700826000958,7700826000958,kumis entero x 230 ml,bebidas,2600,49,REYMA QUESOS FABRICA
2012,Local 1,7702032120369,7702032120369,La bastilla 110g,abarrotes,6000,87,GERDY DISTRIBUCIONES
2013,Local 1,7707044000470,7707044000470,la bonita codos x 200 g,CATEGORIA ESTANDAR,1300,6,DISTRIMARIO SAS
2014,Local 1,7707044000425,7707044000425,la bonita conchas x 200 g,abarrotes,1300,5,DISTRIMARIO SAS
2015,Local 1,7707044000623,7707044000623,la bonita fideos x 200 g,abarrotes,1300,24,DISTRIMARIO SAS
2016,Local 1,7707044000487,7707044000487,la bonita macarron x 200 g,abarrotes,1300,24,DISTRICUELLAR DISTRIBUCIONES CUELLAR
2017,Local 1,7707044000432,7707044000432,la bonita tornillos x 200 g,abarrotes,1300,6,DISTRIMARIO SAS
2018,Local 1,7702109011996,7702109011996,la buena cremosa x 125 g,abarrotes,3200,95,DISTRIMARIO SAS
2019,Local 1,7702116000280,7702116000280,la buena x 125 g,abarrotes,2800,7,DISTRIMARIO SAS
2020,Local 1,7702116000297,7702116000297,la buena x 250 g,abarrotes,5400,37,DISTRIMARIO SAS
2021,Local 1,7702116999997,7702116999997,la buena x 50 g,abarrotes,1300,97,DISTRICUELLAR DISTRIBUCIONES CUELLAR
2022,Local 1,7702097162243,7702097162243,La Constancia MAYOBURGER,CATEGORIA ESTANDAR,2100,12,COLOMBINA DISTRIBUCIONES
2023,Local 1,7702097135612,7702097135612,la constancia mayonesa x 150 g,abarrotes,2500,94,DISTRIMARIO SAS
2024,Local 1,7702097148551,7702097148551,la constancia mayonesa x 190 g,abarrotes,5600,48,DISTRIMARIO SAS
2025,Local 1,7702097148544,7702097148544,la constancia mayonesa x 80 g,abarrotes,1500,18,DISTRIMARIO SAS
2026,Local 1,7702097036650,7702097036650,la constancia mermelada de fresa x 200 g,abarrotes,5800,19,COLOMBINA DISTRIBUCIONES
2027,Local 1,7702097036643,7702097036643,la constancia mermelada de mora x 200 g,abarrotes,5500,98,COLOMBINA DISTRIBUCIONES
2028,Local 1,7702097036681,7702097036681,la constancia mermelada de piña x 200 g,abarrotes,5500,99,COLOMBINA DISTRIBUCIONES
2029,Local 1,7702097037565,7702097037565,la constancia pasta de tomate x 200 g,abarrotes,7000,103,COLOMBINA DISTRIBUCIONES
2030,Local 1,7702097163455,7702097163455,la constancia salsa BBQ barbecue sauce x 150 g,abarrotes,2800,0,COLOMBINA DISTRIBUCIONES
2031,Local 1,7702097148520,7702097148520,la constancia salsa BBQ barbecue sauce x 80 g,abarrotes,2000,25,DISTRIMARIO SAS
2032,Local 1,7702097155580,7702097155580,la constancia salsa BBQ sabor cerveza x 190 g,CATEGORIA ESTANDAR,5700,4,COLOMBINA DISTRIBUCIONES
2033,Local 1,7702097148537,7702097148537,la constancia salsa BBQ x 190 g,abarrotes,6000,4,COLOMBINA DISTRIBUCIONES
2034,Local 1,7702097039767,7702097039767,la constancia salsa de ciruela  x 200 g,abarrotes,6200,3,COLOMBINA DISTRIBUCIONES
2035,Local 1,7702097039774,7702097039774,la constancia salsa de piña x 200 g,abarrotes,6100,98,COLOMBINA DISTRIBUCIONES
2036,Local 1,7702097135629,7702097135629,la constancia salsa de tomate x 150 g,abarrotes,2500,92,COLOMBINA DISTRIBUCIONES
2037,Local 1,7702097148643,7702097148643,la constancia salsa de tomate x 190 g,abarrotes,5200,3,COLOMBINA DISTRIBUCIONES
2038,Local 1,7702097148636,7702097148636,la constancia salsa de tomate x 80 g,abarrotes,1500,27,COLOMBINA DISTRIBUCIONES
2039,Local 1,7702097148605,7702097148605,LA CONSTANCIA SALSA MOSTAZA 80G,CATEGORIA ESTANDAR,2000,12,COLOMBINA DISTRIBUCIONES
2040,Local 1,7702097148629,7702097148629,la constancia salsa rosada x 80 g,abarrotes,1800,74,COLOMBINA DISTRIBUCIONES
2041,Local 1,7702097125729,7702097125729,la constancia vinagre blanco x 1000 ml,abarrotes,5900,4,COLOMBINA DISTRIBUCIONES
2042,Local 1,7702097035332,7702097035332,la constancia vinagre blanco x 230 ml,abarrotes,1800,96,COLOMBINA DISTRIBUCIONES
2043,Local 1,7709890530231,7709890530231,la constancia vinagre blanco x 500 ml,abarrotes,2400,3,COLOMBINA DISTRIBUCIONES
2044,Local 1,7702007082609,7702007082609,La especial tradicional 400g,CATEGORIA ESTANDAR,14500,9,CAROLINA DE GARZON SOCIEDAD DEPOSITO CAROLINA
2045,Local 1,7702161001003,7702161001003,la fina x 125 g,abarrotes,2700,103,DISTRICUELLAR DISTRIBUCIONES CUELLAR
2046,Local 1,7702161002000,7702161002000,la fina x 250 g,abarrotes,5000,3,DISTRIMARIO SAS
2047,Local 1,7702088216641,7702088216641,La joya 280gr,aseo,3000,45,DISTRIMARIO SAS
2048,Local 1,7702088210823,7702088210823,la joya crema lava loza aroma a limon x 990 g,aseo,7300,4,MD DISTRIBUCIONES
2049,Local 1,7702088207557,7702088207557,la joya crema lavaloza limon x 500 g,aseo,4500,8,DISTRIMARIO SAS
2050,Local 1,7702088208929,7702088208929,La joya limon 300ml,aseo,3200,94,CAROLINA DE GARZON SOCIEDAD DEPOSITO CAROLINA
2051,Local 1,7702024075011,7702024075011,la lechera 320 gr nestle,lacteos,10300,7,PROGRESAR NESTLE
2052,Local 1,7702024098805,7702024098805,La lechera frutos rojos,dulceria,1200,98,PROGRESAR NESTLE
2053,Local 1,7702098203105,7702098203105,la maquina scotch-brite,aseo,2000,5,DISTRIMARIO SAS
2054,Local 1,7702910099701,7702910099701,la soberana conserva de pescado x 155 g,carnicos,4800,9,DISTRIMARIO SAS
2055,Local 1,7702910099138,7702910099138,la soberana conserva de pescado x 425 g,carnicos,9400,39,DISTRIMARIO SAS
2056,Local 1,7702910964184,7702910964184,la soberana conservas de pescado x 320 g,carnicos,7000,2,DISTRICUELLAR DISTRIBUCIONES CUELLAR
2057,Local 1,7702910035846,7702910035846,la soberana lomitos de atun en aceite x 140 g,abarrotes,7000,87,DISTRICUELLAR DISTRIBUCIONES CUELLAR
2058,Local 1,7702910037482,7702910037482,la soberana lomitos de atun en agua x 140 g,carnicos,7000,101,DISTRIMARIO SAS
2059,Local 1,7702354112318,7702354112318,La sopera ajiaco,CATEGORIA ESTANDAR,1700,1,CAROLINA DE GARZON SOCIEDAD DEPOSITO CAROLINA
2060,Local 1,7702354930998,7702354930998,La sopera champiñones,CATEGORIA ESTANDAR,2700,0,DISTRIMARIO SAS
2061,Local 1,7702354930943,7702354930943,La sopera mazorca,CATEGORIA ESTANDAR,1800,5,CAROLINA DE GARZON SOCIEDAD DEPOSITO CAROLINA
2062,Local 1,7702354931032,7702354931032,la sopera pollo,CATEGORIA ESTANDAR,2700,1,DISTRIMARIO SAS
2063,Local 1,7702354930936,7702354930936,La sopera pollo con champiñones,CATEGORIA ESTANDAR,1700,1,CAROLINA DE GARZON SOCIEDAD DEPOSITO CAROLINA
2064,Local 1,7702354930905,7702354930905,La sopera pollo con verduras,CATEGORIA ESTANDAR,1800,4,CAROLINA DE GARZON SOCIEDAD DEPOSITO CAROLINA
2065,Local 1,7702354931025,7702354931025,la sopera verduras,CATEGORIA ESTANDAR,2700,1,DISTRIMARIO SAS
2066,Local 1,6950225101942,6950225101942,LACTIBERRY ARANDANOS,autoservicio servitodo thaliana,98800,3,HGW COLOMBIA
2067,Local 1,7501033210792,7501033210792,Lady speed,CATEGORIA ESTANDAR,1200,157,CAROLINA DE GARZON SOCIEDAD DEPOSITO CAROLINA
2068,Local 1,7702010470486,7702010470486,Lady speed complete,autoservicio servitodo thaliana,3800,98,CAROLINA DE GARZON SOCIEDAD DEPOSITO CAROLINA
2069,Local 1,7501033204500,7501033204500,Lady speed duo,autoservicio servitodo thaliana,1600,20,CAROLINA DE GARZON SOCIEDAD DEPOSITO CAROLINA
2070,Local 1,7501033210785,7501033210785,lady speed stick clinical x 9 g,aseo,1200,23,DISTRIVENTAS DEL HUILA
2071,Local 1,7759185003674,7759185003674,ladysoft  normal tela suave con alas x 10 toallas,aseo,3500,2,DISTRIMARIO SAS
2072,Local 1,7759185003681,7759185003681,ladysoft delgada tela suave con alas x 10 toallas,aseo,4000,3,DISTRIMARIO SAS
2073,Local 1,7759185002455,7759185002455,ladysoft nocturna norma x 8 toallas,aseo,4500,9,DISTRIMARIO SAS
2074,Local 1,7702310020893,7702310020893,lak proteccion antibacterial x 110 g,aseo,2100,9,DISTRICUELLAR DISTRIBUCIONES CUELLAR
2075,Local 1,7702310020879,7702310020879,lak suavidad humectante x 110 g,aseo,2100,2,DISTRICUELLAR DISTRIBUCIONES CUELLAR
2076,Local 1,7709023412052,7709023412052,lapicero negro y rojo offiesco,papeleria,1000,96,DISTRIHOGAR B.B
2077,Local 1,7709377353872,7709377353872,lapicero offi-esco negro punta gruesa,papeleria,1200,0,ALPINA .
2078,Local 1,7703486035681,7703486035681,Lapicero Paper Mate,CATEGORIA ESTANDAR,1000,42,PLASTICO SURCOLOMBIANO
2079,Local 1,7709492484567,7709492484567,Lapicero punta fina  retractil,papeleria,1200,11,DISTRIHOGAR B.B
2080,Local 1,0127708630250303,0127708630250303,lapicero ultra-gel negro,abarrotes,900,94,GERDY DISTRIBUCIONES
2081,Local 1,7709163798719,7709163798719,lapiz mirado rojo,aseo,1000,12,ALPINA .
2082,Local 1,7702085043066,7702085043066,Lasagna doria 200gr,autoservicio servitodo thaliana,7000,98,CAROLINA DE GARZON SOCIEDAD DEPOSITO CAROLINA
2083,Local 1,7709880458989,7709880458989,LAUREL EN POLVO  GAVIUS X50G,CATEGORIA ESTANDAR,1700,99,ALPINA .
2084,Local 1,115,115,laurel la negra,abarrotes,500,8,CAROLINA DE GARZON SOCIEDAD DEPOSITO CAROLINA
2085,Local 1,7702175793079,7702175793079,Laurel rey,abarrotes,1800,105,DISTRIALDANA .
2086,Local 1,7861036793105,7861036793105,Lavaloza LAVA Rosado 850g,aseo,13500,0,PLASTICO SURCOLOMBIANO
2087,Local 1,7861036793112,7861036793112,lavaloza LAVA uva 850g,aseo,13500,1,PLASTICO SURCOLOMBIANO
2088,Local 1,7702088212162,7702088212162,Lavaloza Liquido La JOya x500ml,aseo,3900,94,DISTRIMARIO SAS
2089,Local 1,7708872634387,7708872634387,lavaloza supremo x 900 gr,aseo,7000,6,ALVARO MUÑOZ
2090,Local 1,7708606048244,7708606048244,lavaplatos tras 450 gr,aseo,4000,104,ALVARO MUÑOZ
2091,Local 1,7708669890514,7708669890514,lavaplatos tras disco x 130 g,aseo,1500,92,MD DISTRIBUCIONES
2092,Local 1,7861036790210,7861036790210,lavax lavaloza  limon,aseo,3200,2,DISTRICUELLAR DISTRIBUCIONES CUELLAR
2093,Local 1,7861036790234,7861036790234,lavax lavaloza morado,aseo,3200,8,DISTRICUELLAR DISTRIBUCIONES CUELLAR
2094,Local 1,7861036790227,7861036790227,lavax lavaloza rosado,aseo,3200,8,DISTRICUELLAR DISTRIBUCIONES CUELLAR
2095,Local 1,7702310024006,7702310024006,le fragance aroma floral x 100 g,aseo,2000,11,DISTRICUELLAR DISTRIBUCIONES CUELLAR
2096,Local 1,7702310024013,7702310024013,le fragance aroma frutal x 100 g,aseo,2000,6,DISTRICUELLAR DISTRIBUCIONES CUELLAR
2097,Local 1,7702439608569,7702439608569,leche achocolatada bilac,bebidas,2000,12,POSTOBON .
2098,Local 1,7702001171064,7702001171064,leche alpina x 400 ml,lacteos,2000,3,ALPINA .
2099,Local 1,7702001171057,7702001171057,leche alpina x 800 ml,lacteos,4700,4,ALPINA .
2100,Local 1,7702177007341,7702177007341,leche alqueria deslactosada x 1100 ml,lacteos,6500,100,RAMO .
2101,Local 1,7702177020999,7702177020999,leche alqueria deslactosada x 400 ml,bebidas,2200,3,BIMBO DISTRIVENTAS DEL SUR
2102,Local 1,7702177004159,7702177004159,leche alqueria deslactosada x 900 ml,bebidas,5000,0,BIMBO DISTRIVENTAS DEL SUR
2103,Local 1,7702177022498,7702177022498,leche alqueria sabor original x 1100 ml,bebidas,6800,0,BIMBO DISTRIVENTAS DEL SUR
2104,Local 1,7702177021095,7702177021095,leche alqueria x 400 ml,lacteos,2200,44,BIMBO DISTRIVENTAS DEL SUR
2105,Local 1,7702177139561,7702177139561,leche alqueria x 900 ml,bebidas,4800,2,BIMBO DISTRIVENTAS DEL SUR
2106,Local 1,7702097066558,7702097066558,leche condensada 400 gr colombina,abarrotes,11800,0,COLOMBINA DISTRIBUCIONES
2107,Local 1,7708075610706,7708075610706,leche condensada delice,bebidas,4500,0,DISTRIMARCA HELADOS
2108,Local 1,7708075610010,7708075610010,Leche Condensada Delice x380g,autoservicio servitodo thaliana,6000,3,DISTRIMARCA HELADOS
2109,Local 1,7700604006363,7700604006363,Leche Condensada parmalat lata x100g,autoservicio servitodo thaliana,3600,3,PARMALAT .
2110,Local 1,7709890530217,7709890530217,leche condensada tropico 100gr,CATEGORIA ESTANDAR,1800,3,CAROLINA DE GARZON SOCIEDAD DEPOSITO CAROLINA
2111,Local 1,7702622624109,7702622624109,Leche de soya Original,abarrotes,11000,5,CAROLINA DE GARZON SOCIEDAD DEPOSITO CAROLINA
2112,Local 1,7702622624154,7702622624154,Leche de soya Vainilla,CATEGORIA ESTANDAR,9400,4,CAROLINA DE GARZON SOCIEDAD DEPOSITO CAROLINA
2113,Local 1,7700604055668,7700604055668,leche deslactosada parmalat x 400 ml,bebidas,2200,4,BIMBO DISTRIVENTAS DEL SUR
2114,Local 1,7702024402831,7702024402831,leche el rodeo x 375 g,abarrotes,19700,9,PROGRESAR NESTLE
2115,Local 1,7702024181712,7702024181712,leche elrodeo x350g,lacteos,16600,100,PROGRESAR NESTLE
2116,Local 1,7702024034605,7702024034605,leche klim clasica x 360 g,abarrotes,24700,2,PROGRESAR NESTLE
2117,Local 1,7700604054555,7700604054555,leche parmalat x 400 ml,bebidas,2100,59,BIMBO DISTRIVENTAS DEL SUR
2118,Local 1,7700604052407,7700604052407,leche parmalat x 800 ml,lacteos,4300,64,SURCOLAC PUREZA
2119,Local 1,7707170008944,7707170008944,leche pureza 400 ml,lacteos,2000,6,ALPINA .
2120,Local 1,7707170006223,7707170006223,leche pureza 900 ml,lacteos,4200,6,SURCOLAC PUREZA
2121,Local 1,7707170008609,7707170008609,leche pureza deslactosada x900 ml,lacteos,4700,2,SURCOLAC PUREZA
2122,Local 1,7707170008623,7707170008623,leche pureza deslsctosada 400 ml,lacteos,2400,2,SURCOLAC PUREZA
2123,Local 1,7704778000820,7704778000820,leche trebol  x 400 ml,bebidas,2300,554,ALPINA .
2124,Local 1,7704778000806,7704778000806,leche trebol x 900 ml,bebidas,4900,692,ALVARO MUÑOZ
2125,Local 1,8445291549432,8445291549432,LECHERAX100G,CATEGORIA ESTANDAR,3700,10,PROGRESAR NESTLE
2126,Local 1,279,279,lecherita ramos 19 gr,CATEGORIA ESTANDAR,700,20,RAMO .
2127,Local 1,7707335281496,7707335281496,lenteja  maritza 454 gr,abarrotes,3000,12,ALVARO MUÑOZ
2128,Local 1,7707337871053,7707337871053,lenteja 454 gr llano grande,abarrotes,3000,976,CAROLINA DE GARZON SOCIEDAD DEPOSITO CAROLINA
2129,Local 1,7702910354213,7702910354213,lenteja verde la soberana x 460 g,abarrotes,2300,78,CAROLINA DE GARZON SOCIEDAD DEPOSITO CAROLINA
2130,Local 1,7702014590821,7702014590821,Levadura Activa seca de Levapan fcox80gr,autoservicio servitodo thaliana,8000,51,DISTRIALDANA .
2131,Local 1,107,107,levadura la negra,abarrotes,1000,990,CAROLINA DE GARZON SOCIEDAD DEPOSITO CAROLINA
2132,Local 1,82,82,levadura la negra,abarrotes,5500,996,CAROLINA DE GARZON SOCIEDAD DEPOSITO CAROLINA
2133,Local 1,108,108,levadura la negra,abarrotes,500,86,CAROLINA DE GARZON SOCIEDAD DEPOSITO CAROLINA
2134,Local 1,6917790979642,6917790979642,levadura x 500 gr,CATEGORIA ESTANDAR,16200,2,ALVARO MUÑOZ
2135,Local 1,77087720,77087720,Levapan esencia de canela,abarrotes,4800,47,DISTRIALDANA .
2136,Local 1,77093677,77093677,levapan esencia sabor a banano x 60 ml,abarrotes,4600,1,MD DISTRIBUCIONES
2137,Local 1,77066800,77066800,levapan esencia sabor a vainilla caramelo x 60 ml,abarrotes,4600,2,MD DISTRIBUCIONES
2138,Local 1,7702014000252,7702014000252,levapan levadura activa seca x 7 g,abarrotes,1500,6,MD DISTRIBUCIONES
2139,Local 1,7702014592030,7702014592030,levapan polvo para hornear x 20 g,abarrotes,2200,14,MD DISTRIBUCIONES
2140,Local 1,303,303,liberal x 4,dulceria,2500,90,ALVARO MUÑOZ
2141,Local 1,7702354953966,7702354953966,like  citrus sabor a vodka y limon x 300 ml,bebidas,3500,6,ALVARO MUÑOZ
2142,Local 1,7702354957407,7702354957407,like blueberry sabor a mora azul x 300 ml,aseo,3500,6,DISTRICUELLAR DISTRIBUCIONES CUELLAR
2143,Local 1,7702354953959,7702354953959,like fresh apple sabor a manzana verde x 300 ml,aseo,3500,6,DISTRICUELLAR DISTRIBUCIONES CUELLAR
2144,Local 1,7702354954000,7702354954000,like fusion sabor a frutos rojos x 300 ml,bebidas,3500,6,ALVARO MUÑOZ
2145,Local 1,214,214,lima de uñas x unidad pequeña,abarrotes,1000,11,DISTRIHOGAR B.B
2146,Local 1,7702914601382,7702914601382,limoncitas 8 unidades x 152 g,CATEGORIA ESTANDAR,6100,5,COLOMBINA DISTRIBUCIONES
2147,Local 1,7702210002036,7702210002036,limpia hornos y asadores x 280 g,aseo,8000,12,DISTRICUELLAR DISTRIBUCIONES CUELLAR
2148,Local 1,7703812006729,7703812006729,Limpia Pisos blancox Lavanda x900ML,aseo,8300,2,DISTRIMARIO SAS
2149,Local 1,7703812006903,7703812006903,Limpia pisos BLancox x450ML Rosas&Jazmin,aseo,4000,2,DISTRIMARIO SAS
2150,Local 1,7703812006897,7703812006897,Limpia Pisos Blancox x900Ml,aseo,8300,2,DISTRIMARIO SAS
2151,Local 1,7702037567978,7702037567978,Limpia ya 7 1/2,CATEGORIA ESTANDAR,5000,1,CAROLINA DE GARZON SOCIEDAD DEPOSITO CAROLINA
2152,Local 1,7702037567916,7702037567916,Limpia ya 7/2,CATEGORIA ESTANDAR,5000,1,CAROLINA DE GARZON SOCIEDAD DEPOSITO CAROLINA
2153,Local 1,7702037567930,7702037567930,Limpia ya 8 1/2,CATEGORIA ESTANDAR,5000,1,CAROLINA DE GARZON SOCIEDAD DEPOSITO CAROLINA
2154,Local 1,7702037567992,7702037567992,Limpia ya 8 1/2,CATEGORIA ESTANDAR,5000,1,CAROLINA DE GARZON SOCIEDAD DEPOSITO CAROLINA
2155,Local 1,7702480002415,7702480002415,limpiador de tenis bowy,aseo,7300,1,DISTRIMARIO SAS
2156,Local 1,7702354951665,7702354951665,limpiapisos aromax - frutos rojos x 180 ml,aseo,2000,1,DISTRICUELLAR DISTRIBUCIONES CUELLAR
2157,Local 1,7702354950378,7702354950378,limpiapisos aromax - lavanda x 180 ml,aseo,2000,1,DISTRICUELLAR DISTRIBUCIONES CUELLAR
2158,Local 1,7702354953249,7702354953249,limpiapisos aromax - manzana verde x 180 ml,aseo,2000,20,DISTRICUELLAR DISTRIBUCIONES CUELLAR
2159,Local 1,7702354951658,7702354951658,limpiapisos aromax-frutos rojos x 500 ml,aseo,5000,1,DISTRICUELLAR DISTRIBUCIONES CUELLAR
2160,Local 1,7702354950385,7702354950385,limpiapisos aromax-lavanda x 500 ml,aseo,5000,19,DISTRICUELLAR DISTRIBUCIONES CUELLAR
2161,Local 1,7702354953232,7702354953232,limpiapisos aromax-manzana verde x 500 ml,aseo,5000,2,DISTRICUELLAR DISTRIBUCIONES CUELLAR
2162,Local 1,7707271389386,7707271389386,Limpiapisos lavanda victory,aseo,3000,98,DISTRICUELLAR DISTRIBUCIONES CUELLAR
2163,Local 1,7702137636864,7702137636864,Limpido 3.8,aseo,17800,99,TECNOVENTAS DISTRIBUCIONES
2164,Local 1,7702213183527,7702213183527,LIMPIDO 930ML,CATEGORIA ESTANDAR,4900,92,TECNOVENTAS DISTRIBUCIONES
2165,Local 1,7702213366111,7702213366111,LIMPIDO CLOROX 930ML,aseo,5700,47,TECNOVENTAS DISTRIBUCIONES
2166,Local 1,7702137629569,7702137629569,Limpido ropa Color x450ml,aseo,3700,7,TECNOVENTAS DISTRIBUCIONES
2167,Local 1,7702137415575,7702137415575,Limpido Ropa color x930ml,aseo,9700,1,TECNOVENTAS DISTRIBUCIONES
2168,Local 1,7702137630206,7702137630206,LIMPIDO X1.8L,CATEGORIA ESTANDAR,8600,98,TECNOVENTAS DISTRIBUCIONES
2169,Local 1,251,251,limpion,aseo,3000,14,ALVARO MUÑOZ
2170,Local 1,98,98,linaza la negra,abarrotes,1000,11,CAROLINA DE GARZON SOCIEDAD DEPOSITO CAROLINA
2171,Local 1,7707145301551,7707145301551,linaza molida 300 gr,medicamentos,8800,2,TECNOVENTAS DISTRIBUCIONES
2172,Local 1,7702035432117,7702035432117,LISTERINE FRECURA INTENSA X180ML,CATEGORIA ESTANDAR,12000,20,TECNOVENTAS DISTRIBUCIONES
2173,Local 1,7702035432339,7702035432339,Listerine x500,aseo,22000,98,CAROLINA DE GARZON SOCIEDAD DEPOSITO CAROLINA
2174,Local 1,239,239,lokiño individual,dulceria,100,20,COLOMBINA DISTRIBUCIONES
2175,Local 1,7702993030073,7702993030073,lokiño masticable x 100 und,CATEGORIA ESTANDAR,9700,9,DISTRICUELLAR DISTRIBUCIONES CUELLAR
2176,Local 1,7702993046418,7702993046418,Lokiño minis,CATEGORIA ESTANDAR,1100,3,CAROLINA DE GARZON SOCIEDAD DEPOSITO CAROLINA
2177,Local 1,7702432360488,7702432360488,Lolirta chocolate negro,CATEGORIA ESTANDAR,2300,9,CAROLINA DE GARZON SOCIEDAD DEPOSITO CAROLINA
2178,Local 1,7702432473560,7702432473560,Lolita chocolate,CATEGORIA ESTANDAR,2300,9,CAROLINA DE GARZON SOCIEDAD DEPOSITO CAROLINA
2179,Local 1,7702432470064,7702432470064,Lolita x5,CATEGORIA ESTANDAR,10500,1,CAROLINA DE GARZON SOCIEDAD DEPOSITO CAROLINA
2180,Local 1,7709284082810,7709284082810,Lomja Bocadillo x250,dulceria,2600,998,GLOFER DISTRIBUCIONES
2181,Local 1,7702439107376,7702439107376,lomos de atun en aceite bary  x 160 g,CATEGORIA ESTANDAR,6800,4,InterPOS
2182,Local 1,7861073930365,7861073930365,Lomotil,medicamentos,1000,98,CAROLINA DE GARZON SOCIEDAD DEPOSITO CAROLINA
2183,Local 1,7709963564217,7709963564217,LONJA BOCADILLO X 400GR,CATEGORIA ESTANDAR,3500,6,ALPINA .
2184,Local 1,7709336462836,7709336462836,LONJA BOCADILLO X 500GR,CATEGORIA ESTANDAR,3700,101,CAROLINA DE GARZON SOCIEDAD DEPOSITO CAROLINA
2185,Local 1,7709963564279,7709963564279,Lonja bocadillo x300gr,dulceria,3000,7,GLOFER DISTRIBUCIONES
2186,Local 1,7703247621450,7703247621450,lonja combinada la monita x200g,CATEGORIA ESTANDAR,1900,2,BIMBO DISTRIVENTAS DEL SUR
2187,Local 1,7709365361414,7709365361414,lonja de bocadillo combinada x 300 g,CATEGORIA ESTANDAR,4800,2,BIMBO DISTRIVENTAS DEL SUR
2188,Local 1,7709336462805,7709336462805,lonja de bocadillo de guallaba x 280g,CATEGORIA ESTANDAR,2900,2,GUADALUPE ARDICOLL
2189,Local 1,7709336462881,7709336462881,lonja de bocadillo de guallaba x 500 g,CATEGORIA ESTANDAR,4100,2,GUADALUPE ARDICOLL
2190,Local 1,7703247662330,7703247662330,Lonja roja la monita x200g,CATEGORIA ESTANDAR,1900,2,BIMBO DISTRIVENTAS DEL SUR
2191,Local 1,7703247454799,7703247454799,Lonja Roja La Monita x300g,CATEGORIA ESTANDAR,2800,2,GLOFER DISTRIBUCIONES
2192,Local 1,7703038961512,7703038961512,loratadina 10 mg,medicamentos,400,22,DISTRIVENTAS DEL HUILA
2193,Local 1,7702354958190,7702354958190,los cuates limon x 269 ml,bebidas,4000,16,InterPOS
2194,Local 1,7702354958688,7702354958688,los cuates mango x 473 ml,bebidas,5800,5,InterPOS
2195,Local 1,7702354958206,7702354958206,los cuates sabor a mango x 269 ml,bebidas,4000,8,DISTRICUELLAR DISTRIBUCIONES CUELLAR
2196,Local 1,7702354958213,7702354958213,los cuates sabor a margarita fresa x 269 ml,bebidas,4000,8,DISTRICUELLAR DISTRIBUCIONES CUELLAR
2197,Local 1,7703812400275,7703812400275,Loza crem aloe y rosas 720,CATEGORIA ESTANDAR,8500,2,CAROLINA DE GARZON SOCIEDAD DEPOSITO CAROLINA
2198,Local 1,7703812405515,7703812405515,Loza crem coco 150g,CATEGORIA ESTANDAR,2000,2,CAROLINA DE GARZON SOCIEDAD DEPOSITO CAROLINA
2199,Local 1,7703812412209,7703812412209,Loza crem disco limon,aseo,1400,86,CAROLINA DE GARZON SOCIEDAD DEPOSITO CAROLINA
2200,Local 1,7703812411943,7703812411943,loza crem liquido - deluxe con colageno x 850 ml,aseo,15700,1,DISTRIMARIO SAS
2201,Local 1,7703812010573,7703812010573,loza crem liquido - limon y aloe x 850 ml,aseo,16300,99,DISTRIMARIO SAS
2202,Local 1,7703812003988,7703812003988,loza crem liquido -aloe y rosas x 850 g,aseo,16100,2,DISTRIMARIO SAS
2203,Local 1,7703812402514,7703812402514,loza crem liquido -coco x 850 ml,aseo,15800,2,DISTRIMARIO SAS
2204,Local 1,7703812411844,7703812411844,loza crem liquido con vitamina E y glicerina x 200 ml,aseo,2600,3,DISTRIMARIO SAS
2205,Local 1,7703812415026,7703812415026,loza crem liquido limon y aloe x 360 ml,aseo,4000,3,ALPINA .
2206,Local 1,7703812400268,7703812400268,loza crem liquido- limon y aloe x 720 ml,aseo,9200,3,DISTRIMARIO SAS
2207,Local 1,7703812400244,7703812400244,loza crem liquido-limon y aloe x 1.5 l,aseo,14500,9,DISTRIMARIO SAS
2208,Local 1,7703812003193,7703812003193,lozacrem aloe y rosas x 250 g,aseo,3000,106,DISTRIMARIO SAS
2209,Local 1,7703812003209,7703812003209,lozacrem aloe y rosas x 450 g,aseo,6200,96,DISTRIMARIO SAS
2210,Local 1,7703812003797,7703812003797,lozacrem avena y aloe,aseo,3000,5,DISTRIMARIO SAS
2211,Local 1,7703812003773,7703812003773,lozacrem avena y aloe x 450 g,aseo,6200,9,DISTRIMARIO SAS
2212,Local 1,7703812014458,7703812014458,lozacrem blancox  200 ml limon y aloe,aseo,2400,990,
2213,Local 1,7703812411868,7703812411868,lozacrem con vitamina E y gliserina x 400 ml,aseo,11200,0,DISTRIMARIO SAS
2214,Local 1,7703812405539,7703812405539,lozacrem lava loza aloe y rosas x 850 g,aseo,10400,10,DISTRIMARIO SAS
2215,Local 1,7703812044264,7703812044264,lozacrem lava loza crema aloe y rosas x 150 g,aseo,2000,107,DISTRIMARIO SAS
2216,Local 1,7703812044257,7703812044257,lozacrem lava loza crema avena y aloe x 150 g,aseo,2000,26,DISTRIMARIO SAS
2217,Local 1,7703812044240,7703812044240,lozacrem lava loza crema limon y aloe x 150 g,aseo,2000,99,DISTRIMARIO SAS
2218,Local 1,7703812010566,7703812010566,lozacrem lava loza crema limon y aloe x 250 g,aseo,3000,97,DISTRIMARIO SAS
2219,Local 1,7703812405553,7703812405553,lozacrem lava loza crema limon y aloe x 850 g,aseo,11500,9,DISTRIMARIO SAS
2220,Local 1,7703812405577,7703812405577,lozacrem lavaloza avena y aloe x 850 g,aseo,10300,1,DISTRIMARIO SAS
2221,Local 1,7703812402569,7703812402569,lozacrem lavaloza coco x 450 g,aseo,6200,2,DISTRIMARIO SAS
2222,Local 1,7703812010610,7703812010610,lozacrem lavaloza limon y aloe x 450 g,aseo,6200,3,DISTRIMARIO SAS
2223,Local 1,7703812400404,7703812400404,lozacrem lavaloza liquido limon y aloe 720 ml,aseo,16500,6,INVERSIONES GUTIERREZ EQCO
2224,Local 1,7703812010603,7703812010603,lozacrem limon y aloe x 400 ml,aseo,10200,1,DISTRIMARIO SAS
2225,Local 1,7703812400398,7703812400398,lozacrem liquido limon y aloe 1.5 ltros,aseo,29000,2,DISTRIMARIO SAS
2226,Local 1,7703812400411,7703812400411,lozacren liquido lavaloza aloe y rosas 720 ml,aseo,15500,1,DISTRIMARIO SAS
2227,Local 1,7702088217556,7702088217556,Lukafe intenso 40gr,abarrotes,2300,89,CAROLINA DE GARZON SOCIEDAD DEPOSITO CAROLINA
2228,Local 1,7702088103293,7702088103293,luker choco express sin azucar x 120 g,abarrotes,12700,2,DISTRICUELLAR DISTRIBUCIONES CUELLAR
2229,Local 1,7702088215484,7702088215484,luker clavos y canela sin azucar x 112 g,abarrotes,10500,6,DISTRICUELLAR DISTRIBUCIONES CUELLAR
2230,Local 1,7702088219741,7702088219741,Luker Cocoa Premium 200g,autoservicio servitodo thaliana,11500,0,MD DISTRIBUCIONES
2231,Local 1,7702088215507,7702088215507,luker tradicional x 112 g,abarrotes,11100,4,MD DISTRIBUCIONES
2232,Local 1,7707133075488,7707133075488,Lulo hit 1L,bebidas,4000,94,CAROLINA DE GARZON SOCIEDAD DEPOSITO CAROLINA
2233,Local 1,7702024226604,7702024226604,Maggi Sazonatodo Adoba,autoservicio servitodo thaliana,2000,10,PROGRESAR NESTLE
2234,Local 1,7702024309154,7702024309154,Maggi Sazonatodo con color,autoservicio servitodo thaliana,2200,11,PROGRESAR NESTLE
2235,Local 1,7709998266889,7709998266889,Magic clean,aseo,800,93,CAROLINA DE GARZON SOCIEDAD DEPOSITO CAROLINA
2236,Local 1,7707933144025,7707933144025,Maiz 500g,CATEGORIA ESTANDAR,7200,3,CAROLINA DE GARZON SOCIEDAD DEPOSITO CAROLINA
2237,Local 1,7700019002509,7700019002509,MAIZ DULCE,CATEGORIA ESTANDAR,7000,1,ALPINA .
2238,Local 1,7701101360576,7701101360576,Maiz dulce 415 Zenu,CATEGORIA ESTANDAR,10000,99,CAROLINA DE GARZON SOCIEDAD DEPOSITO CAROLINA
2239,Local 1,7707933144797,7707933144797,Maiz dulce frozen fields,CATEGORIA ESTANDAR,12600,1,CAROLINA DE GARZON SOCIEDAD DEPOSITO CAROLINA
2240,Local 1,7707296931270,7707296931270,Maiz dulce lido chef,abarrotes,5200,93,CAROLINA DE GARZON SOCIEDAD DEPOSITO CAROLINA
2241,Local 1,7704097537823,7704097537823,maiz dulce ricongelisto x 500 g,frutas y verduras,5500,101,DISTRIALDANA .
2242,Local 1,890,890,Maiz Partido kl,CATEGORIA ESTANDAR,2400,25,CAROLINA DE GARZON SOCIEDAD DEPOSITO CAROLINA
2243,Local 1,64,64,maiz pergamino x arroba,abarrotes,26000,84,CAROLINA DE GARZON SOCIEDAD DEPOSITO CAROLINA
2244,Local 1,61,61,maiz pergamino x kilo,abarrotes,2200,648,CAROLINA DE GARZON SOCIEDAD DEPOSITO CAROLINA
2245,Local 1,62,62,maiz pergamino x media arroba,abarrotes,13000,84,CAROLINA DE GARZON SOCIEDAD DEPOSITO CAROLINA
2246,Local 1,7702910354244,7702910354244,maiz pira la soberana x 460 g,abarrotes,2500,18,DISTRIMARIO SAS
2247,Local 1,745853440596,745853440596,maiz trillado san jorge x 900 g,abarrotes,3000,951,DISTRIMARIO SAS
2248,Local 1,7702047003497,7702047003497,MAIZENA  FECULA CAJA X 380G,CATEGORIA ESTANDAR,14300,2,UNIMASIVOS .
2249,Local 1,7702047141328,7702047141328,Maizena 450gr,autoservicio servitodo thaliana,14800,99,CAROLINA DE GARZON SOCIEDAD DEPOSITO CAROLINA
2250,Local 1,7702047037645,7702047037645,Maizena Buñuelos,CATEGORIA ESTANDAR,10000,5,DISTRICUELLAR DISTRIBUCIONES CUELLAR
2251,Local 1,7702047040034,7702047040034,maizena colada sabor a arequipe x 28 g,abarrotes,1800,2,DISTRIMARIO SAS
2252,Local 1,7702047040041,7702047040041,maizena colada sabor a fresa x 28 g,abarrotes,1800,4,DISTRIMARIO SAS
2253,Local 1,7702047141236,7702047141236,maizena colada sabor a manzana canela x 28 g,abarrotes,1800,14,UNIMASIVOS .
2254,Local 1,7702047040058,7702047040058,maizena colada sabor a vainilla x 28 g,abarrotes,2000,91,DISTRIMARIO SAS
2255,Local 1,7702047005095,7702047005095,Maizena Natilla Arequipe,CATEGORIA ESTANDAR,10000,3,CAROLINA DE GARZON SOCIEDAD DEPOSITO CAROLINA
2256,Local 1,7702047005248,7702047005248,Maizena Natilla coco,CATEGORIA ESTANDAR,10000,3,CAROLINA DE GARZON SOCIEDAD DEPOSITO CAROLINA
2257,Local 1,7702047037652,7702047037652,Maizena Natilla tradicional,CATEGORIA ESTANDAR,10000,3,CAROLINA DE GARZON SOCIEDAD DEPOSITO CAROLINA
2258,Local 1,7702047140697,7702047140697,Maizena Natilla Tres leche,CATEGORIA ESTANDAR,10000,3,CAROLINA DE GARZON SOCIEDAD DEPOSITO CAROLINA
2259,Local 1,7702047003466,7702047003466,maizena pura fecula de maiz x 9 g,abarrotes,4000,6,DISTRIMARIO SAS
2260,Local 1,7702914599443,7702914599443,maizitos limon x 45 g,CATEGORIA ESTANDAR,2200,104,RAMO .
2261,Local 1,7702914599436,7702914599436,maizitos natural x 45 g,CATEGORIA ESTANDAR,2200,87,RAMO .
2262,Local 1,7702914604147,7702914604147,Maizitos tomate 215g,CATEGORIA ESTANDAR,7800,1010,CAROLINA DE GARZON SOCIEDAD DEPOSITO CAROLINA
2263,Local 1,7702914604130,7702914604130,maizitos tomate x 45 g,dulceria,2200,12,RAMO .
2264,Local 1,7702005600317,7702005600317,Malboro,CATEGORIA ESTANDAR,8500,39,CAROLINA DE GARZON SOCIEDAD DEPOSITO CAROLINA
2265,Local 1,7702005030503,7702005030503,Malboro Mustang,CATEGORIA ESTANDAR,6000,8,CAROLINA DE GARZON SOCIEDAD DEPOSITO CAROLINA
2266,Local 1,7702189058003,7702189058003,Mamut 11g,dulceria,600,61,BIMBO DISTRIVENTAS DEL SUR
2267,Local 1,7702189057983,7702189057983,Mamut blanco,dulceria,600,11,CAROLINA DE GARZON SOCIEDAD DEPOSITO CAROLINA
2268,Local 1,705326076908,7705326076908,manchitas bimbo x 45 g,dulceria,2800,11,BIMBO DISTRIVENTAS DEL SUR
2269,Local 1,7707133075464,7707133075464,Mango hit 1l pet,bebidas,4000,94,CAROLINA DE GARZON SOCIEDAD DEPOSITO CAROLINA
2270,Local 1,474544,4745454,Mangoos bombom x und,dulceria,300,63,CAROLINA DE GARZON SOCIEDAD DEPOSITO CAROLINA
2271,Local 1,7702174085304,7702174085304,Mangoos x48,dulceria,10600,12,CAROLINA DE GARZON SOCIEDAD DEPOSITO CAROLINA
2272,Local 1,7702007065565,7702007065565,Mani con Sal La Especial x180g,CATEGORIA ESTANDAR,6700,10,GERDY DISTRIBUCIONES
2273,Local 1,7702189059437,7702189059437,Mani Frito Lay Fucsia,autoservicio servitodo thaliana,2800,6,MARGARITA DISTRIBUCIONES CUEVAS
2274,Local 1,7702189059451,7702189059451,Mani Frito lay Verde,CATEGORIA ESTANDAR,2800,1,MARGARITA DISTRIBUCIONES CUEVAS
2275,Local 1,7702007062588,7702007062588,Mani Kraks,CATEGORIA ESTANDAR,1500,44,GERDY DISTRIBUCIONES
2276,Local 1,7702007059892,7702007059892,mani la especial limon pimienta x 40 g,CATEGORIA ESTANDAR,2900,5,GERDY DISTRIBUCIONES
2277,Local 1,7702007073454,7702007073454,mani la especial mix yogurtx 35 gr,abarrotes,3000,44,COLOMBINA DISTRIBUCIONES
2278,Local 1,7702007083248,7702007083248,Mani la especial sal,CATEGORIA ESTANDAR,2300,1,CAROLINA DE GARZON SOCIEDAD DEPOSITO CAROLINA
2279,Local 1,7702007063899,7702007063899,mani la especial x 40 g,CATEGORIA ESTANDAR,3400,32,GERDY DISTRIBUCIONES
2280,Local 1,102,102,mani la negra,abarrotes,1000,12,CAROLINA DE GARZON SOCIEDAD DEPOSITO CAROLINA
2281,Local 1,7702007083538,7702007083538,MANI MIX PASAS LA ESPECIAL X35G,CATEGORIA ESTANDAR,2300,10,GERDY DISTRIBUCIONES
2282,Local 1,7702189058515,7702189058515,Mani moto,abarrotes,1800,38,CAROLINA DE GARZON SOCIEDAD DEPOSITO CAROLINA
2283,Local 1,7702189056184,7702189056184,Mani Moto Cronch 170g,autoservicio servitodo thaliana,5000,2,MARGARITA DISTRIBUCIONES CUEVAS
2284,Local 1,7702007082968,7702007082968,manicero especial  x 21 g,CATEGORIA ESTANDAR,1200,16,GERDY DISTRIBUCIONES
2285,Local 1,7702007082999,7702007082999,Manicero la especial aranda mix,autoservicio servitodo thaliana,1700,102,GERDY DISTRIBUCIONES
2286,Local 1,7709880458903,7709880458903,Manjar Blanco 930g,dulceria,10200,0,DISTRIMARCA HELADOS
2287,Local 1,7709961677544,7709961677544,Manjar blanco dule 250g,CATEGORIA ESTANDAR,4200,45,CAROLINA DE GARZON SOCIEDAD DEPOSITO CAROLINA
2288,Local 1,7708757436396,7708757436396,mantecada x 80 g,CATEGORIA ESTANDAR,1600,20,COMESTIBLES LABOYANA
2289,Local 1,7702141708137,7702141708137,mantequilla claro x 125 g,abarrotes,1900,4,MD DISTRIBUCIONES
2290,Local 1,7702161003007,7702161003007,Mantequilla la fina 500gr,CATEGORIA ESTANDAR,9000,6,GRADEZCO LTDA .
2291,Local 1,147,147,mantequilla reempacada x libra,abarrotes,2500,93,ALVARO MUÑOZ
2292,Local 1,7702090001563770,2090001563,manzana postobon 1.5 l,bebidas,4500,0,InterPOS
2293,Local 1,7702090003383,7702090003383,manzana postobon 1.75 lts,bebidas,4500,16,POSTOBON .
2294,Local 1,7702090031928,7702090031928,Manzana postobon 400,bebidas,2800,997,CAROLINA DE GARZON SOCIEDAD DEPOSITO CAROLINA
2295,Local 1,7702090036923,7702090036923,manzana postobon x 1 litro,bebidas,3500,998,BAVARIA DISTRIBUCIONES
2296,Local 1,7702090001563,7702090001563,manzana postobon x 1.5 L,bebidas,4500,982,BAVARIA DISTRIBUCIONES
2297,Local 1,7702090072846,7702090072846,manzana postobon x 250 ml,bebidas,1000,961,InterPOS
2298,Local 1,7702090002881,7702090002881,manzana postobon x 3.125 litros,bebidas,7000,983,BAVARIA DISTRIBUCIONES
2299,Local 1,7702090000122,7702090000122,manzana postobon x 500 ml,bebidas,2500,12,InterPOS
2300,Local 1,11447788,11447788,Manzanas y peras,CATEGORIA ESTANDAR,0,18,CAROLINA DE GARZON SOCIEDAD DEPOSITO CAROLINA
2301,Local 1,132131,21244,Marcador permanente doricolor,papeleria,1600,100,CAROLINA DE GARZON SOCIEDAD DEPOSITO CAROLINA
2302,Local 1,123654456123,123456654123,Mareol,CATEGORIA ESTANDAR,1000,22,CAROLINA DE GARZON SOCIEDAD DEPOSITO CAROLINA
2303,Local 1,7702189051110,7702189051110,Margarita Alitas bbq,CATEGORIA ESTANDAR,3000,97,CAROLINA DE GARZON SOCIEDAD DEPOSITO CAROLINA
2304,Local 1,7702189060365,7702189060365,Margarita francesitas,autoservicio servitodo thaliana,2800,65,CAROLINA DE GARZON SOCIEDAD DEPOSITO CAROLINA
2305,Local 1,7702189053794,7702189053794,margarita limon x 105 g,abarrotes,7700,13,DISTRIMARIO SAS
2306,Local 1,7702189053831,7702189053831,Margarita mayonesa 105g,CATEGORIA ESTANDAR,7200,0,CAROLINA DE GARZON SOCIEDAD DEPOSITO CAROLINA
2307,Local 1,7702189053787,7702189053787,margarita natural x 105 g,autoservicio servitodo thaliana,7700,99,MARGARITA DISTRIBUCIONES CUEVAS
2308,Local 1,7702189059918,7702189059918,margarita ondulada chorizo limon x 36 g,abarrotes,2600,7,MARGARITA DISTRIBUCIONES CUEVAS
2309,Local 1,7702189053848,7702189053848,margarita ondulada tomate x 105 g,abarrotes,7700,0,MARGARITA DISTRIBUCIONES CUEVAS
2310,Local 1,7702189058614,7702189058614,margarita onduladas flamin hot 35 gr,CATEGORIA ESTANDAR,2500,-4,MARGARITA DISTRIBUCIONES CUEVAS
2311,Local 1,7702189053770,7702189053770,margarita papas de pollo 105 gr,abarrotes,7700,106,MARGARITA DISTRIBUCIONES CUEVAS
2312,Local 1,7702005628960,7702005628960,marlboro fucsia medio,abarrotes,8000,10,ALVARO MUÑOZ
2313,Local 1,126,126,marlboro fucsia x unidad,abarrotes,1000,65,ALVARO MUÑOZ
2314,Local 1,7500435246125,7500435246125,Mascarilla esences argan,aseo,1500,99,CAROLINA DE GARZON SOCIEDAD DEPOSITO CAROLINA
2315,Local 1,6925925903103,6925925903103,Masmelo Navideño Reno x50g,autoservicio servitodo thaliana,3600,2,DISTRICUELLAR DISTRIBUCIONES CUELLAR
2316,Local 1,7506060937025,7506060937025,Masmelos Bota Navideña x50g,autoservicio servitodo thaliana,3600,2,DISTRICUELLAR DISTRIBUCIONES CUELLAR
2317,Local 1,7453010015787,7453010015787,matrix,aseo,1000,37,DISTRIHOGAR B.B
2318,Local 1,7702011121448,7702011121448,max combi caramelo blanco chewy candy x 100 unidades,CATEGORIA ESTANDAR,9300,8,COLOMBINA DISTRIBUCIONES
2319,Local 1,7702011121455,7702011121455,max combi caramelo blando  chewy candy x 50 unidades,dulceria,5000,98,COLOMBINA DISTRIBUCIONES
2320,Local 1,7702011164025,7702011164025,max combi x 110 und,dulceria,9200,98,COLOMBINA DISTRIBUCIONES
2321,Local 1,1578,7702011028761,Max Fruti acidas,CATEGORIA ESTANDAR,9500,98,COLOMBINA DISTRIBUCIONES
2322,Local 1,7705518010383,7705518010383,maxi cola 400 ml,bebidas,1700,24,ALPINA .
2323,Local 1,7705518132870,7705518132870,maxi limon,bebidas,1700,22,ALPINA .
2324,Local 1,7705518010673,7705518010673,maxi piña 400 ml,bebidas,1700,22,ALPINA .
2325,Local 1,7705518010390,7705518010390,maxicola manzana 400 ml,bebidas,1700,22,ALPINA .
2326,Local 1,7705518010369,7705518010369,maxicola naranja 400 ml,bebidas,1700,21,ALPINA .
2327,Local 1,7702047141014,7702047141014,Mayonesa 80g,CATEGORIA ESTANDAR,1800,98,DISTRICUELLAR DISTRIBUCIONES CUELLAR
2328,Local 1,7702097037497,7702097037497,Mayonesa constancia 1000gr,CATEGORIA ESTANDAR,20000,9,CAROLINA DE GARZON SOCIEDAD DEPOSITO CAROLINA
2329,Local 1,7702047194683,7702047194683,Mayonesa fruco 120g,abarrotes,2500,88,DISTRICUELLAR DISTRIBUCIONES CUELLAR
2330,Local 1,7702047038772,7702047038772,mayonesa fruco x 380 g,abarrotes,12600,100,UNIMASIVOS .
2331,Local 1,7709973734013,7709973734013,Mechera,CATEGORIA ESTANDAR,700,34,CAROLINA DE GARZON SOCIEDAD DEPOSITO CAROLINA
2332,Local 1,129,129,mechera,papeleria,1000,5,DISTRIHOGAR B.B
2333,Local 1,7702436481165,7702436481165,Mechera Bic mini,CATEGORIA ESTANDAR,2500,83,CAROLINA DE GARZON SOCIEDAD DEPOSITO CAROLINA
2334,Local 1,6920316600074,6920316600074,Mechera con linterna,CATEGORIA ESTANDAR,1000,29,CAROLINA DE GARZON SOCIEDAD DEPOSITO CAROLINA
2335,Local 1,6943981501019,6943981501019,MECHERA LINTERNA GLOBAL DURALIGHT,CATEGORIA ESTANDAR,1000,50,GRADEZCO LTDA .
2336,Local 1,6739225235839,6739225235839,mechera meteoro,aseo,1000,14,CAROLINA DE GARZON SOCIEDAD DEPOSITO CAROLINA
2337,Local 1,7709632748702,7709632748702,Mechera meteroro,CATEGORIA ESTANDAR,1000,50,CAROLINA DE GARZON SOCIEDAD DEPOSITO CAROLINA
2338,Local 1,7707822753031,7707822753031,Mechera swiss,CATEGORIA ESTANDAR,1500,14,CAROLINA DE GARZON SOCIEDAD DEPOSITO CAROLINA
2339,Local 1,789456456,789456456,Mechra colibri,CATEGORIA ESTANDAR,1000,37,CAROLINA DE GARZON SOCIEDAD DEPOSITO CAROLINA
2340,Local 1,7702993045886,7702993045886,menta chao azul,CATEGORIA ESTANDAR,500,15,DISTRIMARIO SAS
2341,Local 1,7702993051030,7702993051030,Menta chao fresa,CATEGORIA ESTANDAR,9000,1,DISTRICUELLAR DISTRIBUCIONES CUELLAR
2342,Local 1,7702993039304,7702993039304,Menta chao limon-fresa,CATEGORIA ESTANDAR,1000,12,DISTRICUELLAR DISTRIBUCIONES CUELLAR
2343,Local 1,7702993051016,7702993051016,Menta chao original x100,CATEGORIA ESTANDAR,9000,1,DISTRICUELLAR DISTRIBUCIONES CUELLAR
2344,Local 1,7702993039717,7702993039717,menta chao sandia,CATEGORIA ESTANDAR,500,15,DISTRIMARIO SAS
2345,Local 1,7702011163936,7702011163936,MENTA HELADA BERRIES X 100 UND,dulceria,9200,100,COLOMBINA DISTRIBUCIONES
2346,Local 1,1576,7702011129369,Menta helada surtida,dulceria,9200,98,COLOMBINA DISTRIBUCIONES
2347,Local 1,7702011001481,7702011001481,menta helada x 100 unidades,dulceria,9200,2,COLOMBINA DISTRIBUCIONES
2348,Local 1,237,237,menta individual,dulceria,100,922,COLOMBINA DISTRIBUCIONES
2349,Local 1,7707014903152,7707014903152,menta surtida x 110 unid,CATEGORIA ESTANDAR,7500,1,ALVARO MUÑOZ
2350,Local 1,231,231,merengo y pandero individual,dulceria,500,1958,ALVARO MUÑOZ
2351,Local 1,14,14,merengos,abarrotes,3600,54,FELINI DISTRIBUCIONES
2352,Local 1,7709989481451,7709989481451,MERMELADA DE FRESA DEL TROPICO X200G,CATEGORIA ESTANDAR,2400,4,GERDY DISTRIBUCIONES
2353,Local 1,7708919428498,7708919428498,mermelada de mora del tropico x 200g,abarrotes,2400,3,COMESTIBLES LABOYANA
2354,Local 1,7709051738544,7709051738544,MERMELADA DE PIÑA DEL TROPICA X200G,CATEGORIA ESTANDAR,2400,2,DISTRICUELLAR DISTRIBUCIONES CUELLAR
2355,Local 1,7702123013891,7702123013891,Mexsana 150gr,CATEGORIA ESTANDAR,8400,3,SURTILIMA .
2356,Local 1,7702123013860,7702123013860,Mexsana 85g,CATEGORIA ESTANDAR,8700,1,CAROLINA DE GARZON SOCIEDAD DEPOSITO CAROLINA
2357,Local 1,7702502705300,7702502705300,Mexsana 85gr triclosan,CATEGORIA ESTANDAR,4000,10,CAROLINA DE GARZON SOCIEDAD DEPOSITO CAROLINA
2358,Local 1,54,54,mexsana antibacterial x 85 g,aseo,4800,6,DISTRIVENTAS DEL HUILA
2359,Local 1,7709345205578,7709345205578,Mezcla para condimentar apanado,autoservicio servitodo thaliana,6500,3,DISTRIALDANA .
2360,Local 1,784512,784512,Mezclador rojo cafe,CATEGORIA ESTANDAR,1500,2,CAROLINA DE GARZON SOCIEDAD DEPOSITO CAROLINA
2361,Local 1,81,81,miel,abarrotes,25000,3,CAROLINA DE GARZON SOCIEDAD DEPOSITO CAROLINA
2362,Local 1,101,101,miel la negra,abarrotes,1000,88,CAROLINA DE GARZON SOCIEDAD DEPOSITO CAROLINA
2363,Local 1,7707232097442,7707232097442,mieltertos dia x 15 g,aseo,2800,6,DISTRIVENTAS DEL HUILA
2364,Local 1,7707232095752,7707232095752,mieltertos masticable x 14 g,medicamentos,2400,12,DISTRIVENTAS DEL HUILA
2365,Local 1,7707232097435,7707232097435,mieltertos noche x 15 g,medicamentos,2800,8,DISTRIVENTAS DEL HUILA
2366,Local 1,7705326014078,7705326014078,miga de pam binbo x 250 g,abarrotes,5000,2,BIMBO DISTRIVENTAS DEL SUR
2367,Local 1,7702766098378,7702766098378,Miga de pan 400gr,CATEGORIA ESTANDAR,6000,2,CAROLINA DE GARZON SOCIEDAD DEPOSITO CAROLINA
2368,Local 1,7702432457720,7702432457720,Miga de pan comapan 250gr,abarrotes,3800,98,CAROLINA DE GARZON SOCIEDAD DEPOSITO CAROLINA
2369,Local 1,7702766085019,7702766085019,Miga de pan santa clara 200gr,autoservicio servitodo thaliana,4600,98,CAROLINA DE GARZON SOCIEDAD DEPOSITO CAROLINA
2370,Local 1,7702011162717,7702011162717,millow nucita 42 gr,dulceria,2000,0,COLOMBINA DISTRIBUCIONES
2371,Local 1,7702011167965,7702011167965,MILLOWS  INDIVIDUAL X55 225G,dulceria,9500,97,CAROLINA DE GARZON SOCIEDAD DEPOSITO CAROLINA
2372,Local 1,7702011162724,7702011162724,Millows  Masmelos Rellenos de Nucita 102g,dulceria,3800,47,COLOMBINA DISTRIBUCIONES
2373,Local 1,7702011157799,7702011157799,millows corazon x 225 g,dulceria,9400,98,COLOMBINA DISTRIBUCIONES
2374,Local 1,7702011028891,7702011028891,Millows Corazones 145g,dulceria,5900,0,GERDY DISTRIBUCIONES
2375,Local 1,7702011157805,7702011157805,Millows cream,dulceria,9400,99,CAROLINA DE GARZON SOCIEDAD DEPOSITO CAROLINA
2376,Local 1,7702011014597,7702011014597,millows fogata x 145 g,dulceria,6000,97,COLOMBINA DISTRIBUCIONES
2377,Local 1,7702011141262,7702011141262,Millows Fresas con crema,CATEGORIA ESTANDAR,5900,1,ALPINA .
2378,Local 1,7702011155689,7702011155689,millows loones tunes x 35 g,CATEGORIA ESTANDAR,1500,5,COLOMBINA DISTRIBUCIONES
2379,Local 1,7702011155696,7702011155696,millows looney tunes 50uni,dulceria,9400,18,COLOMBINA DISTRIBUCIONES
2380,Local 1,7702011023346,7702011023346,Millows margaritas masmelos 145g,dulceria,6400,18,COLOMBINA DISTRIBUCIONES
2381,Local 1,7702011157782,7702011157782,millows osos x 225 g,abarrotes,9500,18,COLOMBINA DISTRIBUCIONES
2382,Local 1,7702011141255,7702011141255,millows snack fresa con crema x 35 g,dulceria,2000,106,COLOMBINA DISTRIBUCIONES
2383,Local 1,7702011124456,7702011124456,millows snack margarita x 35 g,CATEGORIA ESTANDAR,2000,4,COLOMBINA DISTRIBUCIONES
2384,Local 1,7702011124449,7702011124449,millows snack original x 35 g,dulceria,2000,99,COLOMBINA DISTRIBUCIONES
2385,Local 1,7702011048158,7702011048158,millows surtido x 145 g,abarrotes,5900,3,COLOMBINA DISTRIBUCIONES
2386,Local 1,7702011048172,7702011048172,millows surtido x 35 g,dulceria,1800,86,COLOMBINA DISTRIBUCIONES
2387,Local 1,7702011048141,7702011048141,millows surtido x 75 g,abarrotes,3200,81,COLOMBINA DISTRIBUCIONES
2388,Local 1,7702011157775,7702011157775,Millows unicornio 50uni,dulceria,9400,100,COLOMBINA DISTRIBUCIONES
2389,Local 1,7702024515692,7702024515692,Milo 440g,autoservicio servitodo thaliana,21500,10,PROGRESAR NESTLE
2390,Local 1,7702024069676,7702024069676,milo actigrn-E bolsa cierre x 100 g,abarrotes,5600,82,PROGRESAR NESTLE
2391,Local 1,7702024059561,7702024059561,milo activ-go x 180 ml,bebidas,3500,70,PROGRESAR NESTLE
2392,Local 1,7702024110187,7702024110187,milo activ-go x 20 g,abarrotes,1000,9,PROGRESAR NESTLE
2393,Local 1,7702024689027,7702024689027,milo activ-go x 220 g,abarrotes,12500,97,PROGRESAR NESTLE
2394,Local 1,7702024742722,7702024742722,milo activ-go x 242 g,abarrotes,12600,4,PROGRESAR NESTLE
2395,Local 1,7702001104604,7702001104604,mini bon yurt chococandy x 100 g,CATEGORIA ESTANDAR,3600,4,ALPINA .
2396,Local 1,7702001175659,7702001175659,Mini Bonyurt,lacteos,3500,9,ALPINA .
2397,Local 1,7702011168177,7702011168177,Mini Bum Surtido Tropical x100,aseo,12200,5,DISTRIMARIO SAS
2398,Local 1,157,7702914600491,Mini chocobrownie,CATEGORIA ESTANDAR,1000,19,GLOFER DISTRIBUCIONES
2399,Local 1,7500810042342,7500810042342,Mini TAKIS Fuego 35g,autoservicio servitodo thaliana,2000,63,DISTRIVENTAS DEL HUILA
2400,Local 1,02121,15412,Minibum x und,dulceria,200,100,CAROLINA DE GARZON SOCIEDAD DEPOSITO CAROLINA
2401,Local 1,7702011160775,7702011160775,Minibum x100,dulceria,11500,9,COLOMBINA DISTRIBUCIONES
2402,Local 1,7702025142910,7702025142910,minichips x 35 g,dulceria,1700,67,MARGARITA DISTRIBUCIONES CUEVAS
2403,Local 1,7702018316694,7702018316694,minora plus doble hoja,aseo,1850,106,SURTILIMA .
2404,Local 1,7500435118026,7500435118026,Minora x 5hojas,CATEGORIA ESTANDAR,2000,5,CAROLINA DE GARZON SOCIEDAD DEPOSITO CAROLINA
2405,Local 1,52,52,mirringo,abarrotes,5000,91,DISTRIMARIO SAS
2406,Local 1,7704097080251,7704097080251,mix de verduras,abarrotes,7500,2,DISTRIMARCA HELADOS
2407,Local 1,7704097222477,7704097222477,Mix de Verduras x1000g,autoservicio servitodo thaliana,14500,1,DISTRIMARCA HELADOS
2408,Local 1,7702007065572,7702007065572,Mix pasas La especial x180g,CATEGORIA ESTANDAR,6800,2,GERDY DISTRIBUCIONES
2409,Local 1,7707933144148,7707933144148,Mix vegetales Frozen fields,CATEGORIA ESTANDAR,7500,3,CAROLINA DE GARZON SOCIEDAD DEPOSITO CAROLINA
2410,Local 1,7702007073430,7702007073430,Mix Yogurt La Especial x180g,CATEGORIA ESTANDAR,9600,2,GERDY DISTRIBUCIONES
2411,Local 1,7705326075161,7705326075161,mogolla integral  x 400 g,abarrotes,9500,94,GUADALUPE ARDICOLL
2412,Local 1,79,79,molde aluminio,aseo,400,30,PLASTICO SURCOLOMBIANO
2413,Local 1,140,140,moñas blanca y negras,aseo,1300,2,DISTRIHOGAR B.B
2414,Local 1,JM1864,JM1864,Moñas blanco y negro,CATEGORIA ESTANDAR,1500,47,DISTRIHOGAR B.B
2415,Local 1,141,141,moñas surtidas,aseo,1300,10,DISTRIHOGAR B.B
2416,Local 1,070847004707,070847004707,monster green 473ml,CATEGORIA ESTANDAR,9000,15,ALPINA .
2417,Local 1,7703045536307,7703045536307,Morasurco Cafe puro,autoservicio servitodo thaliana,12600,6,DISTRIMARIO SAS
2418,Local 1,7703045738688,7703045738688,Morasurco Cafe puro 100g,autoservicio servitodo thaliana,6200,5,DISTRIMARIO SAS
2419,Local 1,7702011121950,7702011121950,mordisqueta ron con pasas x 24 unidades,dulceria,11000,99,COLOMBINA DISTRIBUCIONES
2420,Local 1,7702011137272,7702011137272,Mordisquetas cookies,dulceria,10800,97,COLOMBINA DISTRIBUCIONES
2421,Local 1,7702174079181,7702174079181,moritas aldor,CATEGORIA ESTANDAR,7700,1,DISTRICUELLAR DISTRIBUCIONES CUELLAR
2422,Local 1,7702011050007,7702011050007,moritas dulce duro relleno x 100 und,dulceria,8200,102,COLOMBINA DISTRIBUCIONES
2423,Local 1,7702117002696,7702117002696,Moritas italo x100,abarrotes,7800,98,CAROLINA DE GARZON SOCIEDAD DEPOSITO CAROLINA
2424,Local 1,7702398041490,7702398041490,mortadela rica x  300g + 50g,carnicos,7000,3,ALPINA .
2425,Local 1,7702398001449,7702398001449,mortadela rica x  450 g,carnicos,10500,92,DISTRIVENTAS DEL HUILA
2426,Local 1,7702398001401,7702398001401,mortadela rica x 250 g,carnicos,7000,84,DISTRIVENTAS DEL HUILA
2427,Local 1,7702097148599,7702097148599,Mostaneza 80gr,CATEGORIA ESTANDAR,2200,3,COLOMBINA DISTRIBUCIONES
2428,Local 1,7705326250858,7705326250858,Mr brown arequipe,dulceria,3600,98,CAROLINA DE GARZON SOCIEDAD DEPOSITO CAROLINA
2429,Local 1,7702090029826,7702090029826,Mr tea durazno,bebidas,3000,94,COCACOLA DISTRIBUCIONES
2430,Local 1,7702090029819,7702090029819,Mr tea limon,bebidas,3000,94,CAROLINA DE GARZON SOCIEDAD DEPOSITO CAROLINA
2431,Local 1,7702303097475,7702303097475,mustang cigarillo,abarrotes,7600,42,ALVARO MUÑOZ
2432,Local 1,124,124,mustang x unidad,abarrotes,1000,58,ALVARO MUÑOZ
2433,Local 1,7702011208859,7702011208859,Muu mantequilla x18,CATEGORIA ESTANDAR,9300,0,CAROLINA DE GARZON SOCIEDAD DEPOSITO CAROLINA
2434,Local 1,7702011070371,7702011070371,muuu galletas de leche 18 paquetes x 216 g,dulceria,6000,6,COLOMBINA DISTRIBUCIONES
2435,Local 1,7702011200259,7702011200259,muuu galletas de mantequilla 18 paquetes x 351g,dulceria,10000,2,BIMBO DISTRIVENTAS DEL SUR
2436,Local 1,7702011208965,7702011208965,Muuu limon,dulceria,6600,98,COLOMBINA DISTRIBUCIONES
2437,Local 1,7703038044253,7703038044253,naproxeno 500 mg,medicamentos,600,10,DISTRIVENTAS DEL HUILA
2438,Local 1,7702090031935,7702090031935,Naranja Postobon 400ml,CATEGORIA ESTANDAR,2500,9,CAROLINA DE GARZON SOCIEDAD DEPOSITO CAROLINA
2439,Local 1,7702090069471,7702090069471,naranja postobon x 1 litro,bebidas,3500,45,InterPOS
2440,Local 1,7702090029529,7702090029529,naranja postobon x 1.5 litros,bebidas,6800,3,InterPOS
2441,Local 1,7702047141038,7702047141038,Natilla cocada Maizena,CATEGORIA ESTANDAR,10000,2,DISTRICUELLAR DISTRIBUCIONES CUELLAR
2442,Local 1,7702189059512,7702189059512,Natu chips Sabor a Limon,CATEGORIA ESTANDAR,2300,6,COLOMBINA DISTRIBUCIONES
2443,Local 1,7702189045751,7702189045751,natuchips platano maduro 135 gr,abarrotes,7600,2,MARGARITA DISTRIBUCIONES CUEVAS
2444,Local 1,7702189055484,7702189055484,NATUCHIPS PLATANO MADURO 38 GR,abarrotes,2500,91,MARGARITA DISTRIBUCIONES CUEVAS
2445,Local 1,7702189045720,7702189045720,natuchips platano verde 135 gr,abarrotes,7600,3,MARGARITA DISTRIBUCIONES CUEVAS
2446,Local 1,7702189055453,7702189055453,NATUCHIPS PLATANO VERDE 38 GR,abarrotes,2500,92,MARGARITA DISTRIBUCIONES CUEVAS
2447,Local 1,7702189060136,7702189060136,Natuchips yuca,CATEGORIA ESTANDAR,2300,3,CAROLINA DE GARZON SOCIEDAD DEPOSITO CAROLINA
2448,Local 1,7702175935066,7702175935066,naturey el rey x 30 g,abarrotes,1300,84,DISTRIALDANA .
2449,Local 1,7702024025832,7702024025832,Nescafe Dolca Sobre,autoservicio servitodo thaliana,300,25,PROGRESAR NESTLE
2450,Local 1,7702024164630,7702024164630,"NESCAFE DOLCA SOBRE X 7,8G",CATEGORIA ESTANDAR,1300,20,PROGRESAR NESTLE
2451,Local 1,7702024938231,7702024938231,"nescafe dolca x 7,8 g",abarrotes,1000,15,GERDY DISTRIBUCIONES
2452,Local 1,7702024485391,7702024485391,Nescafe Dolca x85gr,bebidas,14600,98,PROGRESAR NESTLE
2453,Local 1,7702024066101,7702024066101,nescafe tradicion x 1.5 g,abarrotes,300,2,PROGRESAR NESTLE
2454,Local 1,7702024040446,7702024040446,nescafe tradicion x 12 g,abarrotes,2200,71,PROGRESAR NESTLE
2455,Local 1,7702024005780,7702024005780,nescafe tradicional 85gr,abarrotes,19500,4,PROGRESAR NESTLE
2456,Local 1,7702024004677,7702024004677,nescafe tradicional x 50 g,abarrotes,13500,6,PROGRESAR NESTLE
2457,Local 1,7613033975714,7613033975714,nestim trigo banano x 200 gr,abarrotes,15400,9,PROGRESAR NESTLE
2458,Local 1,7702024341338,7702024341338,nestle la lechera original x 90 g,dulceria,3300,96,PROGRESAR NESTLE
2459,Local 1,7702024472308,7702024472308,nestle la lechera origuinal x 25 g,abarrotes,1200,95,PROGRESAR NESTLE
2460,Local 1,7702024255918,7702024255918,nestle la lechera x 190 g,dulceria,6400,88,PROGRESAR NESTLE
2461,Local 1,7613033986628,7613033986628,Nestum 200gr,autoservicio servitodo thaliana,15200,5,PROGRESAR NESTLE
2462,Local 1,8445291419209,8445291419209,nestum cereal infantil x 160 g,abarrotes,11100,3,PROGRESAR NESTLE
2463,Local 1,7613038640334,7613038640334,nestum cereal infantil x 25 g,abarrotes,1500,845,PROGRESAR NESTLE
2464,Local 1,201,201,neuro-strees hc,medicamentos,13000,2,MD DISTRIBUCIONES
2465,Local 1,74532421,715100,Next GL,medicamentos,2500,95,CAROLINA DE GARZON SOCIEDAD DEPOSITO CAROLINA
2466,Local 1,7702354942212,7702354942212,nitribela tratamiento nutricion x 27 ml,aseo,1800,100,DISTRICUELLAR DISTRIBUCIONES CUELLAR
2467,Local 1,4005900820297,4005900820297,nivea men x 9 g,aseo,1000,1,DISTRIMARIO SAS
2468,Local 1,7707324640747,7707324640747,nocturna angela 8uni,aseo,5000,6,DISTRIVENTAS DEL HUILA
2469,Local 1,7702057160630,7702057160630,Noraver Capsula,medicamentos,2000,49,TECNOVENTAS DISTRIBUCIONES
2470,Local 1,7702057162504,7702057162504,noraver garganta cereza,medicamentos,2400,109,DISTRIMARIO SAS
2471,Local 1,7702057162412,7702057162412,noraver garganta menta forte,medicamentos,2300,14,ALVARO MUÑOZ
2472,Local 1,7702057162399,7702057162399,noraver garganta naranja miel,medicamentos,2400,98,DISTRICUELLAR DISTRIBUCIONES CUELLAR
2473,Local 1,7702057160807,7702057160807,NORAVER GRIPA DIA X15GR,CATEGORIA ESTANDAR,3200,4,TECNOVENTAS DISTRIBUCIONES
2474,Local 1,7702057160968,7702057160968,NORAVER GRIPA NOCHE SOBRE 15G,medicamentos,3400,100,TECNOVENTAS DISTRIBUCIONES
2475,Local 1,7702057161286,7702057161286,noraver gripa y tos fast total,medicamentos,3000,2,ALVARO MUÑOZ
2476,Local 1,7702026155148,7702026155148,nosotras buenas noches 24 toallas nocturna tela,aseo,19500,3,DISTRIMARIO SAS
2477,Local 1,7702026158217,7702026158217,Nosotras buenas noches x4,aseo,4000,92,DISTRIMARIO SAS
2478,Local 1,7702027444647,7702027444647,Nosotras diario multiestilo x60,aseo,7000,99,CAROLINA DE GARZON SOCIEDAD DEPOSITO CAROLINA
2479,Local 1,7702027044090,7702027044090,Nosotras diario x80,aseo,18500,50,DISTRIMARIO SAS
2480,Local 1,7702027444685,7702027444685,nosotras diarios multiforma 15 protectores multiestilo,aseo,1900,22,DISTRICUELLAR DISTRIBUCIONES CUELLAR
2481,Local 1,7702027429293,7702027429293,nosotras extra proteccion 24 toallas dia y noche,aseo,13000,101,DISTRIMARIO SAS
2482,Local 1,7702026158538,7702026158538,Nosotras Invisible + Buenas noches,aseo,16300,1,DISTRIMARIO SAS
2483,Local 1,7702026155087,7702026155087,Nosotras Invisible rapigel + Protectores multiestilo,aseo,16500,97,DISTRIMARIO SAS
2484,Local 1,7702026177874,7702026177874,Nosotras Invisible rapigel +10protectores largos,aseo,6000,17,DISTRIMARIO SAS
2485,Local 1,7702027040023,7702027040023,nosotras natural-v 10 toallas normal sin alas,aseo,3700,30,DISTRIMARIO SAS
2486,Local 1,7702027416859,7702027416859,nosotras natural-v 30 toallas invisible clasica,aseo,12000,45,DISTRIMARIO SAS
2487,Local 1,7702027041662,7702027041662,nosotras natural-v invisible clasica x 10 toallas,aseo,4000,34,DISTRIMARIO SAS
2488,Local 1,7702027041761,7702027041761,nosotras natural-v plus canalgel x 10 toallas,aseo,4000,83,DISTRIMARIO SAS
2489,Local 1,7702026159788,7702026159788,Nosotras rapigel 360,aseo,6000,80,CAROLINA DE GARZON SOCIEDAD DEPOSITO CAROLINA
2490,Local 1,7702026162238,7702026162238,Nosotras Rapisec -V x34UND,CATEGORIA ESTANDAR,16500,10,DISTRIMARIO SAS
2491,Local 1,7702026428259,7702026428259,nosotras x 1,aseo,500,6,DISTRIMARIO SAS
2492,Local 1,7707355053448,7707355053448,noxpirin dia x 15 g,medicamentos,3000,3,DISTRIVENTAS DEL HUILA
2493,Local 1,7707355054346,7707355054346,noxpirin noche x 10 g,medicamentos,3300,4,DISTRIVENTAS DEL HUILA
2494,Local 1,204,204,Noxpirin Plus,medicamentos,1600,100,DISTRIHOGAR B.B
2495,Local 1,76,76,nucita barquillo 18 gr,dulceria,1000,946,ALPINA .
2496,Local 1,7702011125811,7702011125811,nucita masticable x50,dulceria,7300,100,COLOMBINA DISTRIBUCIONES
2497,Local 1,130,130,nucita x 14 g,dulceria,800,974,COLOMBINA DISTRIBUCIONES
2498,Local 1,100,100,nuez moscada en pepa la negra,abarrotes,1200,992,CAROLINA DE GARZON SOCIEDAD DEPOSITO CAROLINA
2499,Local 1,99,99,nuez moscada molida la negra,abarrotes,1000,996,CAROLINA DE GARZON SOCIEDAD DEPOSITO CAROLINA
2500,Local 1,7704097020349,7704097020349,NUGGETS DE POLLO APANADO X300G,CATEGORIA ESTANDAR,9500,1,COLOMBINA DISTRIBUCIONES
2501,Local 1,7702354959135,7702354959135,Nutribela acondicionador celulas,CATEGORIA ESTANDAR,1300,99,CAROLINA DE GARZON SOCIEDAD DEPOSITO CAROLINA
2502,Local 1,7702354956271,7702354956271,Nutribela Acondicionador celulas,CATEGORIA ESTANDAR,22500,50,CAROLINA DE GARZON SOCIEDAD DEPOSITO CAROLINA
2503,Local 1,7702354959128,7702354959128,Nutribela acondicionador fuerza y crecimiento,CATEGORIA ESTANDAR,1300,12,CAROLINA DE GARZON SOCIEDAD DEPOSITO CAROLINA
2504,Local 1,7702354959357,7702354959357,Nutribela biokeratina Crema de peinar,CATEGORIA ESTANDAR,1300,2,CAROLINA DE GARZON SOCIEDAD DEPOSITO CAROLINA
2505,Local 1,7702354959111,7702354959111,Nutribela Biokeratina sobre,aseo,1300,94,DISTRICUELLAR DISTRIBUCIONES CUELLAR
2506,Local 1,7702354957162,7702354957162,nutribela biokeratina x 180 ml,aseo,12000,51,DISTRICUELLAR DISTRIBUCIONES CUELLAR
2507,Local 1,7702354951740,7702354951740,nutribela celulas madre x 180 ml,aseo,11200,1,DISTRICUELLAR DISTRIBUCIONES CUELLAR
2508,Local 1,7702354959142,7702354959142,Nutribela enzimoterapia acondicionador,CATEGORIA ESTANDAR,1300,108,DISTRICUELLAR DISTRIBUCIONES CUELLAR
2509,Local 1,7702354959395,7702354959395,Nutribela enzimoterapia crema de peinar,CATEGORIA ESTANDAR,1300,48,DISTRICUELLAR DISTRIBUCIONES CUELLAR
2510,Local 1,7702354948504,7702354948504,nutribela enzimoterapia x 180 ml,aseo,11400,1,DISTRICUELLAR DISTRIBUCIONES CUELLAR
2511,Local 1,7702354953690,7702354953690,nutribela pro-hialuronico x 180 ml,aseo,12000,50,DISTRICUELLAR DISTRIBUCIONES CUELLAR
2512,Local 1,7702354948436,7702354948436,NUTRIBELA REPARACION INTENSIVA,CATEGORIA ESTANDAR,1800,2,ALPINA .
2513,Local 1,7702354948443,7702354948443,nutribela reparacion intensiva x 180 ml,aseo,12000,49,DISTRIMARIO SAS
2514,Local 1,7702354960148,7702354960148,Nutribela sh argan,aseo,1300,89,CAROLINA DE GARZON SOCIEDAD DEPOSITO CAROLINA
2515,Local 1,7702354946081,7702354946081,nutribela termoproteccion x 180 ml,aseo,11400,52,DISTRICUELLAR DISTRIBUCIONES CUELLAR
2516,Local 1,7702354959869,7702354959869,Nutriblea tratamiento argan,aseo,1800,90,CAROLINA DE GARZON SOCIEDAD DEPOSITO CAROLINA
2517,Local 1,53,53,nutriss adulto,abarrotes,6000,70,CAROLINA DE GARZON SOCIEDAD DEPOSITO CAROLINA
2518,Local 1,240,240,ojito dulce,dulceria,100,25,COLOMBINA DISTRIBUCIONES
2519,Local 1,7702993049006,7702993049006,oka loca chicle en polvo x 12 g,CATEGORIA ESTANDAR,1000,10,DISTRICUELLAR DISTRIBUCIONES CUELLAR
2520,Local 1,7702993047798,7702993047798,Oka loka azul,dulceria,1000,97,CAROLINA DE GARZON SOCIEDAD DEPOSITO CAROLINA
2521,Local 1,7702993047781,7702993047781,oka loka chicle en polvo x 12 g,dulceria,1000,107,DISTRICUELLAR DISTRIBUCIONES CUELLAR
2522,Local 1,7702993051931,7702993051931,oka loka fusion azul,CATEGORIA ESTANDAR,1000,13,DISTRIMARIO SAS
2523,Local 1,7702993051924,7702993051924,oka loka fusion rojo,CATEGORIA ESTANDAR,1000,15,DISTRIMARIO SAS
2524,Local 1,7702993051948,7702993051948,oka loka fusion verde,CATEGORIA ESTANDAR,1000,15,DISTRIMARIO SAS
2525,Local 1,7702993049082,7702993049082,oka loka nanos 12 gr,CATEGORIA ESTANDAR,700,2,COLOMBINA DISTRIBUCIONES
2526,Local 1,7702993049075,7702993049075,oka loka nanos morado 12 gr,CATEGORIA ESTANDAR,700,7,COLOMBINA DISTRIBUCIONES
2527,Local 1,7702993049051,7702993049051,Oka loka rosado,CATEGORIA ESTANDAR,700,14,ALPINA .
2528,Local 1,7702993049068,7702993049068,Oka loka verde,CATEGORIA ESTANDAR,700,15,ALPINA .
2529,Local 1,7707303040032,7707303040032,Opicafe 125gr,abarrotes,9600,94,CAROLINA DE GARZON SOCIEDAD DEPOSITO CAROLINA
2530,Local 1,7506195167113,7506195167113,Oral b 60gr,aseo,3500,93,CAROLINA DE GARZON SOCIEDAD DEPOSITO CAROLINA
2531,Local 1,7709051738551,7709051738551,oregano e escamas x 20 gr,abarrotes,1400,7,ALVARO MUÑOZ
2532,Local 1,7702175108286,7702175108286,oregano puro x 10 g,abarrotes,1500,48,DISTRIALDANA .
2533,Local 1,7750168002240,7750168002240,Oreo chocolate,dulceria,1400,96,CAROLINA DE GARZON SOCIEDAD DEPOSITO CAROLINA
2534,Local 1,7702133006661,7702133006661,Oreo cookies,dulceria,1400,98,CAROLINA DE GARZON SOCIEDAD DEPOSITO CAROLINA
2535,Local 1,7622202809026,7622202809026,Oreo fresa x und,dulceria,1700,94,CAROLINA DE GARZON SOCIEDAD DEPOSITO CAROLINA
2536,Local 1,7622202281938,7622202281938,Oreo golden x und,dulceria,1400,995,CAROLINA DE GARZON SOCIEDAD DEPOSITO CAROLINA
2537,Local 1,7622202385315,7622202385315,Oreo golden x10,dulceria,12800,100,CAROLINA DE GARZON SOCIEDAD DEPOSITO CAROLINA
2538,Local 1,7622202281952,7622202281952,Oreo golden x6,CATEGORIA ESTANDAR,9600,10,CAROLINA DE GARZON SOCIEDAD DEPOSITO CAROLINA
2539,Local 1,7622202281969,7622202281969,Oreo golden x6,dulceria,1800,86,CAROLINA DE GARZON SOCIEDAD DEPOSITO CAROLINA
2540,Local 1,7622202281921,7622202281921,Oreo golden x6,dulceria,7700,100,CAROLINA DE GARZON SOCIEDAD DEPOSITO CAROLINA
2541,Local 1,7702133009037,7702133009037,oreo regular x 54 g,dulceria,1800,964,CAROLINA DE GARZON SOCIEDAD DEPOSITO CAROLINA
2542,Local 1,7622202352850,7622202352850,Oreo tubo golden,CATEGORIA ESTANDAR,3500,0,CAROLINA DE GARZON SOCIEDAD DEPOSITO CAROLINA
2543,Local 1,7622202846298,7622202846298,Oreo x 10 paq 6,dulceria,16000,98,CAROLINA DE GARZON SOCIEDAD DEPOSITO CAROLINA
2544,Local 1,7590011151110,7590011151110,Oreo x 12,CATEGORIA ESTANDAR,15500,9,CAROLINA DE GARZON SOCIEDAD DEPOSITO CAROLINA
2545,Local 1,7702026147488,7702026147488,P.H. FAMILIA X4,aseo,11000,4,DISTRIMARIO SAS
2546,Local 1,78412613,78412613,pacific cigarrillos x 10,abarrotes,5000,92,ALVARO MUÑOZ
2547,Local 1,7702402057530,7702402057530,paleta aloha de limon x 53 g,CATEGORIA ESTANDAR,1500,11,DISTRIMARCA HELADOS
2548,Local 1,7702402054553,7702402054553,paleta aloha mix frutos rojos leche condensada x 80 g,CATEGORIA ESTANDAR,2800,20,HELADOS MARTICA
2549,Local 1,7702402058469,7702402058469,paleta choco fresa x 50 g,CATEGORIA ESTANDAR,1500,16,DISTRIMARCA HELADOS
2550,Local 1,7702402059275,7702402059275,paleta chocolisto x 50 g,CATEGORIA ESTANDAR,2500,7,DISTRIMARCA HELADOS
2551,Local 1,7702402058445,7702402058445,paleta cookies cream  x 50 g,CATEGORIA ESTANDAR,1500,15,DISTRIMARCA HELADOS
2552,Local 1,7702402057844,7702402057844,paleta cookies cream x 50 g,CATEGORIA ESTANDAR,2200,10,DISTRIMARCA HELADOS
2553,Local 1,7702402059800,7702402059800,paleta de fresa x53 g,CATEGORIA ESTANDAR,1500,5,DISTRIMARCA HELADOS
2554,Local 1,7702402058452,7702402058452,paleta de frutos rojos x 50 g,CATEGORIA ESTANDAR,1500,-4,DISTRIMARCA HELADOS
2555,Local 1,659525539573,659525539573,Paleta Martica Mandarina,dulceria,2000,69,HELADOS MARTICA
2556,Local 1,7707015506093,7707015506093,palillos el sol,aseo,1000,95,DISTRIHOGAR B.B
2557,Local 1,7707015506451,7707015506451,palillos el sol tarro,aseo,2800,997,DISTRICUELLAR DISTRIBUCIONES CUELLAR
2558,Local 1,23455672,23455672,Palo chuzo,CATEGORIA ESTANDAR,3200,0,CAROLINA DE GARZON SOCIEDAD DEPOSITO CAROLINA
2559,Local 1,7703252006709,7703252006709,Palo de pincho  de 30cm 100und,abarrotes,4500,9,PLASTICO SURCOLOMBIANO
2560,Local 1,7708822984036,7708822984036,palo pincho 25cm,CATEGORIA ESTANDAR,3200,4,ALPINA .
2561,Local 1,7708822984050,7708822984050,palo pincho 30cm,CATEGORIA ESTANDAR,3200,0,CAROLINA DE GARZON SOCIEDAD DEPOSITO CAROLINA
2562,Local 1,7703133021166,7703133021166,Palomitas mini,dulceria,1000,82,CAROLINA DE GARZON SOCIEDAD DEPOSITO CAROLINA
2563,Local 1,7703133008839,7703133008839,Palomitas Mix caramelo queso 58g,dulceria,2200,96,DISTRIMARCA HELADOS
2564,Local 1,7703133005333,7703133005333,Palomitas Yupi Cookies&Cream,autoservicio servitodo thaliana,2000,0,DISTRIMARCA HELADOS
2565,Local 1,7703133021227,7703133021227,Palomitas Yupi de Caramelo,autoservicio servitodo thaliana,2200,59,DISTRIMARCA HELADOS
2566,Local 1,51,51,palos de helados x 100 und,abarrotes,1800,98,PLASTICO SURCOLOMBIANO
2567,Local 1,7707035510285,7707035510285,pamoato de pirantel 250 mg,medicamentos,4500,1,TECNOVENTAS DISTRIBUCIONES
2568,Local 1,7705326468727,7705326468727,pan blanco bimbo  x 600 g,abarrotes,7500,0,BIMBO DISTRIVENTAS DEL SUR
2569,Local 1,7705326011404,7705326011404,pan blanco bimbo x 350 g,abarrotes,5300,41,BIMBO DISTRIVENTAS DEL SUR
2570,Local 1,7705326625502,7705326625502,pan blanco bimbo x 470 g,CATEGORIA ESTANDAR,6500,47,BIMBO DISTRIVENTAS DEL SUR
2571,Local 1,7705326091987,7705326091987,pan blanco guadalupe x 450 g,abarrotes,6200,2,GUADALUPE ARDICOLL
2572,Local 1,00125,00125,Pan cuajada tostado,abarrotes,2000,812,CAROLINA DE GARZON SOCIEDAD DEPOSITO CAROLINA
2573,Local 1,1454,46123,Pan cuajada x10,CATEGORIA ESTANDAR,3000,17,CAROLINA DE GARZON SOCIEDAD DEPOSITO CAROLINA
2574,Local 1,38,38,pan de cuajada x 5 und,abarrotes,1500,587,COMESTIBLES LABOYANA
2575,Local 1,7702432198272,7702432198272,Pan de hamburguesa Comapan x6,autoservicio servitodo thaliana,5200,16,GLOFER DISTRIBUCIONES
2576,Local 1,7702766098071,7702766098071,PAN DE HAMBURGUESA X800G,CATEGORIA ESTANDAR,9500,18,BIMBO DISTRIVENTAS DEL SUR
2577,Local 1,7702084900148,7702084900148,pan gust atun en aceite x 150 g,abarrotes,7000,19,MD DISTRIBUCIONES
2578,Local 1,7702084900131,7702084900131,pan gust atun en agua x 150 g,abarrotes,7000,20,MD DISTRIBUCIONES
2579,Local 1,7702432007079,7702432007079,Pan hamburguesa x 12,abarrotes,9800,99,CAROLINA DE GARZON SOCIEDAD DEPOSITO CAROLINA
2580,Local 1,7702766098057,7702766098057,Pan hamburguesa x6 santa clara,abarrotes,5700,98,CAROLINA DE GARZON SOCIEDAD DEPOSITO CAROLINA
2581,Local 1,7702084137551,7702084137551,pan harina  sabor a choclo x 500 g,abarrotes,5800,6,DISTRICUELLAR DISTRIBUCIONES CUELLAR
2582,Local 1,7702084137575,7702084137575,pan harina de maiz amarillo x 500 g,abarrotes,2400,3,CAROLINA DE GARZON SOCIEDAD DEPOSITO CAROLINA
2583,Local 1,7702084127330,7702084127330,pan harina de maiz blanco x 500 g,abarrotes,2700,9,DISTRICUELLAR DISTRIBUCIONES CUELLAR
2584,Local 1,7702432250376,7702432250376,Pan huevo comapan,CATEGORIA ESTANDAR,4600,32,CAROLINA DE GARZON SOCIEDAD DEPOSITO CAROLINA
2585,Local 1,7702432001503,7702432001503,PAN HUEVO COMAPAN EXTRA LARGO X520G,CATEGORIA ESTANDAR,4400,4,GLOFER DISTRIBUCIONES
2586,Local 1,7702432356788,7702432356788,Pan Integral Goodman Integral x450gr,autoservicio servitodo thaliana,4200,2,GLOFER DISTRIBUCIONES
2587,Local 1,7705326020499,7705326020499,pan integral guadalupe x 570 g,abarrotes,8700,2,GUADALUPE ARDICOLL
2588,Local 1,7705326020505,7705326020505,pan mantequilla extra largo guadalupe  x 550 g,abarrotes,7800,4,GUADALUPE ARDICOLL
2589,Local 1,7702432005709,7702432005709,Pan perro Comapan x6,autoservicio servitodo thaliana,5000,2,GLOFER DISTRIBUCIONES
2590,Local 1,7702766098033,7702766098033,PAN PERRO SANTA CLARA X800G,abarrotes,9200,98,BIMBO DISTRIVENTAS DEL SUR
2591,Local 1,7702432005853,7702432005853,Pan perro x12 comapan,CATEGORIA ESTANDAR,9800,99,CAROLINA DE GARZON SOCIEDAD DEPOSITO CAROLINA
2592,Local 1,7702766097982,7702766097982,Pan perro x6,abarrotes,4800,15,CAROLINA DE GARZON SOCIEDAD DEPOSITO CAROLINA
2593,Local 1,7702432567962,7702432567962,Pan perro x6 comapan,CATEGORIA ESTANDAR,5200,99,CAROLINA DE GARZON SOCIEDAD DEPOSITO CAROLINA
2594,Local 1,7705326080585,7705326080585,pan sabor mantequilla bimbo x 460 g,abarrotes,7000,1,BIMBO DISTRIVENTAS DEL SUR
2595,Local 1,7702766098118,7702766098118,Pan Santa Clara 550gr,abarrotes,6500,1,CAROLINA DE GARZON SOCIEDAD DEPOSITO CAROLINA
2596,Local 1,7702766097999,7702766097999,Pan santa clara mediano 320gr,abarrotes,5000,10,CAROLINA DE GARZON SOCIEDAD DEPOSITO CAROLINA
2597,Local 1,7705326019288,7705326019288,pan super hamburguesa x 350 g,abarrotes,6000,2,BIMBO DISTRIVENTAS DEL SUR
2598,Local 1,7705326063502,7705326063502,pan super perro bimbo x 405 g,abarrotes,6200,2,BIMBO DISTRIVENTAS DEL SUR
2599,Local 1,7708921830333,7708921830333,pan tajado mantequilla felini x 550 g,abarrotes,5500,2,FELINI DISTRIBUCIONES
2600,Local 1,7702432002456,7702432002456,PAN TAJADO MILENIO X480G,CATEGORIA ESTANDAR,5500,1,GLOFER DISTRIBUCIONES
2601,Local 1,66,66,panal de huevo x 30 und,abarrotes,14000,14,CAROLINA DE GARZON SOCIEDAD DEPOSITO CAROLINA
2602,Local 1,7702193103133,7702193103133,pancho avena molida harina x 180 gr,abarrotes,2400,60,ALVARO MUÑOZ
2603,Local 1,7709560349798,7709560349798,Panela Isnos x 500 g,abarrotes,3000,815,CAROLINA DE GARZON SOCIEDAD DEPOSITO CAROLINA
2604,Local 1,7709619895870,7709619895849,Panela Natural molida isnense x450g,dulceria,3600,26,PANELA NATURAL ISNOS .
2605,Local 1,7708866919490,7708866919490,Panela pitaleña 500gr,abarrotes,3500,17,CAROLINA DE GARZON SOCIEDAD DEPOSITO CAROLINA
2606,Local 1,7702354958664,7702354958664,panelada sabor a limon x 29 g,abarrotes,1500,19,DISTRIMARIO SAS
2607,Local 1,7702354951573,7702354951573,panelista sabor a limon 22 g,abarrotes,1300,7,DISTRIMARIO SAS
2608,Local 1,7709808410457,7709808410457,panelita de leche,dulceria,300,3,COLOMBINA DISTRIBUCIONES
2609,Local 1,77072358010002,77072358010002,panelon x 2000g,abarrotes,12000,87,CAROLINA DE GARZON SOCIEDAD DEPOSITO CAROLINA
2610,Local 1,7705326081643,7705326081643,Paneton de Chocolate Bimbo x450g,autoservicio servitodo thaliana,24800,1,BIMBO DISTRIVENTAS DEL SUR
2611,Local 1,7705326081650,7705326081650,PANETON FRUTAS CRISTALIZADAS X450G Bimbo,autoservicio servitodo thaliana,24800,1,DISTRIMARIO SAS
2612,Local 1,7709239631100,7709239631100,Pañito humedo Macao x100,aseo,4700,6,PLASTICO SURCOLOMBIANO
2613,Local 1,6971375186573,6971375186573,PAÑITOS BIOMEDICH X100,CATEGORIA ESTANDAR,5400,7,COMESTIBLES LABOYANA
2614,Local 1,7709239631186,7709239631186,Pañitos humedos Macao x25und,aseo,2400,2,DISTRICUELLAR DISTRIBUCIONES CUELLAR
2615,Local 1,5901234123570,5901234123570,Pañitos humedos Whoop x25 Unidades,aseo,2700,19,PLASTICO SURCOLOMBIANO
2616,Local 1,5901234123556,5901234123556,Pañitos humedos whoop x50 Und,aseo,3900,16,PLASTICO SURCOLOMBIANO
2617,Local 1,7702026147631,7702026147631,PAÑITOS PEQUEÑIN ALMENDRA  X 100 UNIDADES,aseo,12500,52,DISTRIMARIO SAS
2618,Local 1,7705326076588,7705326076588,panque bimbo sabor a vainilla x 60 g,abarrotes,2300,65,BIMBO DISTRIVENTAS DEL SUR
2619,Local 1,7705326002075,7705326002075,panque sabor vainilla y chocolate x 55 g,dulceria,2300,77,BIMBO DISTRIVENTAS DEL SUR
2620,Local 1,7705326091079,7705326091079,Panque x5,CATEGORIA ESTANDAR,10000,9,CAROLINA DE GARZON SOCIEDAD DEPOSITO CAROLINA
2621,Local 1,27500435004361,27500435004361,pantene,aseo,1000,5,CAROLINA DE GARZON SOCIEDAD DEPOSITO CAROLINA
2622,Local 1,17500435247983,17500435247983,pantene biotinamina,aseo,1000,50,SURTILIMA .
2623,Local 1,7500435241038,7500435241038,pantene keratina x 18 ml,aseo,1100,63,DISTRIMARIO SAS
2624,Local 1,17500435191507,17500435191507,Pantene nutritivo,aseo,1100,48,SURTILIMA .
2625,Local 1,7500435232531,7500435232531,Pantene tratamiento antifriz,aseo,1600,95,CAROLINA DE GARZON SOCIEDAD DEPOSITO CAROLINA
2626,Local 1,7500435232548,7500435232548,Pantene tratamiento control caida,aseo,1600,97,CAROLINA DE GARZON SOCIEDAD DEPOSITO CAROLINA
2627,Local 1,7500435151320,7500435151320,pantene tratamiento pro-v miracles x 30 ml,aseo,1600,0,SURTILIMA .
2628,Local 1,7702026032616,7702026032616,Pañuelo Familia a la mano,CATEGORIA ESTANDAR,1600,0,DISTRIMARIO SAS
2629,Local 1,7702026032609,7702026032609,Pañuelos x 4 Familia,CATEGORIA ESTANDAR,6000,1,DISTRIMARIO SAS
2630,Local 1,7708900957006,7708900957006,papa cabello de angel x 1 kl,abarrotes,12600,3,COMESTIBLES LABOYANA
2631,Local 1,7709997431028,7709997431028,papa cabello de angel x 500 g,abarrotes,7200,5,COMESTIBLES LABOYANA
2632,Local 1,5413081251240,5413081251240,PAPA FRANCESA,autoservicio servitodo thaliana,25000,1,ALPINA .
2633,Local 1,7708090842267,7708090842267,"papa francesa mydibel x 2,5 kg",abarrotes,24000,1,ALVARO MUÑOZ
2634,Local 1,7704097531784,7704097531784,Papa frita ricongelisto 2500g,CATEGORIA ESTANDAR,24000,1,CAROLINA DE GARZON SOCIEDAD DEPOSITO CAROLINA
2635,Local 1,7707302420057,7707302420057,Papa Ripio a la Lata x150g,CATEGORIA ESTANDAR,3400,4,DISTRIMARCA HELADOS
2636,Local 1,775853863996,775853863996,Papa ripio KronKy x500g,CATEGORIA ESTANDAR,6000,3,DISTRIMARCA HELADOS
2637,Local 1,10789,10789,papas congeladas 500g,CATEGORIA ESTANDAR,5000,26,CAROLINA DE GARZON SOCIEDAD DEPOSITO CAROLINA
2638,Local 1,7702189055583,7702189055583,PAPAS DETODITO LIMON 50 GR,abarrotes,3200,1,MARGARITA DISTRIBUCIONES CUEVAS
2639,Local 1,7702189055569,7702189055569,PAPAS DETODITO MIX,abarrotes,3200,1,MARGARITA DISTRIBUCIONES CUEVAS
2640,Local 1,7708900957044,7708900957044,Papas fritas cabello de angel ripio x 500,CATEGORIA ESTANDAR,7200,3,COMESTIBLES LABOYANA
2641,Local 1,7704097070276,7704097070276,papas fritas x500g,CATEGORIA ESTANDAR,7200,2,DISTRIALDANA .
2642,Local 1,7702189056016,7702189056016,papas margarita bbq 36 gr,abarrotes,2600,65,MARGARITA DISTRIBUCIONES CUEVAS
2643,Local 1,7702189056696,7702189056696,PAPAS MARGARITA CREMA Y CEBOLLA 36 GR,abarrotes,2500,21,MARGARITA DISTRIBUCIONES CUEVAS
2644,Local 1,7702189060341,7702189060341,Papas Margarita Hogao,dulceria,2500,1,MARGARITA DISTRIBUCIONES CUEVAS
2645,Local 1,7702189056023,7702189056023,PAPAS MARGARITA LIMON 36 GR,dulceria,2600,57,MARGARITA DISTRIBUCIONES CUEVAS
2646,Local 1,7702189056030,7702189056030,PAPAS MARGARITA NATURAL 36 GR,CATEGORIA ESTANDAR,2500,29,MARGARITA DISTRIBUCIONES CUEVAS
2647,Local 1,7702189057815,7702189057815,PAPAS MARGARITA ONDULADAS MAYONESA X 35 GR,dulceria,2500,79,MARGARITA DISTRIBUCIONES CUEVAS
2648,Local 1,7702189057822,7702189057822,PAPAS MARGARITA ONDULADAS TOMATE 35 GR,dulceria,2600,88,MARGARITA DISTRIBUCIONES CUEVAS
2649,Local 1,7702189056047,7702189056047,PAPAS MARGARITA POLLO 36 GR,abarrotes,2600,51,MARGARITA DISTRIBUCIONES CUEVAS
2650,Local 1,7702189051103,7702189051103,Papas Margarita Receta Clasica,autoservicio servitodo thaliana,3000,0,MARGARITA DISTRIBUCIONES CUEVAS
2651,Local 1,734191236152,734191236152,Papel Aluminio 7mts,abarrotes,3500,7,JHONATAN BOLSAS
2652,Local 1,7709477054075,7709477054075,papel aluminio mio x 16 mts,aseo,6000,98,PLASTICO SURCOLOMBIANO
2653,Local 1,7707331831039,7707331831039,papel aluminio mio x 40 mts,aseo,13000,97,JHONATAN BOLSAS
2654,Local 1,7707331830674,7707331830674,papel aluminio mio x 7 mts,aseo,3200,99,PLASTICO SURCOLOMBIANO
2655,Local 1,7707015511233,7707015511233,Papel Aluminio SOL x16MTS,abarrotes,6000,9,PLASTICO SURCOLOMBIANO
2656,Local 1,7707015511257,7707015511257,Papel Aluminio SOL x40MTS,abarrotes,14000,9,PLASTICO SURCOLOMBIANO
2657,Local 1,7709477054082,7709477054082,Papel Aluminio x40Mts BS,autoservicio servitodo thaliana,12500,2,PLASTICO SURCOLOMBIANO
2658,Local 1,7707331831022,7707331831022,Papel de Aluminio X16Mts,autoservicio servitodo thaliana,6000,0,DISTRIMARIO SAS
2659,Local 1,245,245,papel sulfito x30,papeleria,6000,30,ALVARO MUÑOZ
2660,Local 1,7709880458910,7709880458910,Paprika del tropico x50g,autoservicio servitodo thaliana,1500,4,DISTRIALDANA .
2661,Local 1,7702175259506,7702175259506,paprika pura el rey x 25 g,abarrotes,1600,45,DISTRIALDANA .
2662,Local 1,198,198,Paquete Cuca,autoservicio servitodo thaliana,2500,827,CAROLINA DE GARZON SOCIEDAD DEPOSITO CAROLINA
2663,Local 1,74569,74569,Paquete de bolsa x 10,autoservicio servitodo thaliana,7000,17,PLASTICO SURCOLOMBIANO
2664,Local 1,08,08,pasta surtida comarrico clasica x 25 u de 250g,abarrotes,44200,10,GERDY DISTRIBUCIONES
2665,Local 1,995C,995C,pasta surtida comarrico x 190 g,abarrotes,35700,1,GERDY DISTRIBUCIONES
2666,Local 1,67702020040589,67702020040589,pasta surtida san remo x 24 unidades,abarrotes,24500,101,DISTRIMARIO SAS
2667,Local 1,7707044000456,7707044000456,PASTAS LA BONITA CONCHITAS,CATEGORIA ESTANDAR,1300,3,COMESTIBLES LABOYANA
2668,Local 1,63,63,pata bonita surtida,abarrotes,25000,4,CAROLINA DE GARZON SOCIEDAD DEPOSITO CAROLINA
2669,Local 1,7706263202603,7706263202603,pax dia naranja x 6 g,medicamentos,3000,23,PLASTICO SURCOLOMBIANO
2670,Local 1,7501033961557,7501033961557,pedialite max,dulceria,9700,10,ALVARO MUÑOZ
2671,Local 1,6927154654849,6927154654849,pegante instantaneo,abarrotes,1000,19,TECNOVENTAS DISTRIBUCIONES
2672,Local 1,7708827478059,7708827478059,pegante macao azul,aseo,1000,984,TECNOVENTAS DISTRIBUCIONES
2673,Local 1,7709058239969,7709058239969,Pegante MACAO Super Glue,autoservicio servitodo thaliana,1000,971,DISTRIHOGAR B.B
2674,Local 1,4897068890270,4897068890270,pegante meceo,abarrotes,1000,76,CAROLINA DE GARZON SOCIEDAD DEPOSITO CAROLINA
2675,Local 1,4719867213084,4719867213084,pegante tubo,aseo,1000,49,DISTRIVENTAS DEL HUILA
2676,Local 1,7709181910919,7709181910919,pegante white 125 gr,abarrotes,2400,2,ALVARO MUÑOZ
2677,Local 1,144,144,peineta mojarra larga,aseo,800,91,DISTRIVENTAS DEL HUILA
2678,Local 1,7702192273905,7702192273905,pepsi 1.75 ml,bebidas,4500,12,POSTOBON .
2679,Local 1,7702192245841,7702192245841,Pepsi 3125l,bebidas,7000,19,POSTOBON .
2680,Local 1,7702192705895,7702192705895,pepsi cola zero 1 l,bebidas,3500,10,InterPOS
2681,Local 1,7702090044942,7702090044942,pepsi postobon x 1 litro,bebidas,3500,3,InterPOS
2682,Local 1,7702192282983,7702192282983,pepsi postobon x 1.5 litros,bebidas,4500,92,InterPOS
2683,Local 1,7702192043546,7702192043546,pepsi postobon x 3.125 litros,bebidas,8000,101,InterPOS
2684,Local 1,7702192982012,7702192982012,pepsi postobon x 500 ml,bebidas,2500,10,InterPOS
2685,Local 1,7702026160982,7702026160982,Pequeñin manzanilla x12 pañitos,aseo,1600,93,DISTRIMARIO SAS
2686,Local 1,7705326079121,7705326079121,pequitas bimbo x 33 g,dulceria,2000,0,BIMBO DISTRIVENTAS DEL SUR
2687,Local 1,7124652,002133,PH Expert x12,aseo,31000,100,CAROLINA DE GARZON SOCIEDAD DEPOSITO CAROLINA
2688,Local 1,7702026148539,7702026148539,PH familia expert x9 rollos,aseo,27000,98,DISTRIMARIO SAS
2689,Local 1,7702011271747,7702011271747,piazza barquillo arequipe,CATEGORIA ESTANDAR,500,19,COLOMBINA DISTRIBUCIONES
2690,Local 1,7702011026439,7702011026439,piazza barquillo chocolate 44 gr,dulceria,3800,98,COLOMBINA DISTRIBUCIONES
2691,Local 1,7702011205223,7702011205223,piazza barquillo cookies cream x 45 gr,dulceria,3800,100,COLOMBINA DISTRIBUCIONES
2692,Local 1,7702011026446,7702011026446,piazza barquillo fresa 45 gr,dulceria,3800,100,BIMBO DISTRIVENTAS DEL SUR
2693,Local 1,7702011045454,7702011045454,piazza barquillo sabor  arequipe x 45 gr,dulceria,3800,99,COLOMBINA DISTRIBUCIONES
2694,Local 1,7702011271679,7702011271679,"piazza barquillo sabor a chocolate x 11,7 g",dulceria,600,65,DISTRIMARIO SAS
2695,Local 1,7702011207074,7702011207074,"piazza barquillo sabor fresa salvaje x 11,7 g",CATEGORIA ESTANDAR,500,20,COLOMBINA DISTRIBUCIONES
2696,Local 1,7702011271662,7702011271662,"piazza barquillo sabor vainilla x 11,7 g",CATEGORIA ESTANDAR,500,14,DISTRIMARIO SAS
2697,Local 1,7702011026415,7702011026415,piazza barquillo vainilla 45 g,dulceria,3800,98,BIMBO DISTRIVENTAS DEL SUR
2698,Local 1,7702011206930,7702011206930,Piazza bombonbun,dulceria,600,52,COLOMBINA DISTRIBUCIONES
2699,Local 1,7702011271532,7702011271532,Piazza chocoleche,dulceria,600,64,CAROLINA DE GARZON SOCIEDAD DEPOSITO CAROLINA
2700,Local 1,7702011271594,7702011271594,piazza de fresa  11.7 x unid,abarrotes,600,23,COLOMBINA DISTRIBUCIONES
2701,Local 1,7702011201287,7702011201287,Piazza monster choco leche,CATEGORIA ESTANDAR,500,22,COLOMBINA DISTRIBUCIONES
2702,Local 1,7702011201263,7702011201263,Piazza monster jirafas,CATEGORIA ESTANDAR,500,23,COLOMBINA DISTRIBUCIONES
2703,Local 1,7702175108361,7702175108361,picante el rey x 40 g,abarrotes,1200,3,DISTRIALDANA .
2704,Local 1,7707145302824,7707145302824,piedra pomez,medicamentos,2500,6,TECNOVENTAS DISTRIBUCIONES
2705,Local 1,7703255310926,7703255310926,Pila alkalina ecobattery,CATEGORIA ESTANDAR,3600,2,CAROLINA DE GARZON SOCIEDAD DEPOSITO CAROLINA
2706,Local 1,7702087505425,7702087505425,PILA EVEREADY AA,abarrotes,2400,15,TECNOVENTAS DISTRIBUCIONES
2707,Local 1,7702094510061,7702094510061,pila varta AA,aseo,2300,20,MD DISTRIBUCIONES
2708,Local 1,771,71,pila varta grande,abarrotes,3000,26,DISTRIMARIO SAS
2709,Local 1,8888021206074,8888021206074,pilas energizer AA,CATEGORIA ESTANDAR,3000,22,ALPINA .
2710,Local 1,8888021206081,8888021206081,pilas energizer AAA,CATEGORIA ESTANDAR,2300,12,ALPINA .
2711,Local 1,8999002696613,8999002696613,Pilas varta AA,papeleria,2500,64,DISTRIHOGAR B.B
2712,Local 1,8999002696712,8999002696712,Pilas Varta AAA,CATEGORIA ESTANDAR,2500,94,CAROLINA DE GARZON SOCIEDAD DEPOSITO CAROLINA
2713,Local 1,7702175668957,7702175668957,Pimienta el rey,CATEGORIA ESTANDAR,1900,47,DISTRIALDANA .
2714,Local 1,7709880458965,7709880458965,pimienta molida gavius x 40 g,abarrotes,1200,4,COMESTIBLES LABOYANA
2715,Local 1,7702175108118,7702175108118,pimienta pura  x 43 g,abarrotes,3300,4,DISTRIALDANA .
2716,Local 1,7702175160178,7702175160178,pimienta pura en pepa el rey tapa molino x 55 g,abarrotes,9400,1,DISTRIALDANA .
2717,Local 1,7702174088923,7702174088923,Pin pon fresa,CATEGORIA ESTANDAR,9000,1,DISTRICUELLAR DISTRIBUCIONES CUELLAR
2718,Local 1,7702174088916,7702174088916,Pin pop Enchilado,dulceria,9400,9,DISTRICUELLAR DISTRIBUCIONES CUELLAR
2719,Local 1,7702174812801,7702174812801,Pin POP Freasa Surtido x24,CATEGORIA ESTANDAR,9000,1,DISTRICUELLAR DISTRIBUCIONES CUELLAR
2720,Local 1,7702174871532,7702174871532,Pin pop frunas,CATEGORIA ESTANDAR,9000,1,DISTRICUELLAR DISTRIBUCIONES CUELLAR
2721,Local 1,7702174843256,7702174843256,Pin POP Pinta Lengua x24 Und,CATEGORIA ESTANDAR,9000,1,DISTRICUELLAR DISTRIBUCIONES CUELLAR
2722,Local 1,7702174087223,7702174087223,Pin POP Polvo Explosivo cereza,autoservicio servitodo thaliana,1000,3,DISTRICUELLAR DISTRIBUCIONES CUELLAR
2723,Local 1,7702174088909,7702174088909,Pin pop surtido,CATEGORIA ESTANDAR,9000,1,DISTRICUELLAR DISTRIBUCIONES CUELLAR
2724,Local 1,7703252001230,7703252001230,Pincho festival 25cm x100,autoservicio servitodo thaliana,2800,100,CAROLINA DE GARZON SOCIEDAD DEPOSITO CAROLINA
2725,Local 1,7707015506338,7707015506338,pincho grueso el sol,CATEGORIA ESTANDAR,4000,1,CAROLINA DE GARZON SOCIEDAD DEPOSITO CAROLINA
2726,Local 1,7703252001247,7703252001247,pinchos x 30 cm - 100und,abarrotes,3200,101,PLASTICO SURCOLOMBIANO
2727,Local 1,7703252006693,7703252006693,pinchuzos x 25 cm-100 unidades,abarrotes,3600,9,PLASTICO SURCOLOMBIANO
2728,Local 1,7705326053206,7705326053206,pinguinos 2 porciones 80 gr,CATEGORIA ESTANDAR,3700,1,BIMBO DISTRIVENTAS DEL SUR
2729,Local 1,7705326088574,7705326088574,pinguinos cookies cream,dulceria,4500,99,BIMBO DISTRIVENTAS DEL SUR
2730,Local 1,7705326080943,7705326080943,Pinguinos x3,CATEGORIA ESTANDAR,3800,6,DISTRIVENTAS DEL HUILA
2731,Local 1,7702532430852,7702532430852,Pinolina bambu,aseo,4200,98,CAROLINA DE GARZON SOCIEDAD DEPOSITO CAROLINA
2732,Local 1,7702532430814,7702532430814,Pinolina canela,aseo,4200,98,CAROLINA DE GARZON SOCIEDAD DEPOSITO CAROLINA
2733,Local 1,7702532430821,7702532430821,Pinolina lavanda,aseo,4200,99,CAROLINA DE GARZON SOCIEDAD DEPOSITO CAROLINA
2734,Local 1,7702174083973,7702174083973,pinpop polvo acido 15 gr,dulceria,1000,5,BIMBO DISTRIVENTAS DEL SUR
2735,Local 1,257,257,pinpop x unidad mango enchilado,CATEGORIA ESTANDAR,500,50,GLOFER DISTRIBUCIONES
2736,Local 1,7705326080776,7705326080776,piolo arequipe bimbo x 45 g,CATEGORIA ESTANDAR,2800,0,BIMBO DISTRIVENTAS DEL SUR
2737,Local 1,7703712030930,7703712030930,piroxican x 20 mg,medicamentos,4600,8,PLASTICO SURCOLOMBIANO
2738,Local 1,7702011021106,7702011021106,pirulito  de leche x 24 unidades,dulceria,4700,94,COLOMBINA DISTRIBUCIONES
2739,Local 1,7702011141217,7702011141217,pirulito 3D x 24 unidades,CATEGORIA ESTANDAR,4600,2,COLOMBINA DISTRIBUCIONES
2740,Local 1,236,236,pirulito individual,dulceria,200,20,COLOMBINA DISTRIBUCIONES
2741,Local 1,7702011020987,7702011020987,pirulito surtido x 24 unidades,dulceria,4700,95,COLOMBINA DISTRIBUCIONES
2742,Local 1,7704918101240,7704918101240,plato 18 cm,aseo,3600,2,PLASTICO SURCOLOMBIANO
2743,Local 1,7702458245202,7702458245202,plato 18 cm,CATEGORIA ESTANDAR,4000,99,PLASTICO SURCOLOMBIANO
2744,Local 1,645667223814,645667223814,Plato 23 cm,autoservicio servitodo thaliana,6400,2,CAROLINA DE GARZON SOCIEDAD DEPOSITO CAROLINA
2745,Local 1,7702458014242,7702458014242,plato 25 0z,aseo,6700,99,PLASTICO SURCOLOMBIANO
2746,Local 1,7702458245400,7702458245400,Plato darnel 26cm,autoservicio servitodo thaliana,9300,99,CAROLINA DE GARZON SOCIEDAD DEPOSITO CAROLINA
2747,Local 1,78485,748547,Plato desechable seco,aseo,600,44,CAROLINA DE GARZON SOCIEDAD DEPOSITO CAROLINA
2748,Local 1,645667094537,645667094537,Plato hondo 16oz,autoservicio servitodo thaliana,4700,2,CAROLINA DE GARZON SOCIEDAD DEPOSITO CAROLINA
2749,Local 1,182,7704918103442,Plato hondo 25oz,autoservicio servitodo thaliana,5800,2,CAROLINA DE GARZON SOCIEDAD DEPOSITO CAROLINA
2750,Local 1,7702458245608,7702458245608,PLATO ICOPOR OVALADO X20UND,CATEGORIA ESTANDAR,6800,104,SURTILIMA .
2751,Local 1,7702458245103,7702458245103,plato icopor x 15.5 cm,aseo,3000,88,PLASTICO SURCOLOMBIANO
2752,Local 1,7702458245509,7702458245509,PLato ovalado 16x23cm por 20und,autoservicio servitodo thaliana,4800,1,PLASTICO SURCOLOMBIANO
2753,Local 1,7704918101257,7704918101257,Plato wau 15.5cm,CATEGORIA ESTANDAR,3500,94,CAROLINA DE GARZON SOCIEDAD DEPOSITO CAROLINA
2754,Local 1,7704918101233,7704918101233,Plato wau 23 cm,CATEGORIA ESTANDAR,7800,97,CAROLINA DE GARZON SOCIEDAD DEPOSITO CAROLINA
2755,Local 1,212,7709212815190,Pnelon Isnense,CATEGORIA ESTANDAR,11600,10,CAROLINA DE GARZON SOCIEDAD DEPOSITO CAROLINA
2756,Local 1,94,94,polvo de hornear la negra,abarrotes,1000,97,CAROLINA DE GARZON SOCIEDAD DEPOSITO CAROLINA
2757,Local 1,95,95,polvo de hornear la negra,abarrotes,500,94,CAROLINA DE GARZON SOCIEDAD DEPOSITO CAROLINA
2758,Local 1,21431,7200,Polvo de hornear la negra,autoservicio servitodo thaliana,3000,95,CAROLINA DE GARZON SOCIEDAD DEPOSITO CAROLINA
2759,Local 1,7702014592023,7702014592023,Polvo para hornear  Levapan frcx80gr,autoservicio servitodo thaliana,7800,101,DISTRIALDANA .
2760,Local 1,302,302,polvo para hornear 500 gr d luchy tropico,dulceria,7500,9,SURCOLAC PUREZA
2761,Local 1,136,136,polvo para hornear luchy x 500 g,abarrotes,7100,1,COMESTIBLES LABOYANA
2762,Local 1,7708730121905,7708730121905,polvo para hornear x 110 g,abarrotes,4800,0,COMESTIBLES LABOYANA
2763,Local 1,7702022120140,7702022120140,Pompositos toallas humedas,CATEGORIA ESTANDAR,3000,3,CAROLINA DE GARZON SOCIEDAD DEPOSITO CAROLINA
2764,Local 1,7702006402613,7702006402613,"ponds crema humectante x 8,5g",aseo,2500,14,DISTRIMARIO SAS
2765,Local 1,7702006402606,7702006402606,"ponds rejuveness x 8,5 g",aseo,2500,16,DISTRICUELLAR DISTRIBUCIONES CUELLAR
2766,Local 1,7702011201065,7702011201065,Ponky Ponke,autoservicio servitodo thaliana,1500,57,COLOMBINA DISTRIBUCIONES
2767,Local 1,7702011201089,7702011201089,Ponky Torta negra,dulceria,1500,26,CAROLINA DE GARZON SOCIEDAD DEPOSITO CAROLINA
2768,Local 1,7705326002136,7705326002136,ponque casero mora bimbo x 200 g,abarrotes,8500,1,BIMBO DISTRIVENTAS DEL SUR
2769,Local 1,7705326406798,7705326406798,ponque casero tres leche bimbo x 220 g,abarrotes,8500,32,BIMBO DISTRIVENTAS DEL SUR
2770,Local 1,7705326079152,7705326079152,ponque casero vainilla  x 220 g,abarrotes,6000,2,BIMBO DISTRIVENTAS DEL SUR
2771,Local 1,7705326218186,7705326218186,Ponque casero vainilla bimbo x200g,autoservicio servitodo thaliana,6800,1,BIMBO DISTRIVENTAS DEL SUR
2772,Local 1,7702432352179,7702432352179,ponque comapan sabor natural,dulceria,6300,0,GLOFER DISTRIBUCIONES
2773,Local 1,7702432074958,7702432074958,ponque de chocolate comapan,dulceria,6900,100,GLOFER DISTRIBUCIONES
2774,Local 1,7702432074903,7702432074903,ponque de piña comapan,autoservicio servitodo thaliana,6000,1,GLOFER DISTRIBUCIONES
2775,Local 1,7705326079237,7705326079237,Ponque de Vino x6 porciones 400gr,autoservicio servitodo thaliana,24300,1,BIMBO DISTRIVENTAS DEL SUR
2776,Local 1,7702432132931,7702432132931,PONQUE LOLITA,autoservicio servitodo thaliana,2300,1002,GLOFER DISTRIBUCIONES
2777,Local 1,7702914603485,7702914603485,Ponque Ramo Individual x8,dulceria,9000,1,FELINI DISTRIBUCIONES
2778,Local 1,7705326559333,7705326559333,ponque tradicional naranja x 180 g,CATEGORIA ESTANDAR,5800,4,GUADALUPE ARDICOLL
2779,Local 1,7702914594462,7702914594462,ponque tradicional ramo x 230 g,dulceria,7200,13,RAMO .
2780,Local 1,7705326075963,7705326075963,ponque vainilla y choocolate bimbo x 220 g,abarrotes,6300,3,BIMBO DISTRIVENTAS DEL SUR
2781,Local 1,7705326090560,7705326090560,Ponque Vino Guadalupe,CATEGORIA ESTANDAR,10800,1,CAROLINA DE GARZON SOCIEDAD DEPOSITO CAROLINA
2782,Local 1,7705326077042,7705326077042,Ponque Vino x4 porciones 260gr,autoservicio servitodo thaliana,13800,1,BIMBO DISTRIVENTAS DEL SUR
2783,Local 1,7702432071759,7702432071759,Ponquecitos comapan x2,CATEGORIA ESTANDAR,1900,3,GLOFER DISTRIBUCIONES
2784,Local 1,7702004025807,7702004025807,Pony GO 1.5L,bebidas,6000,80,BAVARIA DISTRIBUCIONES
2785,Local 1,7702004025890,7702004025890,Pony GO 2L,bebidas,7500,99,BAVARIA DISTRIBUCIONES
2786,Local 1,7702004025791,7702004025791,Pony go mini x6,CATEGORIA ESTANDAR,9300,2,CAROLINA DE GARZON SOCIEDAD DEPOSITO CAROLINA
2787,Local 1,7702004013842,7702004013842,pony malta 1 litro,bebidas,4700,17,BAVARIA DISTRIBUCIONES
2788,Local 1,7702004013668,7702004013668,pony malta 200 ml,bebidas,2000,877,BAVARIA DISTRIBUCIONES
2789,Local 1,7702004013484,7702004013484,pony malta 330 ml,bebidas,3000,896,BAVARIA DISTRIBUCIONES
2790,Local 1,7702004025784,7702004025784,Pony Malta go 200cm3,CATEGORIA ESTANDAR,2000,1,CAROLINA DE GARZON SOCIEDAD DEPOSITO CAROLINA
2791,Local 1,7702004013378,7702004013378,Pony malta lata,CATEGORIA ESTANDAR,3000,7,CAROLINA DE GARZON SOCIEDAD DEPOSITO CAROLINA
2792,Local 1,7702004013514,7702004013514,pony malta x 1.5 ltro,bebidas,7000,91,BAVARIA DISTRIBUCIONES
2793,Local 1,7702004025036,7702004025036,pony malta x 2 l,bebidas,7500,6,InterPOS
2794,Local 1,7702354939694,7702354939694,"popetas caramelo - queso x 44,4 g",dulceria,2200,76,DISTRICUELLAR DISTRIBUCIONES CUELLAR
2795,Local 1,7702354939700,7702354939700,"popetas caramelo mantequilla x 37,7 g",aseo,2200,10,DISTRICUELLAR DISTRIBUCIONES CUELLAR
2796,Local 1,7702354934316,7702354934316,popetas caramelo x 165.1 g,dulceria,5500,91,DISTRICUELLAR DISTRIBUCIONES CUELLAR
2797,Local 1,7702354934255,7702354934255,"popetas con caramelo x 44,4 g",dulceria,2200,94,DISTRICUELLAR DISTRIBUCIONES CUELLAR
2798,Local 1,7702354953638,7702354953638,Popetas Dulce Saladitas,CATEGORIA ESTANDAR,5000,2,CAROLINA DE GARZON SOCIEDAD DEPOSITO CAROLINA
2799,Local 1,7702354953652,7702354953652,Popetas dulce saladitas,CATEGORIA ESTANDAR,2000,4,DISTRICUELLAR DISTRIBUCIONES CUELLAR
2800,Local 1,7702354939649,7702354939649,"popetas mix caramelo - queso x 121,2 g",CATEGORIA ESTANDAR,5000,5,DISTRICUELLAR DISTRIBUCIONES CUELLAR
2801,Local 1,7702354939656,7702354939656,"popetas mix caramelo-mantequilla x 118,8 g",CATEGORIA ESTANDAR,5000,5,DISTRICUELLAR DISTRIBUCIONES CUELLAR
2802,Local 1,154,7702354939618,popetas*6,CATEGORIA ESTANDAR,11800,0,COMESTIBLES LABOYANA
2803,Local 1,123456789012,123456789012,portacomida icopor j1,CATEGORIA ESTANDAR,600,0,ALPINA .
2804,Local 1,7702870002728,7702870002728,post day 0.75 mg,medicamentos,10800,4,TECNOVENTAS DISTRIBUCIONES
2805,Local 1,7702090022728,7702090022728,Postobon manzana 3.125,bebidas,7000,36,CAROLINA DE GARZON SOCIEDAD DEPOSITO CAROLINA
2806,Local 1,202,202,poten max sex 550 ml,medicamentos,40000,2,MD DISTRIBUCIONES
2807,Local 1,4005800041495,4005800041495,preservativo duo x 3,medicamentos,5200,0,ALPINA .
2808,Local 1,7709703686933,7709703686933,preservativo sex caja x3,medicamentos,2600,99,ALPINA .
2809,Local 1,8801038562445,8801038562445,Prestobarba Dorco economica,aseo,800,7,DISTRIVENTAS DEL HUILA
2810,Local 1,7500435157476,7500435157476,prestobarba gillette ultragrip,aseo,3000,10,UNIMASIVOS .
2811,Local 1,7502214731303,7502214731303,Prestobarba Schick Exacta 2 Rosada,aseo,2200,3,TECNOVENTAS DISTRIBUCIONES
2812,Local 1,7591066701015,7591066701015,prestobarba schick xtreme3,abarrotes,3700,2,TECNOVENTAS DISTRIBUCIONES
2813,Local 1,7702018072439,7702018072439,Prestobarba Venus aloe vera,aseo,4200,86,CAROLINA DE GARZON SOCIEDAD DEPOSITO CAROLINA
2814,Local 1,444554,444554,Productos naturales,medicamentos,0,98,CAROLINA DE GARZON SOCIEDAD DEPOSITO CAROLINA
2815,Local 1,7702130613305,7702130613305,Proleche Arequipe Parmalat 150g,lacteos,5600,1,PARMALAT .
2816,Local 1,7702130614425,7702130614425,proleche Arequipe Parmalat x220g,lacteos,6800,1,PARMALAT .
2817,Local 1,7702130613633,7702130613633,proleche arequipe x 50 g,dulceria,2000,86,BIMBO DISTRIVENTAS DEL SUR
2818,Local 1,7702130111009,7702130111009,Proleche Entera  en polvo 200g,CATEGORIA ESTANDAR,9200,0,DISTRIALDANA .
2819,Local 1,7702130615880,7702130615880,Proleche ristra 25g 1porcion,lacteos,1300,9,DISTRIALDANA .
2820,Local 1,7702084137605,7702084137605,Promasa amarilla kl,CATEGORIA ESTANDAR,3900,1,CAROLINA DE GARZON SOCIEDAD DEPOSITO CAROLINA
2821,Local 1,7702084137414,7702084137414,Promasa Blanca kl,CATEGORIA ESTANDAR,3900,4,COMESTIBLES LABOYANA
2822,Local 1,7702084127217,7702084127217,promasa blanca x 500 g,abarrotes,2600,37,CAROLINA DE GARZON SOCIEDAD DEPOSITO CAROLINA
2823,Local 1,7702084127309,7702084127309,promasa de maiz amarillo x 500 g,abarrotes,2700,39,CAROLINA DE GARZON SOCIEDAD DEPOSITO CAROLINA
2824,Local 1,7183812003421,7183812003421,Promo ropa color,CATEGORIA ESTANDAR,21000,1,DISTRIMARIO SAS
2825,Local 1,7709172863118,7709172863118,propolvik 20 gr,medicamentos,2000,18,TECNOVENTAS DISTRIBUCIONES
2826,Local 1,6950225101881,6950225101881,protectores anion x 30 unid,aseo,20000,10,HGW COLOMBIA
2827,Local 1,7702027434242,7702027434242,protectores diarios largos x 10 unidades,aseo,2000,12,DISTRIMARIO SAS
2828,Local 1,7702026159795,7702026159795,Protectores diarios largos x12,aseo,2400,29,DISTRIMARIO SAS
2829,Local 1,7702027444654,7702027444654,Protectores Diarios Nosotras Multiforma x150Und,aseo,18000,49,DISTRIMARIO SAS
2830,Local 1,7702027434020,7702027434020,protectores diarios nosotras x 15 unidades,aseo,1700,80,DISTRIMARIO SAS
2831,Local 1,7702027044199,7702027044199,protectores diarios nosotras x 150,aseo,16300,100,DISTRIMARIO SAS
2832,Local 1,7702010420337,7702010420337,Protex avena + prebiotico,aseo,3500,89,DISTRIMARIO SAS
2833,Local 1,7509546693552,7509546693552,protex avena+prebiotico x 110 g,aseo,3500,105,DISTRICUELLAR DISTRIBUCIONES CUELLAR
2834,Local 1,7509546680422,7509546680422,protex carbon detox x 110 g,aseo,3500,101,DISTRIMARIO SAS
2835,Local 1,7702010097966,7702010097966,protex duo protect  x  110 g,aseo,3500,1,DISTRICUELLAR DISTRIBUCIONES CUELLAR
2836,Local 1,7702010420849,7702010420849,Protex glicerina y omega,aseo,3500,0,DISTRIMARIO SAS
2837,Local 1,7702010420917,7702010420917,protex glicerina+macadamia x 110 g,aseo,3500,107,DISTRIMARIO SAS
2838,Local 1,7509546693569,7509546693569,protex glicerina+omega3 x 110 g,aseo,3500,5,DISTRICUELLAR DISTRIBUCIONES CUELLAR
2839,Local 1,7509546693521,7509546693521,protex glicerina+vitamina E x 110 g,aseo,3500,5,DISTRICUELLAR DISTRIBUCIONES CUELLAR
2840,Local 1,7702010420382,7702010420382,protex herbal x 110 g,aseo,3500,1,DISTRIMARIO SAS
2841,Local 1,7702010420467,7702010420467,protex limpieza profunda 110 gr,aseo,3500,100,DISTRIMARIO SAS
2842,Local 1,7509546693538,7509546693538,protex limpieza profunda x 110 g,aseo,3500,105,DISTRICUELLAR DISTRIBUCIONES CUELLAR
2843,Local 1,7702010420511,7702010420511,Protex nutri protect,CATEGORIA ESTANDAR,3500,103,DISTRIMARIO SAS
2844,Local 1,770198211,770198011,Pulpa  de Fruta  tripack Maracuya - mora - Fresa,frutas y verduras,3200,16,DISTRIMARCA HELADOS
2845,Local 1,280,280,Purace 125gr,CATEGORIA ESTANDAR,7500,5,CAROLINA DE GARZON SOCIEDAD DEPOSITO CAROLINA
2846,Local 1,281,281,Purace 250gr,CATEGORIA ESTANDAR,13500,5,CAROLINA DE GARZON SOCIEDAD DEPOSITO CAROLINA
2847,Local 1,2850,2850,Purace 500g,CATEGORIA ESTANDAR,25500,3,CAROLINA DE GARZON SOCIEDAD DEPOSITO CAROLINA
2848,Local 1,7702521105884,7702521105884,purina dog chow adultos. medianos y grandes 475 gr,carnicos,5700,-1,PROGRESAR NESTLE
2849,Local 1,7702521720469,7702521720469,purina dog chow nutricion reforzada 350 gr,carnicos,4500,80,PROGRESAR NESTLE
2850,Local 1,7702521501297,7702521501297,purina felix triple adultos,carnicos,3600,98,PROGRESAR NESTLE
2851,Local 1,7501072209801,7501072209801,purina liquida felix con atun x 85 g,abarrotes,3000,10,PROGRESAR NESTLE
2852,Local 1,7501072209788,7501072209788,purina liquida felix con carnex 85 g,abarrotes,3000,9,PROGRESAR NESTLE
2853,Local 1,7501072209849,7501072209849,purina liquida felix con salmon x 85 g,abarrotes,3100,0,PROGRESAR NESTLE
2854,Local 1,7702191163757,7702191163757,Puro fuerza azul 215g,CATEGORIA ESTANDAR,2800,10,CAROLINA DE GARZON SOCIEDAD DEPOSITO CAROLINA
2855,Local 1,7702193103102,7702193103102,quaker avena molida x 400 g,abarrotes,5700,45,DISTRICUELLAR DISTRIBUCIONES CUELLAR
2856,Local 1,7702189035141,7702189035141,Quaker flotadas fresa x und,dulceria,1700,99,CAROLINA DE GARZON SOCIEDAD DEPOSITO CAROLINA
2857,Local 1,7702189053312,7702189053312,Quaker pasas y chia xund,dulceria,1600,97,COLOMBINA DISTRIBUCIONES
2858,Local 1,7702535012079,7702535012079,quatro toronja x 400 ml,bebidas,2600,0,InterPOS
2859,Local 1,7702088214784,7702088214784,quesada clavos y canela x 200 g,abarrotes,8000,6,MD DISTRIBUCIONES
2860,Local 1,7702088215378,7702088215378,quesada clavos y canela x 25 g,abarrotes,1000,830,MD DISTRIBUCIONES
2861,Local 1,7702088214500,7702088214500,quesada clavos y canela x 400 g,abarrotes,14800,14,MD DISTRIBUCIONES
2862,Local 1,7702088214760,7702088214760,quesada tradicional x 200 g,abarrotes,8000,7,MD DISTRIBUCIONES
2863,Local 1,7702088214487,7702088214487,quesada tradicional x 400 g,abarrotes,14800,38,MD DISTRIBUCIONES
2864,Local 1,7702088215385,7702088215385,quesada tradicional x25 g,abarrotes,1000,8,MD DISTRIBUCIONES
2865,Local 1,7702088214777,7702088214777,quesada vainilla x 200 ml,abarrotes,8000,31,MD DISTRIBUCIONES
2866,Local 1,7702088215361,7702088215361,quesada vainilla x 25 g,abarrotes,1000,855,MD DISTRIBUCIONES
2867,Local 1,7702088214494,7702088214494,quesada vainilla x 400 g,abarrotes,14900,25,MD DISTRIBUCIONES
2868,Local 1,7702001012053,7702001012053,Queso Alpina Parmesano x 100g,CATEGORIA ESTANDAR,12500,1,ALPINA .
2869,Local 1,7702001011308,7702001011308,queso cremosino alpina x 200 g,lacteos,6700,1,ALPINA .
2870,Local 1,7700826000026,7700826000026,queso doble crema reyma 500 gr,lacteos,16000,82,REYMA QUESOS FABRICA
2871,Local 1,07709832264415,07709832264415,queso mi finca x 240 g,abarrotes,7500,4,COMESTIBLES LABOYANA
2872,Local 1,07709832264460,07709832264460,queso mi finca x 450 g,abarrotes,13200,4,COMESTIBLES LABOYANA
2873,Local 1,7702001012022,7702001012022,queso parmesano x 40 g,lacteos,6000,7,ALPINA .
2874,Local 1,7700826000293,7700826000293,queso reyma doble crema 125 gr,lacteos,4200,25,REYMA QUESOS FABRICA
2875,Local 1,7700826000057,7700826000057,queso reyma doble crema tajado 250 gr,lacteos,8400,39,REYMA QUESOS FABRICA
2876,Local 1,7700826000279,7700826000279,queso reyma doble crema x 250 g,lacteos,8400,96,REYMA QUESOS FABRICA
2877,Local 1,285,265,Queso tajado mi finca 450gr,autoservicio servitodo thaliana,12800,4,CAROLINA DE GARZON SOCIEDAD DEPOSITO CAROLINA
2878,Local 1,7700826000040,7700826000040,queso tajado reyma de500 mg,lacteos,16800,21,REYMA QUESOS FABRICA
2879,Local 1,605133417932,605133417932,Queso tajado san martin 200gr,autoservicio servitodo thaliana,6800,2,CAROLINA DE GARZON SOCIEDAD DEPOSITO CAROLINA
2880,Local 1,7702354930783,7702354930783,quipitos pop x 8 g,CATEGORIA ESTANDAR,700,16,DISTRICUELLAR DISTRIBUCIONES CUELLAR
2881,Local 1,7501032926175,7501032926175,Raid accion rapida,CATEGORIA ESTANDAR,15000,3,CAROLINA DE GARZON SOCIEDAD DEPOSITO CAROLINA
2882,Local 1,7501032926199,7501032926199,Raid mata cucaracha,CATEGORIA ESTANDAR,13800,2,CAROLINA DE GARZON SOCIEDAD DEPOSITO CAROLINA
2883,Local 1,7846545,02122,Ramito individual,dulceria,1200,99,CAROLINA DE GARZON SOCIEDAD DEPOSITO CAROLINA
2884,Local 1,7702914598842,7702914598842,ramito X2 ponque x 50 g,dulceria,2500,12,RAMO .
2885,Local 1,7702027435362,7702027435362,Rampon regular x 3,aseo,2600,100,CAROLINA DE GARZON SOCIEDAD DEPOSITO CAROLINA
2886,Local 1,7705326077837,7705326077837,rapiditas clasicas x 240 g,CATEGORIA ESTANDAR,7900,45,BIMBO DISTRIVENTAS DEL SUR
2887,Local 1,7708304268722,7708304268722,Rastrillo 22 Dientes Andecol,aseo,9800,100,PLASTICO SURCOLOMBIANO
2888,Local 1,7702532863155,7702532863155,Rayol voladores,aseo,14000,98,CAROLINA DE GARZON SOCIEDAD DEPOSITO CAROLINA
2889,Local 1,21,21,recogedor con banda,aseo,5400,3,PLASTICO SURCOLOMBIANO
2890,Local 1,7708304268067,7708304268067,Recogedor con banda andecol,aseo,5500,0,PLASTICO SURCOLOMBIANO
2891,Local 1,78,78,recogedor sin banda,aseo,4000,10,PLASTICO SURCOLOMBIANO
2892,Local 1,7709984214269,7709984214269,Recogedor Standard especial sin banda,aseo,4000,0,PLASTICO SURCOLOMBIANO
2893,Local 1,7709984214252,7709984214252,Recogedor Standart,abarrotes,4500,19,PLASTICO SURCOLOMBIANO
2894,Local 1,20,20,recojedor sencillo,aseo,4000,1,PLASTICO SURCOLOMBIANO
2895,Local 1,7707233050590,7707233050590,Recolector muestra,aseo,500,87,CAROLINA DE GARZON SOCIEDAD DEPOSITO CAROLINA
2896,Local 1,7702004011565,7702004011565,Red Rose,CATEGORIA ESTANDAR,4000,65,CAROLINA DE GARZON SOCIEDAD DEPOSITO CAROLINA
2897,Local 1,7702004011183,7702004011183,REDDS Citrus,bebidas,3500,89,BAVARIA DISTRIBUCIONES
2898,Local 1,7707430875682,7707430875682,refajo andina x 1500 ml,bebidas,7000,2,InterPOS
2899,Local 1,7707430879130,7707430879130,Refajo x6,CATEGORIA ESTANDAR,18000,4,CAROLINA DE GARZON SOCIEDAD DEPOSITO CAROLINA
2900,Local 1,7703812101202,7703812101202,refisal alta pureza x 1 kg,abarrotes,3000,11,CAROLINA DE GARZON SOCIEDAD DEPOSITO CAROLINA
2901,Local 1,7703812004862,7703812004862,refisal alta pureza x 130 g,abarrotes,1400,88,DISTRICUELLAR DISTRIBUCIONES CUELLAR
2902,Local 1,7703812101103,7703812101103,refisal alta pureza x 500 g,abarrotes,1600,37,CAROLINA DE GARZON SOCIEDAD DEPOSITO CAROLINA
2903,Local 1,7703812002295,7703812002295,refisal alta pureza x 500 g,abarrotes,3400,2,DISTRICUELLAR DISTRIBUCIONES CUELLAR
2904,Local 1,7703812012935,7703812012935,refisal marina x 110 g,abarrotes,1900,3,DISTRICUELLAR DISTRIBUCIONES CUELLAR
2905,Local 1,7703812007542,7703812007542,refisal marina x 400 gr,abarrotes,2300,15,INVERSIONES GUTIERREZ EQCO
2906,Local 1,7703812013697,7703812013697,refisal parrillera x 454 g,abarrotes,8700,1,DISTRICUELLAR DISTRIBUCIONES CUELLAR
2907,Local 1,7703812414500,7703812414500,Refisal sal limon,autoservicio servitodo thaliana,4700,100,CAROLINA DE GARZON SOCIEDAD DEPOSITO CAROLINA
2908,Local 1,7703812409742,7703812409742,refisal sales para michelar x 102 g,abarrotes,10200,2,DISTRICUELLAR DISTRIBUCIONES CUELLAR
2909,Local 1,7702001049103,7702001049103,Regeneris Melocoton,lacteos,3800,1,CAROLINA DE GARZON SOCIEDAD DEPOSITO CAROLINA
2910,Local 1,7702001049707,7702001049707,Regeneris Pitaya,CATEGORIA ESTANDAR,3700,4,ALPINA .
2911,Local 1,7702001049097,7702001049097,regeneris sabor a fresa x 150 g,lacteos,3800,1,ALPINA .
2912,Local 1,74521,215411,Regla best,CATEGORIA ESTANDAR,1000,100,CAROLINA DE GARZON SOCIEDAD DEPOSITO CAROLINA
2913,Local 1,7702215130307,7702215130307,REMOVEDOR LANDER,CATEGORIA ESTANDAR,6400,2,DISTRIVENTAS DEL HUILA
2914,Local 1,03,03,resfrygrip plus capsula,aseo,700,20,PLASTICO SURCOLOMBIANO
2915,Local 1,7702993032732,7702993032732,revolcon hiper acido caramelo x 50 und,CATEGORIA ESTANDAR,8000,1,DISTRICUELLAR DISTRIBUCIONES CUELLAR
2916,Local 1,7702993028414,7702993028414,revolcon hiper acido chicle x 50 und,CATEGORIA ESTANDAR,9400,1,DISTRICUELLAR DISTRIBUCIONES CUELLAR
2917,Local 1,300,300,revolcon hiperacido x unidad,dulceria,300,75,COLOMBINA DISTRIBUCIONES
2918,Local 1,7702006404358,7702006404358,Rexona 300gr + 85gr,CATEGORIA ESTANDAR,30500,0,DISTRICUELLAR DISTRIBUCIONES CUELLAR
2919,Local 1,7702006405690,7702006405690,rexona antibacterial x 110 g,aseo,3200,99,DISTRICUELLAR DISTRIBUCIONES CUELLAR
2920,Local 1,7702006405669,7702006405669,rexona avena x 110 g,aseo,3200,94,DISTRICUELLAR DISTRIBUCIONES CUELLAR
2921,Local 1,78924222,78924222,REXONA BAMBOO Y ALOE VERA X30ML,aseo,4200,103,UNIMASIVOS .
2922,Local 1,7702006302081,7702006302081,rexona bamboo y aloe x 110 g,aseo,3200,101,DISTRICUELLAR DISTRIBUCIONES CUELLAR
2923,Local 1,7506306214989,7506306214989,REXONA CLINICAL AEROSOL CLASSIC,aseo,21800,200,CAROLINA DE GARZON SOCIEDAD DEPOSITO CAROLINA
2924,Local 1,7702006205542,7702006205542,"rexona clinical men x 8,5 g",aseo,1300,19,DISTRIMARIO SAS
2925,Local 1,7702006206815,7702006206815,rexona clinical x 30 g,aseo,4000,89,UNIMASIVOS .
2926,Local 1,7702006205535,7702006205535,"rexona clinical x 8,5 g",aseo,1300,22,DISTRIMARIO SAS
2927,Local 1,78930841,78930841,rexona deo rollon  x 30 ml,aseo,4000,95,UNIMASIVOS .
2928,Local 1,7702006301442,7702006301442,rexona efficient x 55 g,aseo,8200,8,UNIMASIVOS .
2929,Local 1,7702006206808,7702006206808,rexona men clinical x 30 g,aseo,4000,82,UNIMASIVOS .
2930,Local 1,7702006205511,7702006205511,"rexona men x 8,5 g",aseo,1200,19,DISTRIMARIO SAS
2931,Local 1,7791293022567,7791293022567,rexona v8 x150Ml -89g,aseo,16600,102,UNIMASIVOS .
2932,Local 1,7700826000927,7700826000927,reyma arequipe x 200 g,CATEGORIA ESTANDAR,6000,8,REYMA QUESOS FABRICA
2933,Local 1,7700826000910,7700826000910,reyma arequipe x 400 g,CATEGORIA ESTANDAR,8500,2,REYMA QUESOS FABRICA
2934,Local 1,7702398007212,7702398007212,rica salchicha viena  x 7 unidades,carnicos,5000,95,DISTRIMARIO SAS
2935,Local 1,7702993046586,7702993046586,Ricato Caramelo,dulceria,9000,50,INVERSIONES GUTIERREZ EQCO
2936,Local 1,748961,14663,Ricato caramelo por und,dulceria,300,94,COLOMBINA DISTRIBUCIONES
2937,Local 1,7702193149322,7702193149322,ricavena quaker x 180 g,abarrotes,4800,1,MD DISTRIBUCIONES
2938,Local 1,7702193149339,7702193149339,ricavena quaker x 55 g,abarrotes,2000,46,MD DISTRIBUCIONES
2939,Local 1,7704097325864,7704097325864,riconglisto maiz dulce 1000 gr,frutas y verduras,9000,9,DISTRIMARCA HELADOS
2940,Local 1,7702024773290,7702024773290,ricontodo maggi x 9 g,abarrotes,500,110,PROGRESAR NESTLE
2941,Local 1,7702354949556,7702354949556,ricostilla pastilla,CATEGORIA ESTANDAR,500,50,DISTRIMARIO SAS
2942,Local 1,7702354949525,7702354949525,ricostilla x 12 cubos,abarrotes,5300,8,PROGRESAR NESTLE
2943,Local 1,7702354949518,7702354949518,ricostilla x 8 cubos,abarrotes,3700,47,PROGRESAR NESTLE
2944,Local 1,7702354949549,7702354949549,Ricostilla x24,abarrotes,10300,8,DISTRICUELLAR DISTRIBUCIONES CUELLAR
2945,Local 1,7708773299340,7708773299340,Ricostumbres Natilla arequipe,CATEGORIA ESTANDAR,3200,8,COLOMBINA DISTRIBUCIONES
2946,Local 1,7707345597037,7707345597037,Ricostumbres natilla Maracuya,CATEGORIA ESTANDAR,4800,8,COLOMBINA DISTRIBUCIONES
2947,Local 1,7708773299678,7708773299678,Ricostumbres Natilla Tradicional,CATEGORIA ESTANDAR,3200,8,COLOMBINA DISTRIBUCIONES
2948,Local 1,7702152008066,7702152008066,Riquillas crocantes 15g,CATEGORIA ESTANDAR,2000,4,GLOFER DISTRIBUCIONES
2949,Local 1,7622201390167,7622201390167,Ritz,CATEGORIA ESTANDAR,900,5,CAROLINA DE GARZON SOCIEDAD DEPOSITO CAROLINA
2950,Local 1,7622201389895,7622201389895,Ritz queso und,dulceria,1700,85,CAROLINA DE GARZON SOCIEDAD DEPOSITO CAROLINA
2951,Local 1,7703133013444,7703133013444,rizada de pollo x 36 g,CATEGORIA ESTANDAR,2100,6,MARGARITA DISTRIBUCIONES CUEVAS
2952,Local 1,7703133081672,7703133081672,rizadas limon 25 gr,dulceria,2000,10,DISTRIMARCA HELADOS
2953,Local 1,7703133013406,7703133013406,Rizadas mayonesa,autoservicio servitodo thaliana,2200,98,CAROLINA DE GARZON SOCIEDAD DEPOSITO CAROLINA
2954,Local 1,7703133081696,7703133081696,rizadas mayonesa 25 gr,dulceria,2000,10,DISTRIMARCA HELADOS
2955,Local 1,7703133081658,7703133081658,rizadas pollo 25 gr,dulceria,2000,10,DISTRIMARCA HELADOS
2956,Local 1,7703133081634,7703133081634,rizadas yupy sabor original,dulceria,2000,10,DISTRIMARCA HELADOS
2957,Local 1,7707199348380,7707199348380,ROLLO P.H. ELITE DUO,aseo,2400,52,DISTRICUELLAR DISTRIBUCIONES CUELLAR
2958,Local 1,10135,10135,Rompe Quistes Plus jarabe x500ml,CATEGORIA ESTANDAR,40000,3,HGW COLOMBIA
2959,Local 1,659525539474,659525539474,Ron con pasas marthica,lacteos,3600,13,CAROLINA DE GARZON SOCIEDAD DEPOSITO CAROLINA
2960,Local 1,7703812003421,7703812003421,Ropa color 2l + 1l,CATEGORIA ESTANDAR,21000,1,DISTRIMARIO SAS
2961,Local 1,7702120014136,7702120014136,Rosal x unidad,aseo,2200,37,MD DISTRIBUCIONES
2962,Local 1,275,275,rosca de yuca,CATEGORIA ESTANDAR,1200,12,COMESTIBLES LABOYANA
2963,Local 1,7709906089654,7709906089654,Roscas acacias x170gr,autoservicio servitodo thaliana,12000,99,CAROLINA DE GARZON SOCIEDAD DEPOSITO CAROLINA
2964,Local 1,7709906089661,7709906089661,roscas de maiz las acacias x 30 g,abarrotes,1700,95,FELINI DISTRIBUCIONES
2965,Local 1,7709906089685,7709906089685,roscas de maiz las acaciasx 60 g,abarrotes,3000,83,FELINI DISTRIBUCIONES
2966,Local 1,15,15,roscas de yuca x 17 g,abarrotes,1200,6,COMESTIBLES LABOYANA
2967,Local 1,7707290710017,7707290710017,Rosquitas caseritas,CATEGORIA ESTANDAR,1700,94,CAROLINA DE GARZON SOCIEDAD DEPOSITO CAROLINA
2968,Local 1,7700634004827,7700634004827,Rulizz Papa de pollo,CATEGORIA ESTANDAR,1500,3,COMESTIBLES LABOYANA
2969,Local 1,7700634004728,7700634004728,Rulizz papas de Limon,CATEGORIA ESTANDAR,1500,5,COMESTIBLES LABOYANA
2970,Local 1,7700634005206,7700634005206,Rulizz Papas de Mayonesa,CATEGORIA ESTANDAR,1500,4,COMESTIBLES LABOYANA
2971,Local 1,7700634005145,7700634005145,Rulizz papas hot chilli,CATEGORIA ESTANDAR,1500,5,COMESTIBLES LABOYANA
2972,Local 1,7702354955137,7702354955137,sabifru sabor a coco x 320 ml,bebidas,2300,7,InterPOS
2973,Local 1,7702354948078,7702354948078,sabifrut sabor a frutos rojos x320 ml,bebidas,2300,8,InterPOS
2974,Local 1,7702354948061,7702354948061,sabifrut sabor original x 320 ml,bebidas,2300,9,InterPOS
2975,Local 1,58,58,sabra  verde,aseo,600,89,DISTRIHOGAR B.B
2976,Local 1,59,59,sabra verde-amarillo,aseo,1000,92,DISTRIMARIO SAS
2977,Local 1,7702057840334,7702057840334,sal de frutas lua plus x 6 g,medicamentos,3600,47,DISTRIHOGAR B.B
2978,Local 1,770239,770,Salchicha Big Rica x unid,carnicos,2800,15,COMESTIBLES LABOYANA
2979,Local 1,7702398040165,7702398040165,salchicha big rica XL  x 1700 g,carnicos,3800,36,DISTRIVENTAS DEL HUILA
2980,Local 1,7702398040493,7702398040493,Salchicha big x11,CATEGORIA ESTANDAR,28500,1,CAROLINA DE GARZON SOCIEDAD DEPOSITO CAROLINA
2981,Local 1,7702398041100,7702398041100,salchicha manguera economica x 200 g,carnicos,1600,91,DISTRIVENTAS DEL HUILA
2982,Local 1,7702398040974,7702398040974,salchicha manguera rica x 360 g,carnicos,7700,91,DISTRIVENTAS DEL HUILA
2983,Local 1,7701101358818,7701101358818,Salchicha perro caliente x4 160g,autoservicio servitodo thaliana,5000,0,GLOFER DISTRIBUCIONES
2984,Local 1,7701101247266,7701101247266,Salchicha rancera x14,CATEGORIA ESTANDAR,27000,2,CAROLINA DE GARZON SOCIEDAD DEPOSITO CAROLINA
2985,Local 1,7701101247112,7701101247112,salchicha ranchera  x 75 g,carnicos,5300,20,DISTRIVENTAS DEL HUILA
2986,Local 1,7701101363508,7701101363508,Salchicha ranchera queso y tocineta,autoservicio servitodo thaliana,5000,1,REYMA QUESOS FABRICA
2987,Local 1,7701101358245,7701101358245,salchicha ranchera x 115 g pentapack,carnicos,7000,75,DISTRIVENTAS DEL HUILA
2988,Local 1,7702398041223,7702398041223,salchicha rica  3 UND x 63 g,carnicos,2300,994,DISTRIVENTAS DEL HUILA
2989,Local 1,7702398041209,7702398041209,salchicha rica  x 170 g,carnicos,3800,12,DISTRIVENTAS DEL HUILA
2990,Local 1,7702398041216,7702398041216,salchicha rica x 340 g,carnicos,8000,92,DISTRIVENTAS DEL HUILA
2991,Local 1,7707049402101,7707049402101,Salchicha sevilla x12u,CATEGORIA ESTANDAR,12000,2,CAROLINA DE GARZON SOCIEDAD DEPOSITO CAROLINA
2992,Local 1,7701101357941,7701101357941,salchicha tradicional zenu pentapack 170 gr,carnicos,7000,6,DISTRIVENTAS DEL HUILA
2993,Local 1,7701101357927,7701101357927,salchicha tradicional zenu x 102 g,carnicos,4400,81,DISTRIVENTAS DEL HUILA
2994,Local 1,7701101245873,7701101245873,Salchicha Zenu Super perro 160g,carnicos,7300,47,BIMBO DISTRIVENTAS DEL SUR
2995,Local 1,7707289220169,7707289220169,salchichon cervecero mixto-res-cerdo-ahumado x 900 g,abarrotes,8000,64,ALVARO MUÑOZ
2996,Local 1,7701101357415,7701101357415,Salchichon cervecero Rica 950g 19 Pociones,carnicos,17500,9,RIVIERA DISTRIBUCIONES
2997,Local 1,7501101359712,7701101357712,salchichon cervecero snack x 50 g,carnicos,2800,72,DISTRIVENTAS DEL HUILA
2998,Local 1,7701101362402,7701101362402,Salchichon Cerveroni 40g,CATEGORIA ESTANDAR,1600,57,DISTRIVENTAS DEL HUILA
2999,Local 1,7701101357392,7701101357392,salchichon cerveroni estandar x 500nl,carnicos,17000,94,DISTRIVENTAS DEL HUILA
3000,Local 1,7707289220091,7707289220091,salchichon de pollo x 900 g,carnicos,8000,25,ALPINA .
3001,Local 1,7701101250396,7701101250396,salchichón zenu 225gr,carnicos,5300,3,ALPINA .
3002,Local 1,7701101360132,7701101360132,salchichon zenu collarin x 100 g,carnicos,2500,93,DISTRIVENTAS DEL HUILA
3003,Local 1,7701101250426,7701101250426,salchichon zenu x 100 g,carnicos,3000,32,DISTRIVENTAS DEL HUILA
3004,Local 1,7701101250211,7701101250211,salcichon de pollo zenu x 250 g,carnicos,6000,3,ALPINA .
3005,Local 1,7709162035556,7709162035556,Salsa  Rosada 500mg,CATEGORIA ESTANDAR,5400,10,DISTRIALDANA .
3006,Local 1,7707385973815,7707385973815,Salsa BBQ Differ,CATEGORIA ESTANDAR,4100,1,CAROLINA DE GARZON SOCIEDAD DEPOSITO CAROLINA
3007,Local 1,7709162035525,7709162035525,Salsa BBQ Tropico 500cm,autoservicio servitodo thaliana,4000,7,COLOMBINA DISTRIBUCIONES
3008,Local 1,7709402221626,7709402221626,salsa BBQ x 200 g,abarrotes,2300,0,COMESTIBLES LABOYANA
3009,Local 1,7702024014911,7702024014911,salsa bechamel x 50 g,abarrotes,5200,8,InterPOS
3010,Local 1,7702024026785,7702024026785,salsa bolognesa x 50 g,abarrotes,4900,3,PROGRESAR NESTLE
3011,Local 1,7702024015345,7702024015345,salsa carbonara x 50 g,abarrotes,4900,4,PROGRESAR NESTLE
3012,Local 1,7709365429039,7709365429039,Salsa Carnes del tropico x170cm,CATEGORIA ESTANDAR,4700,20,COMESTIBLES LABOYANA
3013,Local 1,7709051738537,7709051738537,salsa china gavius x 170 cm,abarrotes,2800,2,DISTRIMARIO SAS
3014,Local 1,7702097148612,7702097148612,Salsa Con Mostaza 190gr,abarrotes,6400,100,CAROLINA DE GARZON SOCIEDAD DEPOSITO CAROLINA
3015,Local 1,7709052468129,7709052468129,salsa con pasta de ajo 250g,autoservicio servitodo thaliana,2600,2,DISTRIMARCA HELADOS
3016,Local 1,7709585951853,7709585951853,salsa de aji picante del tropico x170cm,CATEGORIA ESTANDAR,2400,6,COMESTIBLES LABOYANA
3017,Local 1,7702175160161,7702175160161,salsa de ajo el rey x 98 g,abarrotes,2000,1,DISTRIALDANA .
3018,Local 1,7702402059329,7702402059329,Salsa de Chocolate Corona,dulceria,12000,10,GERDY DISTRIBUCIONES
3019,Local 1,7709365429053,7709365429053,Salsa de humo,CATEGORIA ESTANDAR,2900,5,COMESTIBLES LABOYANA
3020,Local 1,7702439001087,7702439001087,SALSA DE MAYONESA BARY 1000 G,abarrotes,15400,2,InterPOS
3021,Local 1,7702047141397,7702047141397,salsa de mayonesa fruco x 80 ml,abarrotes,2000,12,UNIMASIVOS .
3022,Local 1,7709162035532,7709162035532,salsa de mostaza gavius x 200 g,abarrotes,2000,1,COMESTIBLES LABOYANA
3023,Local 1,7709365429077,7709365429077,Salsa de soya 170cm,autoservicio servitodo thaliana,3000,0,COMESTIBLES LABOYANA
3024,Local 1,7702175160147,7702175160147,salsa de soya el rey x 95 ml,abarrotes,2000,2,DISTRIALDANA .
3025,Local 1,7702097138736,7702097138736,salsa de soya la constancia x 100 ml,abarrotes,2200,100,COLOMBINA DISTRIBUCIONES
3026,Local 1,7702097172501,7702097172501,Salsa de tomate 120gr,autoservicio servitodo thaliana,2000,92,CAROLINA DE GARZON SOCIEDAD DEPOSITO CAROLINA
3027,Local 1,7702047141021,7702047141021,Salsa de tomate 80g,CATEGORIA ESTANDAR,1800,3,DISTRICUELLAR DISTRIBUCIONES CUELLAR
3028,Local 1,7702439281830,7702439281830,Salsa de tomate bary 150g,CATEGORIA ESTANDAR,2800,6,MD DISTRIBUCIONES
3029,Local 1,7702439001070,7702439001070,SALSA DE TOMATE BARY DE 100 GR,abarrotes,14600,1,InterPOS
3030,Local 1,7707385979459,7707385979459,Salsa de tomate differ,CATEGORIA ESTANDAR,3000,2,CAROLINA DE GARZON SOCIEDAD DEPOSITO CAROLINA
3031,Local 1,7702047194676,7702047194676,Salsa de tomate fruco 120gr,CATEGORIA ESTANDAR,2500,31,CAROLINA DE GARZON SOCIEDAD DEPOSITO CAROLINA
3032,Local 1,7702047141373,7702047141373,salsa de tomate fruco x 80 gr,abarrotes,2000,12,UNIMASIVOS .
3033,Local 1,7709890530286,7709890530286,Salsa de tomate gavius 500g,CATEGORIA ESTANDAR,3700,97,CAROLINA DE GARZON SOCIEDAD DEPOSITO CAROLINA
3034,Local 1,7708952685216,7708952685216,salsa de tomate gavius x 200 g,abarrotes,2100,1,COMESTIBLES LABOYANA
3035,Local 1,7702097032751,7702097032751,salsa de tomate la constancia x 400g,abarrotes,9000,1,COLOMBINA DISTRIBUCIONES
3036,Local 1,7709365429084,7709365429084,salsa inglesa70 cm,abarrotes,2700,2,ALVARO MUÑOZ
3037,Local 1,7702097172518,7702097172518,Salsa mayonesa 120g,abarrotes,2000,3,COLOMBINA DISTRIBUCIONES
3038,Local 1,7709890530255,7709890530255,Salsa mayonesa del tropico x 500g,CATEGORIA ESTANDAR,5800,7,GERDY DISTRIBUCIONES
3039,Local 1,7707385977165,7707385977165,Salsa mayonesa Differ,CATEGORIA ESTANDAR,3900,1,CAROLINA DE GARZON SOCIEDAD DEPOSITO CAROLINA
3040,Local 1,7708919428412,7708919428412,salsa mayonesa gavius x 200 g,abarrotes,3100,0,COMESTIBLES LABOYANA
3041,Local 1,7709162035501,7709162035501,Salsa mostaza tropico x500g,CATEGORIA ESTANDAR,2800,8,GERDY DISTRIBUCIONES
3042,Local 1,7709162035549,7709162035549,SALSA NEGRA DEL TROPICO X170CM,CATEGORIA ESTANDAR,2900,4,COMESTIBLES LABOYANA
3043,Local 1,7702175160154,7702175160154,salsa negra el rey x 95 ml,abarrotes,2000,2,DISTRIALDANA .
3044,Local 1,7702047129913770204,7702047129913,Salsa Negra Fruko x155ml,autoservicio servitodo thaliana,7600,2,UNIMASIVOS .
3045,Local 1,7702097138743,7702097138743,salsa negra la constancia x 100 ml,abarrotes,2000,96,COLOMBINA DISTRIBUCIONES
3046,Local 1,7709585951846,7709585951846,Salsa para carnes gavius 500,autoservicio servitodo thaliana,4500,49,DISTRIALDANA .
3047,Local 1,7702097069412,7702097069412,salsa para carnes la constancia x 110 g,abarrotes,2200,101,COLOMBINA DISTRIBUCIONES
3048,Local 1,7702175157024,7702175157024,salsa para preparar carnes x 95 ml,abarrotes,2000,1,DISTRIALDANA .
3049,Local 1,7702097036438,7702097036438,Salsa rosada 380gr,CATEGORIA ESTANDAR,13000,2,COLOMBINA DISTRIBUCIONES
3050,Local 1,7702047041239,7702047041239,Salsa rosada 80g,CATEGORIA ESTANDAR,2600,14,DISTRICUELLAR DISTRIBUCIONES CUELLAR
3051,Local 1,7707385977578,7707385977578,Salsa rosada Differ,CATEGORIA ESTANDAR,4000,1,CAROLINA DE GARZON SOCIEDAD DEPOSITO CAROLINA
3052,Local 1,7702097205162,7702097205162,Salsa sabor a chocolate,dulceria,12000,18,COLOMBINA DISTRIBUCIONES
3053,Local 1,7709585951822,7709585951822,Salsa Soya 500cm,abarrotes,3900,9,COLOMBINA DISTRIBUCIONES
3054,Local 1,7702097148650,7702097148650,SALSA TARTARA LA CONSTANCIA X80G,CATEGORIA ESTANDAR,2100,8,COLOMBINA DISTRIBUCIONES
3055,Local 1,7702175111262,7702175111262,Salsina Rey 55g,autoservicio servitodo thaliana,3000,7,DISTRIALDANA .
3056,Local 1,7702025151790,7702025151790,Saltin noel doble crema,CATEGORIA ESTANDAR,700,7,CAROLINA DE GARZON SOCIEDAD DEPOSITO CAROLINA
3057,Local 1,7702025189243,7702025189243,Saltin Noel Integral x3Tacos,autoservicio servitodo thaliana,9600,8,GERDY DISTRIBUCIONES
3058,Local 1,7702025149711,7702025149711,saltin noel queso mantequilla x 225 g,abarrotes,6000,100,GERDY DISTRIBUCIONES
3059,Local 1,7702025148110,7702025148110,saltin noel queso mantequilla x 3 tacos,abarrotes,9100,95,GERDY DISTRIBUCIONES
3060,Local 1,7702025139965,7702025139965,saltin noel queso y mantequilla x 133 g,abarrotes,3200,76,GERDY DISTRIBUCIONES
3061,Local 1,7702025113217,7702025113217,Saltin noel tipo leche,CATEGORIA ESTANDAR,500,15,CAROLINA DE GARZON SOCIEDAD DEPOSITO CAROLINA
3062,Local 1,7702025150748,7702025150748,saltin noel x 1 taco,abarrotes,2200,33,GERDY DISTRIBUCIONES
3063,Local 1,7702025132652,7702025132652,saltin noel x 6 tacos,abarrotes,10400,43,GERDY DISTRIBUCIONES
3064,Local 1,7702025150946,7702025150946,Saltin x2 menos sodio,CATEGORIA ESTANDAR,4700,40,CAROLINA DE GARZON SOCIEDAD DEPOSITO CAROLINA
3065,Local 1,7702014316674,7702014316674,san jorge salsa de ajo x 100 g,abarrotes,5200,3,COLOMBINA DISTRIBUCIONES
3066,Local 1,7702020040440,7702020040440,san remo concha x 200 g,abarrotes,1000,918,DISTRIMARIO SAS
3067,Local 1,7702020040464,7702020040464,san remo corbata x 200 g,abarrotes,1000,948,DISTRIMARIO SAS
3068,Local 1,7702020040433,7702020040433,san remo fideo x 200 g,abarrotes,1000,30,DISTRIMARIO SAS
3069,Local 1,7702020040471,7702020040471,san remo spaghetti x 200 g,abarrotes,1000,36,DISTRIMARIO SAS
3070,Local 1,7702626218342,7702626218342,sanpic aroma lavanda  x 200 ml,aseo,2000,1,DISTRIMARIO SAS
3071,Local 1,7702626219240,7702626219240,sanpic aroma vainilla x 200 ml,aseo,2000,1,DISTRIMARIO SAS
3072,Local 1,7862129151307,7862129151307,Sardina Costarica Ovalada 425gr,carnicos,7600,93,MD DISTRIBUCIONES
3073,Local 1,7862119505806,7862119505806,sardina tinapa costaricax 155 gr,abarrotes,4000,7,ALPINA .
3074,Local 1,7702910099763,7702910099763,Sardinas Cilindrica La Soberana x425g,autoservicio servitodo thaliana,8600,2,DISTRIMARIO SAS
3075,Local 1,7702354946210,7702354946210,saviloe x 320 g,bebidas,2800,0,InterPOS
3076,Local 1,7702354946135,7702354946135,saviloe x 420 ml,bebidas,3500,100,DISTRICUELLAR DISTRIBUCIONES CUELLAR
3077,Local 1,7702006406499,7702006406499,SAVITAL ACONDICIONADOR AMINOACIDOS,CATEGORIA ESTANDAR,3500,2,DISTRICUELLAR DISTRIBUCIONES CUELLAR
3078,Local 1,7702006208369,7702006208369,savital acondicionador con multivitaminas  y sabila x 490 ml,aseo,19000,1,DISTRIMARIO SAS
3079,Local 1,7702006206020,7702006206020,Savital Acondicionador Multioleos y sabila 100ml,CATEGORIA ESTANDAR,3500,2,DISTRICUELLAR DISTRIBUCIONES CUELLAR
3080,Local 1,7702006202824,7702006202824,SAVITAL ACONDICIONADOR Multivitaminas x100ml,CATEGORIA ESTANDAR,3500,0,DISTRICUELLAR DISTRIBUCIONES CUELLAR
3081,Local 1,7702006207799,7702006207799,savital acondocionador fucion proteinas x 22 ml,aseo,1000,17,UNIMASIVOS .
3082,Local 1,7702006302135,7702006302135,Savital anti-caspa 500ml,aseo,20400,0,UNIMASIVOS .
3083,Local 1,7702006203982,7702006203982,Savital argan 25ml,CATEGORIA ESTANDAR,1100,13,DISTRICUELLAR DISTRIBUCIONES CUELLAR
3084,Local 1,7702191522684,7702191522684,Savital crecimiento abundante,CATEGORIA ESTANDAR,1500,5,CAROLINA DE GARZON SOCIEDAD DEPOSITO CAROLINA
3085,Local 1,7702191522295,7702191522295,Savital elixir de romero 510ml,aseo,18500,98,UNIMASIVOS .
3086,Local 1,7702006406444,7702006406444,Savital serum aminoacidos 510ml,aseo,19600,100,DISTRICUELLAR DISTRIBUCIONES CUELLAR
3087,Local 1,7702006653770,7702006653770,Savital shampoo Fusion de proteinas,CATEGORIA ESTANDAR,1100,10,CAROLINA DE GARZON SOCIEDAD DEPOSITO CAROLINA
3088,Local 1,206,206,saw-men,medicamentos,40000,2,MD DISTRIBUCIONES
3089,Local 1,179,7702175156799,Sazonarey,CATEGORIA ESTANDAR,1600,35,DISTRIALDANA .
3090,Local 1,7502214739620,7502214739620,schick 4 hojas women,aseo,4800,109,DISTRICUELLAR DISTRIBUCIONES CUELLAR
3091,Local 1,4891228530136,4891228530136,schick quattro 4 hojas,aseo,4800,6,DISTRIMARIO SAS
3092,Local 1,7702535010280,7702535010280,Schweppes,bebidas,2700,92,CAROLINA DE GARZON SOCIEDAD DEPOSITO CAROLINA
3093,Local 1,7702535010273,7702535010273,schweppes x 400 ml,bebidas,2500,6,InterPOS
3094,Local 1,7702425627635,7702425627635,scott 2 en 1 x 2 rollos jumbo,aseo,3000,5,ALPINA .
3095,Local 1,7702425190511,7702425190511,Scott cuidado completo,CATEGORIA ESTANDAR,2300,2,CAROLINA DE GARZON SOCIEDAD DEPOSITO CAROLINA
3096,Local 1,7702425485488,7702425485488,scott cuidado completo x 12 rollos,aseo,18300,7,DISTRICUELLAR DISTRIBUCIONES CUELLAR
3097,Local 1,7702425093416,7702425093416,scott rinde max x 1,aseo,1500,4,DISTRICUELLAR DISTRIBUCIONES CUELLAR
3098,Local 1,7702425730151,7702425730151,scott triple hoja x 12 rollos,aseo,15500,5,DISTRICUELLAR DISTRIBUCIONES CUELLAR
3099,Local 1,7702425977280,7702425977280,scott x 1,aseo,2000,11,DISTRICUELLAR DISTRIBUCIONES CUELLAR
3100,Local 1,7707247710015,7707247710015,seda dental 30 mtros,aseo,4500,6,DISTRIVENTAS DEL HUILA
3101,Local 1,7702006654326,7702006654326,Sedal Luminus UV,aseo,1200,10,UNIMASIVOS .
3102,Local 1,7702914602372,7702914602372,selecta frutos silvestres x 230 g,abarrotes,9800,4,RAMO .
3103,Local 1,7702914110501,7702914110501,selecta nueces del brasil x 230 g,abarrotes,10300,102,RAMO .
3104,Local 1,7702914594943,7702914594943,selecta trozos de chocolate x 230 g,dulceria,9800,94,RAMO .
3105,Local 1,7759185397278,7759185397278,servilleta elite practica x 100 und,aseo,1900,6,DISTRICUELLAR DISTRIBUCIONES CUELLAR
3106,Local 1,7702026020927,7702026020927,Servilleta familia dispensadora x150,CATEGORIA ESTANDAR,3000,33,DISTRIMARIO SAS
3107,Local 1,7702120014464,7702120014464,Servilleta Favorita 200,aseo,3500,95,MD DISTRIBUCIONES
3108,Local 1,7702120014303,7702120014303,servilleta la favorita x 30,aseo,5000,99,ALVARO MUÑOZ
3109,Local 1,7702518030328,7702518030328,Servilleta Popular 150,CATEGORIA ESTANDAR,2800,2,CAROLINA DE GARZON SOCIEDAD DEPOSITO CAROLINA
3110,Local 1,7702518030311,7702518030311,Servilleta popular 300,CATEGORIA ESTANDAR,5500,0,CAROLINA DE GARZON SOCIEDAD DEPOSITO CAROLINA
3111,Local 1,7709606194184,7709606194184,servilletas elite practica x 300 und,aseo,4000,5,DISTRICUELLAR DISTRIBUCIONES CUELLAR
3112,Local 1,7702026156862,7702026156862,servilletas familia green dia a dia x 200,aseo,2300,3,DISTRIMARIO SAS
3113,Local 1,7702026183806,7702026183806,servilletas familia practi -diarias partidas x 300,aseo,5400,101,DISTRIMARIO SAS
3114,Local 1,7702026206956,7702026206956,servilletas familia practi-diarias partidas x 450,aseo,7500,3,DISTRIMARIO SAS
3115,Local 1,7702026182854,7702026182854,servilletas familia practi-diarias x 150,aseo,2800,3,DISTRIMARIO SAS
3116,Local 1,7707151600983,7707151600983,Servilletas Nube 150,aseo,2600,7,PLASTICO SURCOLOMBIANO
3117,Local 1,134,134,sevedol extra fuerte,aseo,1700,89,DISTRIHOGAR B.B
3118,Local 1,7707371214298,7707371214298,Sevilletas R&M,CATEGORIA ESTANDAR,2900,3,CAROLINA DE GARZON SOCIEDAD DEPOSITO CAROLINA
3119,Local 1,7702006405973,7702006405973,SH Savital Complejo Hialuronico y sabila  350ml,aseo,11600,7,UNIMASIVOS .
3120,Local 1,7500435252775,7500435252775,Shampo Herbal Essences Aceite de Argan,aseo,1000,46,DISTRIMARIO SAS
3121,Local 1,7702006653305,7702006653305,shampoo + acondicionador x 370 ml,aseo,38000,0,DISTRIMARIO SAS
3122,Local 1,7702006208710,7702006208710,shampoo 2 en 1 anticaspa dove x 370 ml,aseo,19500,2,DISTRIMARIO SAS
3123,Local 1,7702354961107,7702354961107,Shampoo Alma de Romero aguacate,aseo,1300,38,DISTRIMARIO SAS
3124,Local 1,7702354961084,7702354961084,Shampoo Alma de Romero de Argan,aseo,1300,36,DISTRIMARIO SAS
3125,Local 1,7891150102934,7891150102934,Shampoo DOVE hidratacion 370ml,aseo,24500,2,UNIMASIVOS .
3126,Local 1,7702006204859,7702006204859,shampoo dove hidratacion y suavidad x 15 ml,aseo,1200,67,DISTRIMARIO SAS
3127,Local 1,7702006653077,7702006653077,shampoo dove reconstruccion x 18 ml,aseo,1200,98,DISTRIMARIO SAS
3128,Local 1,7891150008953,7891150008953,shampoo dove reconstruccion x 200 ml,aseo,12700,7,DISTRIMARIO SAS
3129,Local 1,7500435257084,7500435257084,Shampoo head & Shoulders x90ml,aseo,4800,2,DISTRIMARIO SAS
3130,Local 1,7500435126601,7500435126601,shampoo head shoulders x 33 ml,aseo,1800,9,SURTILIMA .
3131,Local 1,7702031293217,7702031293217,Shampoo Johnsons  manzanilla x100ml,aseo,15500,101,TECNOVENTAS DISTRIBUCIONES
3132,Local 1,7702031338260,7702031338260,shampoo johnsons manzanilla x 25 ml,aseo,1600,101,DISTRIMARIO SAS
3133,Local 1,7702031293262,7702031293262,Shampoo johnsons x100ml,CATEGORIA ESTANDAR,14400,1,TECNOVENTAS DISTRIBUCIONES
3134,Local 1,7702045915815,7702045915815,shampoo konzil restauracion x 20 ml,aseo,1200,16,DISTRIMARIO SAS
3135,Local 1,7702029482944,7702029482944,shampoo konzil seda liquida x 20 ml,aseo,1000,4,DISTRIMARIO SAS
3136,Local 1,7702354958138,7702354958138,shampoo nutribela biokeratina x 18 ml,aseo,1300,81,DISTRIMARIO SAS
3137,Local 1,7702354958114,7702354958114,shampoo nutribela biokeratina x 400 ml,aseo,23600,50,DISTRICUELLAR DISTRIBUCIONES CUELLAR
3138,Local 1,7702354956318,7702354956318,shampoo nutribela celulas madre x 18 ml,aseo,1300,44,DISTRIMARIO SAS
3139,Local 1,7702354956233,7702354956233,shampoo nutribela celulas madre x 400 ml,aseo,22500,51,DISTRICUELLAR DISTRIBUCIONES CUELLAR
3140,Local 1,7702354956301,7702354956301,shampoo nutribela enzimoterapia x 18 ml,aseo,1300,91,DISTRIMARIO SAS
3141,Local 1,7702354956226,7702354956226,shampoo nutribela enzimoterapia x 400 ml,aseo,22500,50,DISTRICUELLAR DISTRIBUCIONES CUELLAR
3142,Local 1,7702354956325,7702354956325,shampoo nutribela pro- hialuronico x 18 ml,aseo,1300,983,DISTRIMARIO SAS
3143,Local 1,7702354956240,7702354956240,shampoo nutribela prohialuronico x 400 ml,aseo,22500,50,DISTRICUELLAR DISTRIBUCIONES CUELLAR
3144,Local 1,7702354956219,7702354956219,shampoo nutribela reparacion x 400 ml,aseo,22500,51,DISTRICUELLAR DISTRIBUCIONES CUELLAR
3145,Local 1,7500435191500,7500435191500,shampoo nutritivo pantene x 18 ml,aseo,1100,29,DISTRIMARIO SAS
3146,Local 1,7702354956295,7702354956295,shampoo nutrivela reparacion intensiva x 18 ml,aseo,1300,27,DISTRIMARIO SAS
3147,Local 1,7500435247986,7500435247986,shampoo pantene biotinamina B3 x 18 ml,aseo,1000,24,SURTILIMA .
3148,Local 1,7500435108294,7500435108294,shampoo pantene pro-v 18 ml,aseo,1200,100,CAROLINA DE GARZON SOCIEDAD DEPOSITO CAROLINA
3149,Local 1,7500435170741,7500435170741,shampoo pantene restauracion x 33 ml,aseo,1700,94,SURTILIMA .
3150,Local 1,7500435258951,7500435258951,Shampoo Pantene sin sal Reparacion Molecular,aseo,1200,43,DISTRIMARIO SAS
3151,Local 1,7702006208581,7702006208581,shampoo savital aceite de argan x 510 ml,aseo,18500,96,DISTRICUELLAR DISTRIBUCIONES CUELLAR
3152,Local 1,7702191349953,7702191349953,shampoo savital aceite de jojoba argan ysabila 100 ml,aseo,4000,12,UNIMASIVOS .
3153,Local 1,7702006207928,7702006207928,shampoo savital anticaspa  te verde x 100 ml,aseo,4300,102,UNIMASIVOS .
3154,Local 1,7702006202848,7702006202848,shampoo savital anticaspa menta x 100 ml,aseo,4000,5,DISTRICUELLAR DISTRIBUCIONES CUELLAR
3155,Local 1,7702006207973,7702006207973,shampoo savital anticaspa x 27 ml,aseo,1200,12,DISTRIMARIO SAS
3156,Local 1,7702006302036,7702006302036,shampoo savital anticaspa x 510 ml,aseo,18500,96,DISTRICUELLAR DISTRIBUCIONES CUELLAR
3157,Local 1,7702006208604,7702006208604,shampoo savital colageno y savila x 510 ml,aseo,19600,1,DISTRICUELLAR DISTRIBUCIONES CUELLAR
3158,Local 1,7702006406000,7702006406000,shampoo savital complejo hialuronico x 100 ml,aseo,4000,8,UNIMASIVOS .
3159,Local 1,7702191522332,7702191522332,Shampoo savital elixir de romero 100ml,abarrotes,4000,87,UNIMASIVOS .
3160,Local 1,7702006301657,7702006301657,shampoo savital fusion proteinas x 100 ml,aseo,4000,93,DISTRICUELLAR DISTRIBUCIONES CUELLAR
3161,Local 1,7702006207775,7702006207775,shampoo savital fusion proteinas x 25 ml,aseo,1200,20,DISTRIMARIO SAS
3162,Local 1,7702006208512,7702006208512,shampoo savital fusion proteinas x 510 ml,aseo,18500,99,UNIMASIVOS .
3163,Local 1,7702006205955,7702006205955,shampoo savital multioleos y sabila x 100 ml,aseo,3500,7,UNIMASIVOS .
3164,Local 1,7702006208376,7702006208376,shampoo savital multioleos y savila x 510 ml,aseo,18500,99,UNIMASIVOS .
3165,Local 1,7702006202831,7702006202831,shampoo savital multivitaminas x 100 ml,aseo,4000,96,UNIMASIVOS .
3166,Local 1,7702006653237,7702006653237,shampoo savital multivitaminas x 510 + acon x 490 ml,aseo,35500,1,DISTRICUELLAR DISTRIBUCIONES CUELLAR
3167,Local 1,7702006208420,7702006208420,shampoo savital multivitaminas x 510 ml,aseo,18500,96,UNIMASIVOS .
3168,Local 1,7702006406482,7702006406482,shampoo savital-serum de aminoacidos x 100 ml,aseo,4000,92,UNIMASIVOS .
3169,Local 1,7702006405980,7702006405980,shampoo savitalcomplejo hialuronico x 510 ml,aseo,18500,99,DISTRICUELLAR DISTRIBUCIONES CUELLAR
3170,Local 1,7702006207683,7702006207683,shampoo sedal ceramidas x 24 ml,aseo,1200,8,DISTRIMARIO SAS
3171,Local 1,7702006207669,7702006207669,shampoo sedal keratina con antioxidante x 24 ml,aseo,1200,95,DISTRIMARIO SAS
3172,Local 1,650240057540,650240057540,shampoo tio nacho aclarante x 18 ml,aseo,1200,4,DISTRIMARIO SAS
3173,Local 1,7756459001053,7756459001053,Shampoo Tio Nacho efesto anti-canas sobre x18ml,aseo,1000,94,DISTRICUELLAR DISTRIBUCIONES CUELLAR
3174,Local 1,7756459001039,7756459001039,shampoo tio nacho engrosador,aseo,1000,10,ALPINA .
3175,Local 1,650240057533,650240057533,shampoo tio nacho herbolaria x 18 ml,aseo,1200,7,DISTRIMARIO SAS
3176,Local 1,7702006207676,7702006207676,shampoo y acondicionador sedal duo x 24 ml,aseo,1200,12,DISTRIMARIO SAS
3177,Local 1,7891010025878,7891010025878,Siempre libre noche y dia,CATEGORIA ESTANDAR,5800,2,CAROLINA DE GARZON SOCIEDAD DEPOSITO CAROLINA
3178,Local 1,7707223667258,7707223667258,Silicona capilar nutribell,aseo,1800,83,CAROLINA DE GARZON SOCIEDAD DEPOSITO CAROLINA
3179,Local 1,7707223661478,7707223661478,silicona capilar x 10 g,aseo,2600,16,DISTRIHOGAR B.B
3180,Local 1,7706650679098,7706650679098,silicona eterna,CATEGORIA ESTANDAR,2200,3,ALPINA .
3181,Local 1,7708514049173,7708514049173,silicona liquida 30ml,papeleria,2600,0,ALPINA .
3182,Local 1,7708514049883,7708514049883,silicona liquida 60ml,papeleria,3400,0,ALPINA .
3183,Local 1,4718759580600,4718759580600,Silicona liquida macao,CATEGORIA ESTANDAR,3200,2,CAROLINA DE GARZON SOCIEDAD DEPOSITO CAROLINA
3184,Local 1,7707430879277,7707430879277,six pac cerveza andina dorada lata,bebidas,15000,58,BAVARIA DISTRIBUCIONES
3185,Local 1,7702004004925,7702004004925,six pac de aguila,bebidas,18000,1000,ALVARO MUÑOZ
3186,Local 1,7702004001962,7702004001962,six pac de aguila light,bebidas,21000,1000,ALVARO MUÑOZ
3187,Local 1,7702004007377,7702004007377,six pac de poker,bebidas,22000,997,BAVARIA DISTRIBUCIONES
3188,Local 1,6925196009535,6925196009535,SMILIFE KERATIN SHAMPOO X 255 ML,autoservicio servitodo thaliana,60800,2,HGW COLOMBIA
3189,Local 1,7702011163950,7702011163950,Snack caramelo,dulceria,500,95,CAROLINA DE GARZON SOCIEDAD DEPOSITO CAROLINA
3190,Local 1,7702011088802,7702011088802,Snacky Caramelo,autoservicio servitodo thaliana,1500,4,COLOMBINA DISTRIBUCIONES
3191,Local 1,7702011061133,7702011061133,Snow Menta 100UND,dulceria,9400,18,COLOMBINA DISTRIBUCIONES
3192,Local 1,77096180,77096180,Snow mint,dulceria,1000,59,CAROLINA DE GARZON SOCIEDAD DEPOSITO CAROLINA
3193,Local 1,7702011087447,7702011087447,Snow Mint X100,CATEGORIA ESTANDAR,9600,1,COLOMBINA DISTRIBUCIONES
3194,Local 1,7709880458927,7709880458927,Sobre de Oregano,autoservicio servitodo thaliana,1800,10,ALPINA .
3195,Local 1,7509546676012,7509546676012,soflan complete suavital x 160 ml,aseo,2000,96,DISTRIMARIO SAS
3196,Local 1,7509546655543,7509546655543,Soflan Suavitel Complete x1.5L,CATEGORIA ESTANDAR,17500,2,DISTRIMARIO SAS
3197,Local 1,7702010282485,7702010282485,soflan suavitel frescura  primaveral 430 ml,aseo,3600,0,DISTRIMARIO SAS
3198,Local 1,7509546689043,7509546689043,soflan suavitel frescura de manzana 430 ml,aseo,3600,2,DISTRIMARIO SAS
3199,Local 1,7702174824156,7702174824156,Sonetto explosion de chocolate,dulceria,12600,100,DISTRICUELLAR DISTRIBUCIONES CUELLAR
3200,Local 1,7702024085348,7702024085348,sopas de mi tierra ajiaco x 60 g,CATEGORIA ESTANDAR,2800,2,PROGRESAR NESTLE
3201,Local 1,7702024534044,7702024534044,sopas de mi tierra choclo x 90 g,abarrotes,2800,2,PROGRESAR NESTLE
3202,Local 1,7702024212904,7702024212904,sopas de mi tierra sancocho x 60 g,abarrotes,3000,3,PROGRESAR NESTLE
3203,Local 1,7702354110314,7702354110314,sopera ajiaco,CATEGORIA ESTANDAR,2700,3,DISTRIMARIO SAS
3204,Local 1,7702354931018,7702354931018,Sopera Mazorca,CATEGORIA ESTANDAR,2700,1,DISTRICUELLAR DISTRIBUCIONES CUELLAR
3205,Local 1,7707307961067,7707307961067,SPAGHETTI COMARRICO TAMAÑO FAMILIAR,CATEGORIA ESTANDAR,6000,998,GERDY DISTRIBUCIONES
3206,Local 1,7707307961135,7707307961135,spaghetti comarrico x 190 g,abarrotes,1500,1001,DISTRIMARIO SAS
3207,Local 1,7707307961074,7707307961074,spaghetti comarrico x 250 g,abarrotes,1800,899,DISTRIMARIO SAS
3208,Local 1,7707307963146,7707307963146,spaghetti comarrico x 454 g,abarrotes,3000,3,DISTRIMARIO SAS
3209,Local 1,7702085019023,7702085019023,Spaghetti doria 1000gr,abarrotes,7500,45,CAROLINA DE GARZON SOCIEDAD DEPOSITO CAROLINA
3210,Local 1,7702085001950,7702085001950,Spaghetti doria 200g,CATEGORIA ESTANDAR,2400,1002,GERDY DISTRIBUCIONES
3211,Local 1,7702085012024,7702085012024,Spaghetti doria 250gr,abarrotes,2400,1,CAROLINA DE GARZON SOCIEDAD DEPOSITO CAROLINA
3212,Local 1,7707044000630,7707044000630,spaghetti la bonita x 200 g,abarrotes,1300,24,DISTRICUELLAR DISTRIBUCIONES CUELLAR
3213,Local 1,7702020117012,7702020117012,spaghetti la muñeca x 1000 g,abarrotes,6900,6,DISTRIMARIO SAS
3214,Local 1,7702020113014,7702020113014,spaghetti la muñeca x 500 g,abarrotes,4000,4,DISTRIMARIO SAS
3215,Local 1,7703051000373,7703051000373,spaghetti zonia x 200 g,abarrotes,1300,8,DISTRIMARIO SAS
3216,Local 1,7702085013021,7702085013021,Spaguetti Doria x500g,autoservicio servitodo thaliana,4400,27,GERDY DISTRIBUCIONES
3217,Local 1,7702020120609,7702020120609,spaguetti la muñeca pague 900 lleve 1000g,abarrotes,6200,2,ALPINA .
3218,Local 1,7702020111607,7702020111607,spaguetti la muñeca x 200 g,abarrotes,1500,75,DISTRIMARIO SAS
3219,Local 1,7702354951160,7702354951160,spartan x 269 ml,bebidas,1500,24,DISTRICUELLAR DISTRIBUCIONES CUELLAR
3220,Local 1,7702354958848,7702354958848,spartan x 310 ml,bebidas,2200,0,ALVARO MUÑOZ
3221,Local 1,7702354958831,7702354958831,spartan xtra energy 310 ml,bebidas,2200,1,ALVARO MUÑOZ
3222,Local 1,7702090071849,7702090071849,spedd max 310 ml,bebidas,2500,35,ALVARO MUÑOZ
3223,Local 1,7702090468793,7702090468793,Speed MAX BORONDO,autoservicio servitodo thaliana,3000,1,InterPOS
3224,Local 1,7501033210778,7501033210778,speed stick crema x 9 g,aseo,1200,6,DISTRIHOGAR B.B
3225,Local 1,7501033206580,7501033206580,SPEED STICK SOBRE X2,aseo,1600,39,DISTRIMARIO SAS
3226,Local 1,7501033204920,7501033204920,SPEED STICK X30G,aseo,3300,48,DISTRIMARIO SAS
3227,Local 1,7702011127860,7702011127860,splost acid 13.5gr,CATEGORIA ESTANDAR,500,15,COLOMBINA DISTRIBUCIONES
3228,Local 1,7707282388156,7707282388156,Splot Espanta ojos,CATEGORIA ESTANDAR,100,100,MD DISTRIBUCIONES
3229,Local 1,7702535011713,7702535011713,sprite sabor lima limon x 1.5 l,bebidas,5000,74,COCACOLA DISTRIBUCIONES
3230,Local 1,7702535012086,7702535012086,sprite sabor lima- limon x 400 ml,bebidas,2600,92,InterPOS
3231,Local 1,7702090029741,7702090029741,squash frutas tropicales,bebidas,2800,21,InterPOS
3232,Local 1,7702031414889,7702031414889,stayfree adapt plus ultradelgada lleve10+2 toallas,aseo,4000,101,DISTRIMARIO SAS
3233,Local 1,7702031800682,7702031800682,stayfree normal lleve 10+2 toallas,aseo,4200,6,DISTRIMARIO SAS
3234,Local 1,7702010280023,7702010280023,Suavitel 1L,aseo,9500,43,DISTRIMARIO SAS
3235,Local 1,7702010282638,7702010282638,suavitel aroma vainilla x 430 ml,aseo,3500,5,DISTRICUELLAR DISTRIBUCIONES CUELLAR
3236,Local 1,7509546676050,7509546676050,suavitel fresa y chocolate x 180 ml,aseo,2000,89,DISTRIMARIO SAS
3237,Local 1,7702010282751,7702010282751,suavitel fresas y chocolate x 430 ml,aseo,3500,11,DISTRIMARIO SAS
3238,Local 1,7509546676142,7509546676142,suavitel fresca primavera x 180 ml,aseo,2000,24,DISTRIMARIO SAS
3239,Local 1,7509546689050,7509546689050,suavitel frescura de manzana x 180 ml,aseo,1900,96,DISTRIMARIO SAS
3240,Local 1,7509546700984,7509546700984,Suavitel Jazmin,CATEGORIA ESTANDAR,11400,1,CAROLINA DE GARZON SOCIEDAD DEPOSITO CAROLINA
3241,Local 1,7702010283154,7702010283154,Suavitel primavera 1500,CATEGORIA ESTANDAR,16300,0,CAROLINA DE GARZON SOCIEDAD DEPOSITO CAROLINA
3242,Local 1,7509546676029,7509546676029,suavitel vainilla x 180 ml,aseo,1800,10,DISTRIMARIO SAS
3243,Local 1,7707271382103,7707271382103,Suavizante Victory 1000ml,autoservicio servitodo thaliana,5500,93,GERDY DISTRIBUCIONES
3244,Local 1,7705326079022,7705326079022,sub marinos sabor a arequipe x 33 g,dulceria,2000,84,BIMBO DISTRIVENTAS DEL SUR
3245,Local 1,7705326070593,7705326070593,sub marinos sabor a fresa x 35 g,dulceria,2000,95,BIMBO DISTRIVENTAS DEL SUR
3246,Local 1,7705326073778,7705326073778,submarino mora 35 gr,dulceria,2000,11,BIMBO DISTRIVENTAS DEL SUR
3247,Local 1,7705326081223,7705326081223,submarino surtido x 204 g,dulceria,9800,20,BIMBO DISTRIVENTAS DEL SUR
3248,Local 1,650240070891,650240070891,Suero 5 iones fresa kiwi,bebidas,7500,2,CAROLINA DE GARZON SOCIEDAD DEPOSITO CAROLINA
3249,Local 1,650240070938,650240070938,Suero 5iones Frutos rojos,bebidas,7500,2,CAROLINA DE GARZON SOCIEDAD DEPOSITO CAROLINA
3250,Local 1,650240070914,650240070914,Suero 5iones Mora Azul,bebidas,7500,1,CAROLINA DE GARZON SOCIEDAD DEPOSITO CAROLINA
3251,Local 1,650240070921,650240070921,Suero 5iones uva,bebidas,7500,2,CAROLINA DE GARZON SOCIEDAD DEPOSITO CAROLINA
3252,Local 1,7707016404466,7707016404466,SUNDARK Protector Solar Adulto x10g,medicamentos,2600,7,TECNOVENTAS DISTRIBUCIONES
3253,Local 1,238,7707355051369,Sunday,CATEGORIA ESTANDAR,3000,9,CAROLINA DE GARZON SOCIEDAD DEPOSITO CAROLINA
3254,Local 1,7702354955366,7702354955366,Suntea limon,CATEGORIA ESTANDAR,1500,38,DISTRICUELLAR DISTRIBUCIONES CUELLAR
3255,Local 1,7702354955403,7702354955403,Suntea mandarina,CATEGORIA ESTANDAR,1600,44,DISTRICUELLAR DISTRIBUCIONES CUELLAR
3256,Local 1,7702354955380,7702354955380,Suntea Maracuya,dulceria,1500,13,GERDY DISTRIBUCIONES
3257,Local 1,7702354955373,7702354955373,suntea sabor a durazno x 12 g,abarrotes,1500,15,DISTRIMARIO SAS
3258,Local 1,7702354957131,7702354957131,suntea sabor a fresa con flor de jamaica x 12 g,abarrotes,1500,7,DISTRIMARIO SAS
3259,Local 1,7702354955397,7702354955397,suntea sabor a frutos rojos x 12 g,abarrotes,1500,93,DISTRIMARIO SAS
3260,Local 1,7702354955434,7702354955434,suntea sabor a limon mandarino x 12 g,CATEGORIA ESTANDAR,1300,11,DISTRIMARIO SAS
3261,Local 1,7702354955410,7702354955410,suntea sabor a mora x 12 g,abarrotes,1500,0,DISTRIMARIO SAS
3262,Local 1,7703888297212,7703888297212,Super acido polvo,dulceria,200,51,CAROLINA DE GARZON SOCIEDAD DEPOSITO CAROLINA
3263,Local 1,7707025802741,7707025802741,super can croquetas x 500 g,abarrotes,2900,3,DISTRICUELLAR DISTRIBUCIONES CUELLAR
3264,Local 1,7707025836692,7707025836692,super cat adultos frutos del mar x 500 g,abarrotes,5300,3,DISTRICUELLAR DISTRIBUCIONES CUELLAR
3265,Local 1,7707025833691,7707025833691,super cat adultos mix de carne x 500 g,abarrotes,5600,90,DISTRICUELLAR DISTRIBUCIONES CUELLAR
3266,Local 1,7702174079174,7702174079174,Super Fruty,CATEGORIA ESTANDAR,9600,1,DISTRICUELLAR DISTRIBUCIONES CUELLAR
3267,Local 1,7703888298516,7703888298516,super hiper acido,CATEGORIA ESTANDAR,500,3,COLOMBINA DISTRIBUCIONES
3268,Local 1,7703888150715,7703888150715,SUPER HYPER HOT CEREZA,dulceria,1100,7,GLOFER DISTRIBUCIONES
3269,Local 1,7702310043120,7702310043120,super riel liquido aroma floral x 500 ml,aseo,5200,17,DISTRIMARIO SAS
3270,Local 1,7702310043113,7702310043113,super riel liquido aroma floral x 925 ml,aseo,8000,0,ALPINA .
3271,Local 1,7702310010405,7702310010405,super riel x 200 g,aseo,2300,70,DISTRICUELLAR DISTRIBUCIONES CUELLAR
3272,Local 1,7707025850247,7707025850247,supercan adulto mix de carne x 500 g,abarrotes,3200,30,GRADEZCO LTDA .
3273,Local 1,7707025839006,7707025839006,supercan cachorros leche y mix de carne x 500 g,abarrotes,4000,32,GRADEZCO LTDA .
3274,Local 1,7707025802291,7707025802291,supercan cachorros x 500 ml,abarrotes,3500,3,DISTRICUELLAR DISTRIBUCIONES CUELLAR
3275,Local 1,7702993031957,7702993031957,supercoco bombon x 24 und,CATEGORIA ESTANDAR,13600,0,ALVARO MUÑOZ
3276,Local 1,265,7702993048979,Supercoco sncks,CATEGORIA ESTANDAR,2200,2,CAROLINA DE GARZON SOCIEDAD DEPOSITO CAROLINA
3277,Local 1,7702993018668,7702993018668,supercoco turron x 100 unid,dulceria,19100,101,ALVARO MUÑOZ
3278,Local 1,7702993030639,7702993030639,supercoco turron x 50 unid,CATEGORIA ESTANDAR,9000,2,ALPINA .
3279,Local 1,135,135,supercoco turron x unid,CATEGORIA ESTANDAR,300,72,ALVARO MUÑOZ
3280,Local 1,7708872634226,7708872634226,supremo lavalosa x 150 g,aseo,1800,7,DISTRIMARIO SAS
3281,Local 1,7708872634998,7708872634998,Supremo Lavaloza 450g,aseo,6500,20,MD DISTRIBUCIONES
3282,Local 1,7709057539909,7709057539909,Syrope sabor a  miel 150g,dulceria,2900,1,DISTRIMARCA HELADOS
3283,Local 1,7702432075504,7702432075504,Tajada ponque lolita vainilla,autoservicio servitodo thaliana,2300,11,GLOFER DISTRIBUCIONES
3284,Local 1,633148100099,633148100099,Tajin 45g,autoservicio servitodo thaliana,8700,7,DISTRIALDANA .
3285,Local 1,7702011166067,7702011166067,tajin bon bon bum,dulceria,1800,87,COLOMBINA DISTRIBUCIONES
3286,Local 1,7500810031032,7500810031032,Takis blue 185gr,dulceria,11500,3,CAROLINA DE GARZON SOCIEDAD DEPOSITO CAROLINA
3287,Local 1,7500810028094,7500810028094,takis blue heat x 50 g,dulceria,4300,66,GUADALUPE ARDICOLL
3288,Local 1,7500810029701,7500810029701,takis fuego 185 gr,CATEGORIA ESTANDAR,10500,2,BIMBO DISTRIVENTAS DEL SUR
3289,Local 1,7500810031018,7500810031018,Takis fuego 185gr,dulceria,11000,98,CAROLINA DE GARZON SOCIEDAD DEPOSITO CAROLINA
3290,Local 1,7500810027400,7500810027400,takis fuego 50 gr,CATEGORIA ESTANDAR,4000,99,BIMBO DISTRIVENTAS DEL SUR
3291,Local 1,7500810044445,7500810044445,Takis intenso nacho,dulceria,4200,95,CAROLINA DE GARZON SOCIEDAD DEPOSITO CAROLINA
3292,Local 1,7702006207270,7702006207270,Talco Rexona Efficient 180g,aseo,15000,3,UNIMASIVOS .
3293,Local 1,7702006204699,7702006204699,Talco rexona Efficient 56g,aseo,8200,7,UNIMASIVOS .
3294,Local 1,7702057081027,7702057081027,talco yodora x 60 g,aseo,6300,83,DISTRICUELLAR DISTRIBUCIONES CUELLAR
3295,Local 1,095188012013,095188012013,tampico citrus punch,bebidas,1000,3,SURCOLAC PUREZA
3296,Local 1,7702027437922,7702027437922,Tampon nosotras,aseo,1000,92,CAROLINA DE GARZON SOCIEDAD DEPOSITO CAROLINA
3297,Local 1,148,7702027437076,Tampon Nosotras,aseo,900,7,DISTRIMARIO SAS
3298,Local 1,7702026154820,7702026154820,Tampon x 5 nosotras,aseo,4200,99,CAROLINA DE GARZON SOCIEDAD DEPOSITO CAROLINA
3299,Local 1,7702026194581,7702026194581,Tampon x 8 nosotras,autoservicio servitodo thaliana,6300,99,CAROLINA DE GARZON SOCIEDAD DEPOSITO CAROLINA
3300,Local 1,149,7702026194697,Tampones Nosotras * 8 und,aseo,6200,2,ALPINA .
3301,Local 1,7702027435508,7702027435508,Tampones nosotras x8,aseo,14800,99,CAROLINA DE GARZON SOCIEDAD DEPOSITO CAROLINA
3302,Local 1,7707228361939,7707228361939,Tapabocas,autoservicio servitodo thaliana,500,98,CAROLINA DE GARZON SOCIEDAD DEPOSITO CAROLINA
3303,Local 1,189,7702560043369,Tarrito rojo 330g,autoservicio servitodo thaliana,25000,1,MD DISTRIBUCIONES
3304,Local 1,7702560043291,7702560043291,tarrito rojo x 135 g,abarrotes,13500,101,DISTRICUELLAR DISTRIBUCIONES CUELLAR
3305,Local 1,7702560042744,7702560042744,tarrito rojo x 25 g,abarrotes,2500,90,CAROLINA DE GARZON SOCIEDAD DEPOSITO CAROLINA
3306,Local 1,203,203,tdco potenciador,CATEGORIA ESTANDAR,40000,2,MD DISTRIBUCIONES
3307,Local 1,7703064001008,7703064001008,tempera carosello x 6 und,papeleria,3900,4,DISTRIMARIO SAS
3308,Local 1,191,7707292831512,Tenedor 20uni,autoservicio servitodo thaliana,1100,3,CAROLINA DE GARZON SOCIEDAD DEPOSITO CAROLINA
3309,Local 1,7707355925073,7707355925073,Tenedor cHIC  grande x20,CATEGORIA ESTANDAR,2400,95,CAROLINA DE GARZON SOCIEDAD DEPOSITO CAROLINA
3310,Local 1,7707331831626,7707331831626,Tenedor Pequeño MIO x20Und,CATEGORIA ESTANDAR,1100,4,PLASTICO SURCOLOMBIANO
3311,Local 1,7702027429354,7702027429354,TH. nosotras extraproteccion tela x 6 unidades,aseo,3300,82,DISTRIMARIO SAS
3312,Local 1,7702026158521,7702026158521,TH.Inv rapigel x 10 und,aseo,6000,12,DISTRIMARIO SAS
3313,Local 1,7702026174323,7702026174323,TH.nosotras buenas noche  x 4 unidades,aseo,3600,89,DISTRIMARIO SAS
3314,Local 1,7702026152253,7702026152253,TH.nosotras delgada alas x 8 und,aseo,2500,47,DISTRIMARIO SAS
3315,Local 1,7702026148447,7702026148447,TH.nosotras invisible clasica multiformas x 10 unidades,aseo,5700,100,DISTRIMARIO SAS
3316,Local 1,7702027424038,7702027424038,TH.nosotras rapigel-v x 30 unidades,aseo,16400,1,DISTRIMARIO SAS
3317,Local 1,7701560541349,7701560541349,Tijera fl134,CATEGORIA ESTANDAR,3500,99,CAROLINA DE GARZON SOCIEDAD DEPOSITO CAROLINA
3318,Local 1,7702007082029,7702007082029,TikysGolochips,autoservicio servitodo thaliana,1600,2,GERDY DISTRIBUCIONES
3319,Local 1,7702011020956,7702011020956,tipitin corazon x 25 unidades,CATEGORIA ESTANDAR,5800,14,COLOMBINA DISTRIBUCIONES
3320,Local 1,7702011017277,7702011017277,tipitin leche,CATEGORIA ESTANDAR,8700,99,COLOMBINA DISTRIBUCIONES
3321,Local 1,7702011005656,7702011005656,tipitin salvaje x 50 unidades,CATEGORIA ESTANDAR,8600,0,COLOMBINA DISTRIBUCIONES
3322,Local 1,7702011020963,7702011020963,tipitin sicodelica x 25 unidades,dulceria,5800,101,COLOMBINA DISTRIBUCIONES
3323,Local 1,7702011138859,7702011138859,tipitin surtido 40 uni,CATEGORIA ESTANDAR,9200,11,COLOMBINA DISTRIBUCIONES
3324,Local 1,7707309330649,7707309330649,tisana limonaria x 22 g,abarrotes,2000,4,DISTRIMARIO SAS
3325,Local 1,7707309330670,7707309330670,tisanas albahaca x 22 g,abarrotes,2000,7,COMESTIBLES LABOYANA
3326,Local 1,7709691579125,7709691579125,tisanas angel limonaria x 15 g,abarrotes,2000,99,COMESTIBLES LABOYANA
3327,Local 1,7709691579156,7709691579156,tisanas angel toronjil x 15 g,abarrotes,2000,993,COMESTIBLES LABOYANA
3328,Local 1,7709677370760,7709677370760,tisanas angel yerbabuena x 15 g,abarrotes,2000,92,COMESTIBLES LABOYANA
3329,Local 1,7707309330663,7707309330663,tisanas cidron x 22 g,CATEGORIA ESTANDAR,2000,0,COMESTIBLES LABOYANA
3330,Local 1,7707309330618,7707309330618,tisanas manzanilla x 22 g,abarrotes,2000,10,COMESTIBLES LABOYANA
3331,Local 1,7707309330656,7707309330656,tisanas toronjil x 22 g,abarrotes,2000,0,COMESTIBLES LABOYANA
3332,Local 1,7707309330625,7707309330625,tisanas yerbabuena x 22 g,CATEGORIA ESTANDAR,2000,0,DISTRIMARIO SAS
3333,Local 1,7702026152536,7702026152536,toa.humedas pqñin manzanilla x 80 und,aseo,5000,26,DISTRIMARIO SAS
3334,Local 1,7702425805187,7702425805187,toall. huggies humedas x 80 und,CATEGORIA ESTANDAR,6800,5,DISTRICUELLAR DISTRIBUCIONES CUELLAR
3335,Local 1,7707151602178,7707151602178,Toalla de cocina Nube x50,aseo,2700,1,PLASTICO SURCOLOMBIANO
3336,Local 1,7702026154264,7702026154264,Toalla grande  familia,aseo,5400,101,CAROLINA DE GARZON SOCIEDAD DEPOSITO CAROLINA
3337,Local 1,7707324640181,7707324640181,Toallas Angela super oferta 2 paquetes,CATEGORIA ESTANDAR,5700,4,DISTRIMARIO SAS
3338,Local 1,7707324641140,7707324641140,Toallas Angela x8,CATEGORIA ESTANDAR,3200,23,DISTRIMARIO SAS
3339,Local 1,7702026155179,7702026155179,Toallas green x 70,aseo,2500,98,DISTRIMARIO SAS
3340,Local 1,7707199347758,7707199347758,toallas nova clasica x 50 und,aseo,2500,12,DISTRICUELLAR DISTRIBUCIONES CUELLAR
3341,Local 1,7709007431857,7709007431857,toallas para manos x 150 und,aseo,6600,1,DISTRIMARIO SAS
3342,Local 1,6950225101867,6950225101867,toallas sanitaria dia hgw,aseo,20000,9,HGW COLOMBIA
3343,Local 1,6950225101263,6950225101263,TOALLAS SANITARIA NOCHE HGW,autoservicio servitodo thaliana,20000,2,HGW COLOMBIA
3344,Local 1,7701021145949,7701021145949,toallitas humedas winny x 100 und,aseo,14500,0,DISTRIMARIO SAS
3345,Local 1,7702152007212,7702152007212,tocineta original,CATEGORIA ESTANDAR,1000,8,GLOFER DISTRIBUCIONES
3346,Local 1,7702398041322,7702398041322,Tocineta Rica  120g,carnicos,10000,9,RIVIERA DISTRIBUCIONES
3347,Local 1,7702152008967,7702152008967,todo rico BarB-Q,abarrotes,2800,106,GLOFER DISTRIBUCIONES
3348,Local 1,7702152140124,7702152140124,Todo Rico Limon bacano,autoservicio servitodo thaliana,2800,48,GLOFER DISTRIBUCIONES
3349,Local 1,7702152008950,7702152008950,todo rico original x 45 g,abarrotes,2800,99,GLOFER DISTRIBUCIONES
3350,Local 1,7702152110462,7702152110462,todo rico sabor picada x 45 g,abarrotes,2800,106,GLOFER DISTRIBUCIONES
3351,Local 1,7702563628518,7702563628518,Tolimax 200gr,abarrotes,8000,48,DISTRIALDANA .
3352,Local 1,7709880458941,7709880458941,tomillo molido gavius x 40 g,abarrotes,1300,14,COMESTIBLES LABOYANA
3353,Local 1,7702175108439,7702175108439,tomillo puro el rey x 20 g,abarrotes,2300,89,DISTRIALDANA .
3354,Local 1,6939343200089,6939343200089,Tooth brush,CATEGORIA ESTANDAR,1200,15,ALPINA .
3355,Local 1,7702166068537,7702166068537,Top color x850g,aseo,9300,20,GRADEZCO LTDA .
3356,Local 1,7702166034037,7702166034037,Top combi floral,CATEGORIA ESTANDAR,3200,3,GRADEZCO LTDA .
3357,Local 1,7702166042070,7702166042070,Top con suavisante aroma floral,aseo,3300,39,GRADEZCO LTDA .
3358,Local 1,7702166068698,7702166068698,Top cuidado y limpieza 400g,aseo,5000,101,GRADEZCO LTDA .
3359,Local 1,7702166068681,7702166068681,Top cuidado y limpieza x850g,CATEGORIA ESTANDAR,9300,0,GRADEZCO LTDA .
3360,Local 1,7702020111645,7702020111645,tornillo la muñeca x 200 g,abarrotes,1500,7,DISTRIMARIO SAS
3361,Local 1,7702090000863,7702090000863,Toronja Postobon 1L,autoservicio servitodo thaliana,3500,97,InterPOS
3362,Local 1,7702007056723,7702007056723,torta de chocolatecorona,dulceria,14500,99,GERDY DISTRIBUCIONES
3363,Local 1,7708161575810,7708161575810,torta Lonchera x100g,CATEGORIA ESTANDAR,2200,71,MULTIPAN GARZON
3364,Local 1,7702007056730,7702007056730,torta veteada sabor a vainilla y chocolate corona,abarrotes,14500,100,GERDY DISTRIBUCIONES
3365,Local 1,7705326077844,7705326077844,tortilla blanca L x 425 g,abarrotes,12600,50,BIMBO DISTRIVENTAS DEL SUR
3366,Local 1,7705326081827,7705326081827,tortilla trigo x 250 g,abarrotes,6500,98,GUADALUPE ARDICOLL
3367,Local 1,7702025148585,7702025148585,Tosh ajonjoli,CATEGORIA ESTANDAR,1000,3,CAROLINA DE GARZON SOCIEDAD DEPOSITO CAROLINA
3368,Local 1,7702025100293,7702025100293,Tosh chocolate,dulceria,1600,98,GERDY DISTRIBUCIONES
3369,Local 1,7702025148561,7702025148561,Tosh fusion cereales,dulceria,1300,96,CAROLINA DE GARZON SOCIEDAD DEPOSITO CAROLINA
3370,Local 1,7702025148554,7702025148554,Tosh Fusion de cereales,CATEGORIA ESTANDAR,11000,10,CAROLINA DE GARZON SOCIEDAD DEPOSITO CAROLINA
3371,Local 1,7702025148455,7702025148455,Tosh miel,CATEGORIA ESTANDAR,1000,9,CAROLINA DE GARZON SOCIEDAD DEPOSITO CAROLINA
3372,Local 1,7702025148448,7702025148448,Tosh miel,dulceria,10400,8,GERDY DISTRIBUCIONES
3373,Local 1,156,7702914594530,Tostacos picante,abarrotes,2400,88,GLOFER DISTRIBUCIONES
3374,Local 1,7702914159401,7702914159401,tostacos picante,autoservicio servitodo thaliana,8700,99,CAROLINA DE GARZON SOCIEDAD DEPOSITO CAROLINA
3375,Local 1,7702914594547,7702914594547,Tostacos queso,abarrotes,2400,92,CAROLINA DE GARZON SOCIEDAD DEPOSITO CAROLINA
3376,Local 1,7702914602211,7702914602211,Tostacos uy 190gr,CATEGORIA ESTANDAR,8000,1,ALPINA .
3377,Local 1,7705326079336,7705326079336,tostada  mantequilla guadalupe  x 280 g,abarrotes,9200,80,GUADALUPE ARDICOLL
3378,Local 1,7708921830388,7708921830388,tostada grande x 20 unidades,abarrotes,7200,2,FELINI DISTRIBUCIONES
3379,Local 1,7705326019998,7705326019998,tostadas guadalupe sabor a mantequilla pague 10 lleve 12,abarrotes,3700,14,GUADALUPE ARDICOLL
3380,Local 1,7705326079343,7705326079343,tostadas integrales guadalupe x 280 g,CATEGORIA ESTANDAR,9700,47,GERDY DISTRIBUCIONES
3381,Local 1,7705326079374,7705326079374,tostadas sabor mantequilla guadalupe x 115 g,abarrotes,4000,5,GUADALUPE ARDICOLL
3382,Local 1,7705326020642,7705326020642,tostado integral bimbo x 150 g,abarrotes,5200,102,BIMBO DISTRIVENTAS DEL SUR
3383,Local 1,7705326016249,7705326016249,tostado mantequilla bimbo x 150 g,abarrotes,5000,32,BIMBO DISTRIVENTAS DEL SUR
3384,Local 1,7708323728207,7708323728207,tostado selecto 40g,CATEGORIA ESTANDAR,2500,5,ALPINA .
3385,Local 1,7708024204208,7708024204208,tostado selecto x 110 g,abarrotes,7500,2,InterPOS
3386,Local 1,7705326079381,7705326079381,tostados  integrales guadalupe  x 115 g,abarrotes,4300,5,GUADALUPE ARDICOLL
3387,Local 1,7705326018717,7705326018717,tostao integral bimbo,CATEGORIA ESTANDAR,8300,2,BIMBO DISTRIVENTAS DEL SUR
3388,Local 1,7708024204741,7708024204741,Tostao intenso 40gr,autoservicio servitodo thaliana,2700,9,CAROLINA DE GARZON SOCIEDAD DEPOSITO CAROLINA
3389,Local 1,7705326018694,7705326018694,tostao mantequilla bimbo 300g,CATEGORIA ESTANDAR,9000,47,BIMBO DISTRIVENTAS DEL SUR
3390,Local 1,7708024204000,7708024204000,tostao selecto intenso 110 gr,abarrotes,7500,89,InterPOS
3391,Local 1,7705326072085,7705326072085,tostaosmantequilla 150 gr,CATEGORIA ESTANDAR,4000,5,BIMBO DISTRIVENTAS DEL SUR
3392,Local 1,7703133072335,7703133072335,tosti empanadas limon x 28 g,CATEGORIA ESTANDAR,1400,5,JUANVA CAFE
3393,Local 1,7703133014885,7703133014885,Tosti Nachos Costillas BBQ,dulceria,1500,99,DISTRIMARCA HELADOS
3394,Local 1,7703133014748,7703133014748,Tosti Nachos Costillas BBQ 160g,dulceria,6200,8,DISTRIMARCA HELADOS
3395,Local 1,7703133014717,7703133014717,Tosti Nachos Queso 160g,dulceria,6200,8,DISTRIMARCA HELADOS
3396,Local 1,7703133014854,7703133014854,Tosti Nachos Queso 28g,dulceria,1500,5,DISTRIMARCA HELADOS
3397,Local 1,7703133014908,7703133014908,Tosti picantikos,autoservicio servitodo thaliana,1500,80,CAROLINA DE GARZON SOCIEDAD DEPOSITO CAROLINA
3398,Local 1,7703133011198,7703133011198,Tosti picantikos,CATEGORIA ESTANDAR,6000,2,CAROLINA DE GARZON SOCIEDAD DEPOSITO CAROLINA
3399,Local 1,7703133014724,7703133014724,Tosti picantikos,dulceria,6300,98,CAROLINA DE GARZON SOCIEDAD DEPOSITO CAROLINA
3400,Local 1,7703133072212,7703133072212,Tosti Pizza queso,CATEGORIA ESTANDAR,1400,96,CAROLINA DE GARZON SOCIEDAD DEPOSITO CAROLINA
3401,Local 1,7703133073844,7703133073844,Tozinetas Fred yupi x35g,autoservicio servitodo thaliana,2200,61,DISTRIMARCA HELADOS
3402,Local 1,7702914594479,7702914594479,tradicion selecta  chocolate x 230 g,dulceria,9800,95,RAMO .
3403,Local 1,7708822984661,7708822984661,trapero  microfibra hulpack,aseo,15000,12,PLASTICO SURCOLOMBIANO
3404,Local 1,724373749396,724373749396,Trapero Blanco 1200 CMJ tipo exportacion,aseo,10300,98,PLASTICO SURCOLOMBIANO
3405,Local 1,05,05,trapero blanco MYS X 1000,aseo,7200,1,PLASTICO SURCOLOMBIANO
3406,Local 1,04,04,trapero blanco MYS x 1200,aseo,8500,1,PLASTICO SURCOLOMBIANO
3407,Local 1,724373749402,724373749402,Trapero CMJ REF:1000 Bicolor,aseo,9000,98,PLASTICO SURCOLOMBIANO
3408,Local 1,07,07,trapero gris MYS X 1000,aseo,7200,2,PLASTICO SURCOLOMBIANO
3409,Local 1,350,350,trapero huilpack  rf 1200,aseo,10800,12,PLASTICO SURCOLOMBIANO
3410,Local 1,7708822984722,7708822984722,trapero huilpack ref 1000,aseo,10000,10,PLASTICO SURCOLOMBIANO
3411,Local 1,7707284596023,7707284596023,Trapero MaXbri REF-1000,CATEGORIA ESTANDAR,8800,9,PLASTICO SURCOLOMBIANO
3412,Local 1,7707284595194,7707284595194,Trapero maxiBri  Ref:1200,aseo,9700,7,PLASTICO SURCOLOMBIANO
3413,Local 1,7707284597419,7707284597419,Trapero MaXibri Ref: JUMBO,aseo,10900,8,PLASTICO SURCOLOMBIANO
3414,Local 1,7707284595088,7707284595088,Trapero Maxibri Ref:800,autoservicio servitodo thaliana,7500,1,PLASTICO SURCOLOMBIANO
3415,Local 1,7707305121098,7707305121098,Trapero microfibra,CATEGORIA ESTANDAR,13500,94,CAROLINA DE GARZON SOCIEDAD DEPOSITO CAROLINA
3416,Local 1,7707303021048,7707303021048,trapero ref 1200,CATEGORIA ESTANDAR,9600,99,PLASTICO SURCOLOMBIANO
3417,Local 1,7707303021079,7707303021079,TRAPERO REF1500,CATEGORIA ESTANDAR,10500,1,DISTRIALDANA .
3418,Local 1,7707303020966,7707303020966,trapero x   dc1000,aseo,8500,99,PLASTICO SURCOLOMBIANO
3419,Local 1,24,24,trapero x dc 1200,aseo,8700,6,PLASTICO SURCOLOMBIANO
3420,Local 1,7108606048211,7708606048817,Tras 150gr,aseo,1700,95,CAROLINA DE GARZON SOCIEDAD DEPOSITO CAROLINA
3421,Local 1,7501001309640,7501001309640,tras lavaplatos x 150 g,aseo,1800,3,DISTRIMARIO SAS
3422,Local 1,7702099000703,7702099000703,tras lavaplatos x 400 g,aseo,4000,6,DISTRIMARIO SAS
3423,Local 1,7702006208123,7702006208123,tratamiento capilar dove x 22 ml,aseo,1700,72,DISTRIMARIO SAS
3424,Local 1,7702354957148,7702354957148,tratamiento nutribela bioqueratina x 27 ml,aseo,2000,9,DISTRICUELLAR DISTRIBUCIONES CUELLAR
3425,Local 1,7702354957247,7702354957247,tratamiento nutribela celulas madre x 27 ml,aseo,1800,9,DISTRIMARIO SAS
3426,Local 1,7702354949624,7702354949624,tratamiento nutribela enzimoterapia x 27 ml,aseo,2000,23,DISTRIMARIO SAS
3427,Local 1,7702354957254,7702354957254,tratamiento nutribela pro hialuronico,aseo,1800,22,DISTRICUELLAR DISTRIBUCIONES CUELLAR
3428,Local 1,7702354944148,7702354944148,tratamiento nutribela repolarizacion x 27 ml,aseo,1800,24,DISTRIMARIO SAS
3429,Local 1,7702354945404,7702354945404,tratamiento nutrivela termoproteccion,aseo,1800,95,DISTRICUELLAR DISTRIBUCIONES CUELLAR
3430,Local 1,7622201776510,7622201776510,Trident herbal,dulceria,1700,98,CAROLINA DE GARZON SOCIEDAD DEPOSITO CAROLINA
3431,Local 1,210,7622201776664,Trident menta *5,dulceria,2000,13,CAROLINA DE GARZON SOCIEDAD DEPOSITO CAROLINA
3432,Local 1,233,233,trident menta pequeño,dulceria,300,90,COLOMBINA DISTRIBUCIONES
3433,Local 1,7702133862861,7702133862861,trident menta x 5.1 g,dulceria,1000,990,GUADALUPE ARDICOLL
3434,Local 1,7622201776695,7622201776695,Trident mora,dulceria,2000,99,CAROLINA DE GARZON SOCIEDAD DEPOSITO CAROLINA
3435,Local 1,7622202020506,7622202020506,Trident mora azul por und,dulceria,300,69,COLOMBINA DISTRIBUCIONES
3436,Local 1,209,7622201776633,Trident sandia *5,dulceria,2000,12,CAROLINA DE GARZON SOCIEDAD DEPOSITO CAROLINA
3437,Local 1,7702133862854,7702133862854,TRIDENT SANDIA 5.1 GR,CATEGORIA ESTANDAR,1000,30,GUADALUPE ARDICOLL
3438,Local 1,71653212,782456413,Trident Splash x,abarrotes,700,71,CAROLINA DE GARZON SOCIEDAD DEPOSITO CAROLINA
3439,Local 1,75045654,75045654,Trident x4,dulceria,700,59,CAROLINA DE GARZON SOCIEDAD DEPOSITO CAROLINA
3440,Local 1,7622202375804,7622202375804,Trident x5 Menta Fuerte,dulceria,1800,108,COLOMBINA DISTRIBUCIONES
3441,Local 1,7622201776572,7622201776572,Trident yerbabuena,dulceria,1800,87,CAROLINA DE GARZON SOCIEDAD DEPOSITO CAROLINA
3442,Local 1,7622202015557,7622202015557,Tridents tuttifruti,dulceria,1800,87,CAROLINA DE GARZON SOCIEDAD DEPOSITO CAROLINA
3443,Local 1,7703522000635,7703522000635,Trigre x3,CATEGORIA ESTANDAR,9300,8,CAROLINA DE GARZON SOCIEDAD DEPOSITO CAROLINA
3444,Local 1,7702175111293,7702175111293,trirey el rey x 55 g,abarrotes,1800,5,DISTRIALDANA .
3445,Local 1,7702175111286,7702175111286,trisalsina el rey x 26 g,abarrotes,2000,2,DISTRIALDANA .
3446,Local 1,55,55,trisason sasoned displey x 12,abarrotes,12500,97,DISTRICUELLAR DISTRIBUCIONES CUELLAR
3447,Local 1,7702354955045,7702354955045,trisason x 20 g,abarrotes,1200,932,DISTRICUELLAR DISTRIBUCIONES CUELLAR
3448,Local 1,7707901953574,7707901953574,Trocillitos de pollo,autoservicio servitodo thaliana,500,4,CAROLINA DE GARZON SOCIEDAD DEPOSITO CAROLINA
3449,Local 1,7707277700130,7707277700130,trocillos de pollo x 19 gr,CATEGORIA ESTANDAR,500,34,ALPINA .
3450,Local 1,010,010,trocillos de sabor a limon x 12 unidades,dulceria,6000,93,DISTRIMARIO SAS
3451,Local 1,09,09,trocillos de sabor a pollo x 12 unidades,dulceria,6000,10,DISTRIMARIO SAS
3452,Local 1,36,36,trocillos x 12,CATEGORIA ESTANDAR,4600,2,COMESTIBLES LABOYANA
3453,Local 1,16,16,trocillos x 50 g,abarrotes,1400,14,COMESTIBLES LABOYANA
3454,Local 1,7702152123578,7702152123578,trocitos bbq,dulceria,1500,90,GLOFER DISTRIBUCIONES
3455,Local 1,7702174851480,7702174851480,Trolli Ana y conda,dulceria,2400,46,GLOFER DISTRIBUCIONES
3456,Local 1,258,258,trolli anillos de 40 gr,dulceria,2000,-1,GLOFER DISTRIBUCIONES
3457,Local 1,7702174852685,7702174852685,Trolli bananas,dulceria,2200,44,DISTRICUELLAR DISTRIBUCIONES CUELLAR
3458,Local 1,7702174828086,7702174828086,Trolli bananas,dulceria,2000,1,GLOFER DISTRIBUCIONES
3459,Local 1,7702174852265,7702174852265,trolli gusanos 63 gr,dulceria,2400,97,BIMBO DISTRIVENTAS DEL SUR
3460,Local 1,7702174851008,7702174851008,Trolli mango biche,CATEGORIA ESTANDAR,2400,45,CAROLINA DE GARZON SOCIEDAD DEPOSITO CAROLINA
3461,Local 1,7702174855921,7702174855921,Trolli mix fantasia,CATEGORIA ESTANDAR,2200,19,GLOFER DISTRIBUCIONES
3462,Local 1,7702174855556,7702174855556,Trolli mordiscos,dulceria,2200,42,CAROLINA DE GARZON SOCIEDAD DEPOSITO CAROLINA
3463,Local 1,7702174839785,7702174839785,Trolli mordiscos,dulceria,2000,0,GLOFER DISTRIBUCIONES
3464,Local 1,7702174853958,7702174853958,Trolli tortu,CATEGORIA ESTANDAR,2200,19,GLOFER DISTRIBUCIONES
3465,Local 1,7702174862196,7702174862196,Trolli va llena,CATEGORIA ESTANDAR,2400,45,CAROLINA DE GARZON SOCIEDAD DEPOSITO CAROLINA
3466,Local 1,7709745599253,7709745599253,tropicos  esencia sabora a  vainilla x 60 cm,abarrotes,3200,87,MD DISTRIBUCIONES
3467,Local 1,7709745599260,7709745599260,tropicos esencia de banano x 60 cm,abarrotes,3200,2,COMESTIBLES LABOYANA
3468,Local 1,7709745599291,7709745599291,tropicos esencia de coco x 60 cm,abarrotes,3200,3,COMESTIBLES LABOYANA
3469,Local 1,7709745599277,7709745599277,tropicos esencia sabor a hinojo x 60 cm,abarrotes,3200,1,MD DISTRIBUCIONES
3470,Local 1,7709745599215,7709745599215,tropicos esencia sabor a mantequilla x 60 cm,abarrotes,3000,3,MD DISTRIBUCIONES
3471,Local 1,7709665578833,7709665578833,tropicos esencia sabor a naranja x 60 cm,abarrotes,3000,1,MD DISTRIBUCIONES
3472,Local 1,7709745599239,7709745599239,tropicos esencia sabor a ponque x 60 cm,abarrotes,3200,6,COMESTIBLES LABOYANA
3473,Local 1,7709051738520,7709051738520,tropicos esencia sabor a vainilla caramelo x 60 cm,abarrotes,3200,3,COMESTIBLES LABOYANA
3474,Local 1,7702090066258,7702090066258,tropikola 400 ml,bebidas,1500,38,COLOMBINA DISTRIBUCIONES
3475,Local 1,7702090066265,7702090066265,tropikola x 400 ml naranjada,bebidas,1500,32,COCACOLA DISTRIBUCIONES
3476,Local 1,7701101363119,7701101363119,Trozos de atun  en agua,autoservicio servitodo thaliana,5200,96,GERDY DISTRIBUCIONES
3477,Local 1,7702993051856,7702993051856,trululu arcoiris x 70 g,CATEGORIA ESTANDAR,2000,7,DISTRICUELLAR DISTRIBUCIONES CUELLAR
3478,Local 1,7702993054147,7702993054147,trululu aros x 40 g,CATEGORIA ESTANDAR,1500,11,DISTRIMARIO SAS
3479,Local 1,7702993051801,7702993051801,trululu aros x 70 g,CATEGORIA ESTANDAR,2300,93,DISTRIMARIO SAS
3480,Local 1,7702993051764,7702993051764,trululu banano x 70 g,CATEGORIA ESTANDAR,2000,10,DISTRICUELLAR DISTRIBUCIONES CUELLAR
3481,Local 1,7702993054215,7702993054215,trululu casquitos x 40 g,CATEGORIA ESTANDAR,1500,5,DISTRIMARIO SAS
3482,Local 1,7702993051863,7702993051863,trululu casquitos x 70 g,carnicos,2000,4,DISTRICUELLAR DISTRIBUCIONES CUELLAR
3483,Local 1,7702993057179,7702993057179,Trululu Choco Dona,dulceria,900,13,GLOFER DISTRIBUCIONES
3484,Local 1,7702993044063,7702993044063,trululu chococolores x 30g,dulceria,2000,110,GERDY DISTRIBUCIONES
3485,Local 1,7702993044087,7702993044087,trululu chocolores blanco x 30 g,dulceria,2000,106,DISTRICUELLAR DISTRIBUCIONES CUELLAR
3486,Local 1,7702993056561,7702993056561,Trululu color mix,CATEGORIA ESTANDAR,2800,5,DISTRICUELLAR DISTRIBUCIONES CUELLAR
3487,Local 1,7702993051795,7702993051795,trululu dinos x 70 g,CATEGORIA ESTANDAR,2000,6,DISTRICUELLAR DISTRIBUCIONES CUELLAR
3488,Local 1,7702993051740,7702993051740,trululu feroz x 70 g,CATEGORIA ESTANDAR,2000,4,DISTRIMARIO SAS
3489,Local 1,7702993055724,7702993055724,Trululu Franki,CATEGORIA ESTANDAR,2000,8,DISTRIMARIO SAS
3490,Local 1,7702993053959,7702993053959,trululu fresitas x 40 g,CATEGORIA ESTANDAR,1500,6,DISTRIMARIO SAS
3491,Local 1,7702993051726,7702993051726,trululu fresitas x 70 g,CATEGORIA ESTANDAR,2300,83,DISTRIMARIO SAS
3492,Local 1,7702993054178,7702993054178,trululu gusanos acidos x 40 g,CATEGORIA ESTANDAR,1500,4,DISTRICUELLAR DISTRIBUCIONES CUELLAR
3493,Local 1,7702993051733,7702993051733,trululu gusanos acidos x 70 g,CATEGORIA ESTANDAR,2300,78,DISTRIMARIO SAS
3494,Local 1,7702993051788,7702993051788,trululu gusanos x 70 g,CATEGORIA ESTANDAR,2000,8,DISTRICUELLAR DISTRIBUCIONES CUELLAR
3495,Local 1,7702993056714,7702993056714,trululu helado de fresa x 54 g,CATEGORIA ESTANDAR,3000,16,DISTRIMARIO SAS
3496,Local 1,7702993054161,7702993054161,trululu lenguas x 40 g,CATEGORIA ESTANDAR,1500,2,DISTRICUELLAR DISTRIBUCIONES CUELLAR
3497,Local 1,7702993051825,7702993051825,trululu lenguas x 70 g,CATEGORIA ESTANDAR,2300,7,DISTRICUELLAR DISTRIBUCIONES CUELLAR
3498,Local 1,7702993052297,7702993052297,trululu masmelos choco banana x 50 g,CATEGORIA ESTANDAR,3000,8,DISTRIMARIO SAS
3499,Local 1,7702993047866,7702993047866,trululu masmelos choco frutos del bosque x 50 g,CATEGORIA ESTANDAR,2200,3,DISTRIMARIO SAS
3500,Local 1,7702993047644,7702993047644,trululu masmelos choco vainilla x 50 g,CATEGORIA ESTANDAR,2200,3,DISTRIMARIO SAS
3501,Local 1,7702993049617,7702993049617,Trululu masmelos franki,CATEGORIA ESTANDAR,2200,12,CAROLINA DE GARZON SOCIEDAD DEPOSITO CAROLINA
3502,Local 1,7702993053140,7702993053140,Trululu mix,CATEGORIA ESTANDAR,2800,5,DISTRICUELLAR DISTRIBUCIONES CUELLAR
3503,Local 1,7702993054123,7702993054123,Trululu mutantes splash,CATEGORIA ESTANDAR,2800,5,DISTRICUELLAR DISTRIBUCIONES CUELLAR
3504,Local 1,7702993056479,7702993056479,trululu mutantes x 70 g,CATEGORIA ESTANDAR,2000,4,DISTRICUELLAR DISTRIBUCIONES CUELLAR
3505,Local 1,7702993059081,7702993059081,Trululu nanos,CATEGORIA ESTANDAR,2300,18,CAROLINA DE GARZON SOCIEDAD DEPOSITO CAROLINA
3506,Local 1,7702993054581,7702993054581,Trululu nanos,CATEGORIA ESTANDAR,2800,5,DISTRICUELLAR DISTRIBUCIONES CUELLAR
3507,Local 1,7702993053942,7702993053942,trululu oro x 40 g,CATEGORIA ESTANDAR,1500,2,DISTRICUELLAR DISTRIBUCIONES CUELLAR
3508,Local 1,7702993051771,7702993051771,trululu oro x 70 g,CATEGORIA ESTANDAR,2200,97,DISTRIMARIO SAS
3509,Local 1,7702993054130,7702993054130,trululu sabores x 40 g,CATEGORIA ESTANDAR,1500,5,DISTRIMARIO SAS
3510,Local 1,7702993051757,7702993051757,trululu sabores x 70 g,CATEGORIA ESTANDAR,2300,90,DISTRIMARIO SAS
3511,Local 1,7702993051818,7702993051818,trululu sandias acidas x 70 g,CATEGORIA ESTANDAR,2000,8,DISTRICUELLAR DISTRIBUCIONES CUELLAR
3512,Local 1,7702993056592,7702993056592,Trululu space mix,CATEGORIA ESTANDAR,2800,5,DISTRICUELLAR DISTRIBUCIONES CUELLAR
3513,Local 1,7702993054222,7702993054222,trululu splash 40 g,CATEGORIA ESTANDAR,1500,5,DISTRIMARIO SAS
3514,Local 1,7702993051887,7702993051887,trululu splash x 70 g,CATEGORIA ESTANDAR,2300,22,DISTRICUELLAR DISTRIBUCIONES CUELLAR
3515,Local 1,7702993056745,7702993056745,trululu unicornio x 43 g,CATEGORIA ESTANDAR,2800,2,DISTRIMARIO SAS
3516,Local 1,7702993056707,7702993056707,trululu volcan de chocolate x 54 g,dulceria,3000,96,DISTRIMARIO SAS
3517,Local 1,7758102005814,7758102005814,Tumix cereza x10,dulceria,1000,101,DISTRIALDANA .
3518,Local 1,235,235,tumix individual,dulceria,200,996,COLOMBINA DISTRIBUCIONES
3519,Local 1,7758102005821,7758102005821,Tumix menta x10,dulceria,1000,101,GLOFER DISTRIBUCIONES
3520,Local 1,7758102005807,7758102005807,Tumix Mora x10,dulceria,1000,1,GLOFER DISTRIBUCIONES
3521,Local 1,7702090152418,7702090152418,tutifruti salpicon,bebidas,1000,17,COLOMBINA DISTRIBUCIONES
3522,Local 1,7702509352279,7702509352279,tutti frutti 250 ml sabor a naranja,CATEGORIA ESTANDAR,1000,5,ALPINA .
3523,Local 1,7702090171778,7702090171778,tutti frutti naranja,CATEGORIA ESTANDAR,1000,10,CAROLINA DE GARZON SOCIEDAD DEPOSITO CAROLINA
3524,Local 1,7702509773951,7702509773951,tutti frutti sabor a fusion 250 ml,CATEGORIA ESTANDAR,1000,12,ALPINA .
3525,Local 1,7702509856029,7702509856029,tutti frutti salpicon 250 ml,bebidas,1000,12,ALPINA .
3526,Local 1,246,7707183664304,ultrex 250g,aseo,2200,12,DISTRICUELLAR DISTRIBUCIONES CUELLAR
3527,Local 1,7707839188673,7707839188673,Ultrex 900gr manzana,CATEGORIA ESTANDAR,6200,6,CAROLINA DE GARZON SOCIEDAD DEPOSITO CAROLINA
3528,Local 1,7707183660290,7707183660290,ultrex detergente liquido x 400 ml,aseo,3200,6,DISTRIMARIO SAS
3529,Local 1,7702090063431,7702090063431,UVA POSTOBON 1.5L,bebidas,4500,45,InterPOS
3530,Local 1,7702090719192,7702090719192,uva postobon 1.75 ml,bebidas,4500,50,POSTOBON .
3531,Local 1,7702090064216,7702090064216,Uva postobon 2.5l,bebidas,6000,96,CAROLINA DE GARZON SOCIEDAD DEPOSITO CAROLINA
3532,Local 1,7702090066548,7702090066548,uva postobon x 1 litro,bebidas,3500,96,InterPOS
3533,Local 1,7702090001259,7702090001259,uva postobon x 2.5 l,bebidas,5500,2,InterPOS
3534,Local 1,7702090031942,7702090031942,uva postobon x 400 ml,bebidas,2800,997,POSTOBON .
3535,Local 1,7702117112241,7702117112241,Uvas cubiertas de chocolate,dulceria,5500,98,CAROLINA DE GARZON SOCIEDAD DEPOSITO CAROLINA
3536,Local 1,92,92,uvas pasa la negra,abarrotes,1000,81,CAROLINA DE GARZON SOCIEDAD DEPOSITO CAROLINA
3537,Local 1,93,93,uvas pasas la negra,abarrotes,3500,0,CAROLINA DE GARZON SOCIEDAD DEPOSITO CAROLINA
3538,Local 1,207,207,v3n-4rt 500 ml venas varices,medicamentos,40000,3,MD DISTRIBUCIONES
3539,Local 1,722008504914,722008504914,Vam camps 425g,CATEGORIA ESTANDAR,13300,100,COLOMBINA DISTRIBUCIONES
3540,Local 1,7702367179209,7702367179209,Van camps 160gr,CATEGORIA ESTANDAR,9000,4,COLOMBINA DISTRIBUCIONES
3541,Local 1,722008000317,722008000317,Van camps cilindro 170g,abarrotes,8300,94,COLOMBINA DISTRIBUCIONES
3542,Local 1,7702367001197,7702367001197,"van camps ensalada con atun, maiz y vegetales x 150 g",carnicos,9600,2,DISTRIMARIO SAS
3543,Local 1,7702367002613,7702367002613,van camps lomos de atun en aceite de girasol x 160 g,carnicos,9500,84,DISTRIMARIO SAS
3544,Local 1,7702367002620,7702367002620,van camps lomos en agua al natural x 160 g,carnicos,9500,93,DISTRIMARIO SAS
3545,Local 1,7702367002583,7702367002583,van camps lomos x 80 g,carnicos,4000,102,DISTRIMARIO SAS
3546,Local 1,722008000898,722008000898,van camps premium x 225 g,carnicos,8400,131,DISTRIMARIO SAS
3547,Local 1,7702367917900,7702367917900,Vancamps en agua 160g,CATEGORIA ESTANDAR,9000,3,CAROLINA DE GARZON SOCIEDAD DEPOSITO CAROLINA
3548,Local 1,7702626216942,7702626216942,vanish blanco total  x 130 ml,aseo,2800,2,DISTRIMARIO SAS
3549,Local 1,7702626216768,7702626216768,Vanish liquido c300ml,aseo,5700,97,DISTRICUELLAR DISTRIBUCIONES CUELLAR
3550,Local 1,7702626218687,7702626218687,vanish oxi action blanco total x 100 g,aseo,7700,4,DISTRIMARIO SAS
3551,Local 1,7702626218670,7702626218670,vanish oxi action x 100 g,aseo,7700,3,DISTRIMARIO SAS
3552,Local 1,7702626204642,7702626204642,vanish oxi-action blano total x 30 g,aseo,2400,12,DISTRICUELLAR DISTRIBUCIONES CUELLAR
3553,Local 1,7702626204208,7702626204208,vanish oxi-action x 30 g,aseo,2400,4,DISTRIMARIO SAS
3554,Local 1,7702626216935,7702626216935,vanish quita manchas sin cloro x 130 ml,aseo,2800,3,DISTRIMARIO SAS
3555,Local 1,7702480001166,7702480001166,Varitas Aromatizantes Floral,aseo,7600,8,PLASTICO SURCOLOMBIANO
3556,Local 1,7702480003825,7702480003825,Varitas Aromatizantes Lavanda,aseo,7600,8,PLASTICO SURCOLOMBIANO
3557,Local 1,7707202485224,7707202485224,varsol aroma de 140 ml,aseo,3000,6,DISTRIMARCA HELADOS
3558,Local 1,7702094520039,7702094520039,varta AAA,abarrotes,2300,8,DISTRIMARIO SAS
3559,Local 1,7705137900607,7705137900607,Vaselina,aseo,1000,100,CAROLINA DE GARZON SOCIEDAD DEPOSITO CAROLINA
3560,Local 1,7705137400336,7705137400336,Vaselina pura Osa,aseo,3200,8,PLASTICO SURCOLOMBIANO
3561,Local 1,444555,444555,Vaselina supert,aseo,1800,100,ALVARO MUÑOZ
3562,Local 1,7709141813304,7709141813304,vaso 5 oz,aseo,2500,96,PLASTICO SURCOLOMBIANO
3563,Local 1,7704918103114,7704918103114,Vaso 5onz wau,CATEGORIA ESTANDAR,2900,3,CAROLINA DE GARZON SOCIEDAD DEPOSITO CAROLINA
3564,Local 1,7709141813359,7709141813359,vaso 7 oz,aseo,2600,102,PLASTICO SURCOLOMBIANO
3565,Local 1,799192354373,799192354373,Vaso 7onz sicodelico,aseo,2600,94,JHONATAN BOLSAS
3566,Local 1,7702251062525,7702251062525,Vaso 7onz tuc,aseo,2700,101,CAROLINA DE GARZON SOCIEDAD DEPOSITO CAROLINA
3567,Local 1,242,242,vaso arequipe alban,dulceria,500,26,COLOMBINA DISTRIBUCIONES
3568,Local 1,781565,542121,Vaso carton tinto,autoservicio servitodo thaliana,4700,100,CAROLINA DE GARZON SOCIEDAD DEPOSITO CAROLINA
3569,Local 1,7702402057882,7702402057882,vaso chocolisto x 45 g,CATEGORIA ESTANDAR,2000,10,DISTRIMARCA HELADOS
3570,Local 1,7709990282726,7709990282726,Vaso coctel fresh 9onz,CATEGORIA ESTANDAR,8800,1,CAROLINA DE GARZON SOCIEDAD DEPOSITO CAROLINA
3571,Local 1,7702251960029,7702251960029,VASO DE 5OZ TUC,CATEGORIA ESTANDAR,3000,94,DISTRIHOGAR B.B
3572,Local 1,7709808410433,7709808410433,Vaso de galleta Relleno de arequipe,autoservicio servitodo thaliana,1000,23,DISTRIMARCA HELADOS
3573,Local 1,7709808410402,7709808410402,Vaso Dulce de leche,autoservicio servitodo thaliana,500,30,DISTRIMARCA HELADOS
3574,Local 1,00012,00012,Vaso galleta,dulceria,1000,59,CAROLINA DE GARZON SOCIEDAD DEPOSITO CAROLINA
3575,Local 1,715822,741152,Vaso helado,dulceria,3000,83,CAROLINA DE GARZON SOCIEDAD DEPOSITO CAROLINA
3576,Local 1,614143224270,614143224270,Vaso lider 3 onz,CATEGORIA ESTANDAR,2000,1,CAROLINA DE GARZON SOCIEDAD DEPOSITO CAROLINA
3577,Local 1,614143224294,614143224294,vaso lider 3 oz,aseo,2200,103,PLASTICO SURCOLOMBIANO
3578,Local 1,731199064060,731199064060,Vaso mix 1.5onz,CATEGORIA ESTANDAR,2500,1,CAROLINA DE GARZON SOCIEDAD DEPOSITO CAROLINA
3579,Local 1,7707372791927,7707372791927,vaso RM 3.3oz,CATEGORIA ESTANDAR,2000,98,CAROLINA DE GARZON SOCIEDAD DEPOSITO CAROLINA
3580,Local 1,7707050200444,7707050200444,Vaso Super 3.3 Onzas,abarrotes,2000,0,PLASTICO SURCOLOMBIANO
3581,Local 1,686743874650,686743874650,vasos 7 onzas 50 unidades soy-d,aseo,3000,1,JHONATAN BOLSAS
3582,Local 1,7707499407640,7707499407640,Vatio 12w,CATEGORIA ESTANDAR,4700,14,CAROLINA DE GARZON SOCIEDAD DEPOSITO CAROLINA
3583,Local 1,7707159820451,7707159820451,Vela colores San jorge,CATEGORIA ESTANDAR,2800,2,DISTRICUELLAR DISTRIBUCIONES CUELLAR
3584,Local 1,6920251674529,6920251674529,Vela de Cumpleaños,abarrotes,2000,0,DISTRIHOGAR B.B
3585,Local 1,7707159820543,7707159820543,Vela la gaitana cola roja,abarrotes,8500,97,DISTRICUELLAR DISTRIBUCIONES CUELLAR
3586,Local 1,7707159821045,7707159821045,Vela san jorge #4,CATEGORIA ESTANDAR,4200,40,GLOFER DISTRIBUCIONES
3587,Local 1,7707159820239,7707159820239,vela san jorge 30x10,aseo,9500,96,DISTRICUELLAR DISTRIBUCIONES CUELLAR
3588,Local 1,56,56,vela san jorge individual,abarrotes,1000,57,DISTRICUELLAR DISTRIBUCIONES CUELLAR
3589,Local 1,7707159821076,7707159821076,Veladora Amarilla No. 7,abarrotes,4700,47,GLOFER DISTRIBUCIONES
3590,Local 1,7707352400214,7707352400214,Veladora la gaitana,abarrotes,8600,1,DISTRIMARCA HELADOS
3591,Local 1,7707352400153,7707352400153,Veladora la gaitana mediana,abarrotes,5400,0,DISTRIMARIO SAS
3592,Local 1,7707352400016,7707352400016,veladora la gaitana No 0,abarrotes,1000,19,DISTRIMARIO SAS
3593,Local 1,7707352400047,7707352400047,veladora la gaitana No 3,abarrotes,1500,19,DISTRIMARIO SAS
3594,Local 1,7707352400054,7707352400054,veladora la gaitana No 5,abarrotes,2500,20,DISTRIMARIO SAS
3595,Local 1,7707159821007,7707159821007,Veladora No. 0 San Jorge,abarrotes,1500,14,PLASTICO SURCOLOMBIANO
3596,Local 1,7707159821991,7707159821991,Veladora No.4 San jorge,abarrotes,4000,80,GLOFER DISTRIBUCIONES
3597,Local 1,7707159821083,7707159821083,veladora san jorge #8 rojo,aseo,5800,98,DISTRICUELLAR DISTRIBUCIONES CUELLAR
3598,Local 1,73,73,veleño,CATEGORIA ESTANDAR,500,60,GUADALUPE ARDICOLL
3599,Local 1,7707352400108,7707352400108,Velon 10,CATEGORIA ESTANDAR,8100,95,CAROLINA DE GARZON SOCIEDAD DEPOSITO CAROLINA
3600,Local 1,7707159821106,7707159821106,Velon 10 imagen,CATEGORIA ESTANDAR,8300,92,DISTRICUELLAR DISTRIBUCIONES CUELLAR
3601,Local 1,7707159822042,7707159822042,Velon 21,CATEGORIA ESTANDAR,21500,2,DISTRICUELLAR DISTRIBUCIONES CUELLAR
3602,Local 1,7707159822004,7707159822004,VELON 7,CATEGORIA ESTANDAR,4900,87,DISTRICUELLAR DISTRIBUCIONES CUELLAR
3603,Local 1,7707159821427,7707159821427,Velon 8,abarrotes,5800,99,CAROLINA DE GARZON SOCIEDAD DEPOSITO CAROLINA
3604,Local 1,7707159821120,7707159821120,velon blanco san jorge N-12,abarrotes,13000,88,DISTRICUELLAR DISTRIBUCIONES CUELLAR
3605,Local 1,7707159821847,7707159821847,velon blanco san jorge N-6,abarrotes,3300,94,DISTRICUELLAR DISTRIBUCIONES CUELLAR
3606,Local 1,7707159821946,7707159821946,velon blanco san jorge N. 001,abarrotes,1100,76,DISTRICUELLAR DISTRIBUCIONES CUELLAR
3607,Local 1,7707159821861,7707159821861,velon blanco san jorge N. 10,abarrotes,8600,6,DISTRICUELLAR DISTRIBUCIONES CUELLAR
3608,Local 1,7707159822011,7707159822011,velon blanco san jorge N.12,abarrotes,13400,7,DISTRICUELLAR DISTRIBUCIONES CUELLAR
3609,Local 1,7707159821830,7707159821830,velon blanco san jorge N.2,abarrotes,2500,83,DISTRICUELLAR DISTRIBUCIONES CUELLAR
3610,Local 1,7707159821854,7707159821854,velon blanco san jorge N.8,abarrotes,6000,1,DISTRICUELLAR DISTRIBUCIONES CUELLAR
3611,Local 1,7707352400078,7707352400078,Velon No. 7 Imagen,CATEGORIA ESTANDAR,4500,6,DISTRIMARIO SAS
3612,Local 1,7707159821977,7707159821977,velon san jorge 004,abarrotes,2000,13,DISTRICUELLAR DISTRIBUCIONES CUELLAR
3613,Local 1,7707159821069,7707159821069,velon san jorge amarillo,aseo,3000,2,DISTRICUELLAR DISTRIBUCIONES CUELLAR
3614,Local 1,7707159821021,7707159821021,velon san jorge N-2,abarrotes,2300,6,DISTRICUELLAR DISTRIBUCIONES CUELLAR
3615,Local 1,7707352400085,7707352400085,Velon Surtido No. 8,abarrotes,5600,7,DISTRIMARIO SAS
3616,Local 1,7702108205228,7702108205228,venus delgada con alas x 8 toallas,aseo,2500,1,DISTRIMARIO SAS
3617,Local 1,75916565,75916565,Vick Vaporub,CATEGORIA ESTANDAR,5700,7,CAROLINA DE GARZON SOCIEDAD DEPOSITO CAROLINA
3618,Local 1,7707271382264,7707271382264,Victory bicarbonato,aseo,3500,98,CAROLINA DE GARZON SOCIEDAD DEPOSITO CAROLINA
3619,Local 1,7709890530279,7709890530279,vinagre blanco tropical x 3000 cm,abarrotes,8200,46,COMESTIBLES LABOYANA
3620,Local 1,7708730121059,7708730121059,VINAGRE BLANCO TROPICAL X1000CM3,CATEGORIA ESTANDAR,3600,5,DISTRICUELLAR DISTRIBUCIONES CUELLAR
3621,Local 1,7709306390237,7709306390237,vinagre de manzana x 500,CATEGORIA ESTANDAR,2400,0,COMESTIBLES LABOYANA
3622,Local 1,7702097083098,7702097083098,Vinagre la constancia 500ml,abarrotes,4100,3,COLOMBINA DISTRIBUCIONES
3623,Local 1,7702097068422,7702097068422,Vinagreta,abarrotes,3800,98,COLOMBINA DISTRIBUCIONES
3624,Local 1,7702439008352,7702439008352,vinagreta bary x 200g,abarrotes,4800,2,InterPOS
3625,Local 1,195,195,Vinipel 20m,autoservicio servitodo thaliana,2000,5,ALPINA .
3626,Local 1,194,194,Vinipel 50m,autoservicio servitodo thaliana,4200,4,CAROLINA DE GARZON SOCIEDAD DEPOSITO CAROLINA
3627,Local 1,7707372790708,7707372790708,vinipel plasticos 20 metros,aseo,1600,7,ALVARO MUÑOZ
3628,Local 1,7707372790715,7707372790715,vinipel plasticos 50 mtros,aseo,4200,6,ALVARO MUÑOZ
3629,Local 1,7707372790722,7707372790722,vinipel x 100 mtr,aseo,6000,3,PLASTICO SURCOLOMBIANO
3630,Local 1,7708919055298,7708919055298,Vino Casa la Viña,CATEGORIA ESTANDAR,16500,6,CAROLINA DE GARZON SOCIEDAD DEPOSITO CAROLINA
3631,Local 1,7709979856931,7709979856931,Vino Cereza la gran viña,CATEGORIA ESTANDAR,5000,4,CAROLINA DE GARZON SOCIEDAD DEPOSITO CAROLINA
3632,Local 1,7709806388734,7709806388734,Vino manzana la gran viña,CATEGORIA ESTANDAR,5000,4,CAROLINA DE GARZON SOCIEDAD DEPOSITO CAROLINA
3633,Local 1,7709095700989,7709095700989,Vino moscatel la gran viña,CATEGORIA ESTANDAR,5000,24,BIMBO DISTRIVENTAS DEL SUR
3634,Local 1,7702057735135,7702057735135,vitamina c 500 mg,medicamentos,600,60,DISTRIMARIO SAS
3635,Local 1,7702354946944,7702354946944,Vive 100 1L,bebidas,4500,96,CAROLINA DE GARZON SOCIEDAD DEPOSITO CAROLINA
3636,Local 1,7702354944193,7702354944193,vive 100 acai x 380 ml,bebidas,2600,6,DISTRICUELLAR DISTRIBUCIONES CUELLAR
3637,Local 1,7702354939984,7702354939984,vive 100 fusion sabor frutos rojos x 380 ml,bebidas,2600,0,DISTRICUELLAR DISTRIBUCIONES CUELLAR
3638,Local 1,7702354929503,7702354929503,vive 100 original x 240 ml,bebidas,2200,1,DISTRICUELLAR DISTRIBUCIONES CUELLAR
3639,Local 1,7702354934361,7702354934361,vive 100 original x 380 ml,bebidas,2600,6,DISTRICUELLAR DISTRIBUCIONES CUELLAR
3640,Local 1,7702354960322,7702354960322,vive 100 Sandia,bebidas,2200,2,DISTRICUELLAR DISTRIBUCIONES CUELLAR
3641,Local 1,4254643,414334,Volcan pastel,CATEGORIA ESTANDAR,2000,96,CAROLINA DE GARZON SOCIEDAD DEPOSITO CAROLINA
3642,Local 1,7702011270405,7702011270405,Wafer muu,CATEGORIA ESTANDAR,600,9,CAROLINA DE GARZON SOCIEDAD DEPOSITO CAROLINA
3643,Local 1,7702011270382,7702011270382,Wafer muu x18,CATEGORIA ESTANDAR,10000,2,COLOMBINA DISTRIBUCIONES
3644,Local 1,7702007086119,7702007086119,wafer yed mini x 120 g,CATEGORIA ESTANDAR,9000,2,GERDY DISTRIBUCIONES
3645,Local 1,7702007224160,7702007224160,WaferJet chocolate,dulceria,2000,100,GERDY DISTRIBUCIONES
3646,Local 1,7702007042481,7702007042481,WaferJet cookies,CATEGORIA ESTANDAR,2000,2,GERDY DISTRIBUCIONES
3647,Local 1,7702007224184,7702007224184,WaferJet fresa,CATEGORIA ESTANDAR,2000,4,GERDY DISTRIBUCIONES
3648,Local 1,7702007224139,7702007224139,WaferJET Limon,CATEGORIA ESTANDAR,2000,4,GERDY DISTRIBUCIONES
3649,Local 1,7702007224023,7702007224023,WaferJET vainilla,CATEGORIA ESTANDAR,2000,88,GERDY DISTRIBUCIONES
3650,Local 1,7702117009640,7702117009640,wafers sabor a guanabana x 80 g,dulceria,2600,1,DISTRICUELLAR DISTRIBUCIONES CUELLAR
3651,Local 1,7704918396028,7704918396028,Wau vasos 7onz,autoservicio servitodo thaliana,2500,94,CAROLINA DE GARZON SOCIEDAD DEPOSITO CAROLINA
3652,Local 1,5901234123457,5901234123457,Whoop pañitos humedos,CATEGORIA ESTANDAR,4600,3,CAROLINA DE GARZON SOCIEDAD DEPOSITO CAROLINA
3653,Local 1,42,42,winny pañal etapa 2,aseo,1000,18,DISTRIMARIO SAS
3654,Local 1,43,43,winny pañal etapa 3,aseo,1500,15,DISTRIMARIO SAS
3655,Local 1,46,46,winny pañal etapa 5,aseo,2000,17,DISTRIMARIO SAS
3656,Local 1,45,45,winny pañal etepa 4,aseo,1700,17,DISTRIMARIO SAS
3657,Local 1,7701021143655,7701021143655,winny pañitos  x 24,aseo,3400,987,DISTRIMARIO SAS
3658,Local 1,7701027910220,7701027910220,wow super oferta x 2 und,aseo,2700,3,DISTRICUELLAR DISTRIBUCIONES CUELLAR
3659,Local 1,7701027910404,7701027910404,wow super oferta x 2 und,aseo,2500,2,DISTRICUELLAR DISTRIBUCIONES CUELLAR
3660,Local 1,253,253,x time sandia chicle,dulceria,200,94,COLOMBINA DISTRIBUCIONES
3661,Local 1,0002,0002,Xray dol,CATEGORIA ESTANDAR,1800,25,DISTRICUELLAR DISTRIBUCIONES CUELLAR
3662,Local 1,266,266,xtime individual,dulceria,200,982,COLOMBINA DISTRIBUCIONES
3663,Local 1,7702011031648,7702011031648,Xtime x200,dulceria,27700,1,COLOMBINA DISTRIBUCIONES
3664,Local 1,7702560031700,7702560031700,yes blanqueador x 450 cc,aseo,1600,24,DISTRICUELLAR DISTRIBUCIONES CUELLAR
3665,Local 1,7702057080587,7702057080587,Yodora 120g,aseo,11800,8,TECNOVENTAS DISTRIBUCIONES
3666,Local 1,7702057080044,7702057080044,yodora clasico 12 gr,CATEGORIA ESTANDAR,3900,4,ALVARO MUÑOZ
3667,Local 1,7702057086831,7702057086831,YODORA DESODORANTE HOMBRE X30G,CATEGORIA ESTANDAR,4100,98,TECNOVENTAS DISTRIBUCIONES
3668,Local 1,7702057086824,7702057086824,YODORA DESODORANTE MUJER X 30G,aseo,4100,99,TECNOVENTAS DISTRIBUCIONES
3669,Local 1,7702001047178,7702001047178,Yogo premio mora,CATEGORIA ESTANDAR,4000,96,ALPINA .
3670,Local 1,7702001106684,7702001106684,yogo yogo cereal sabor a fresa x 130 g,lacteos,3000,977,ALPINA .
3671,Local 1,7702001106707,7702001106707,yogo yogo cereal sabor natural x 130 g,CATEGORIA ESTANDAR,3000,48,ALPINA .
3672,Local 1,7702001106714,7702001106714,yogo yogo cereal sabor natural x 130 g,lacteos,3000,0,ALPINA .
3673,Local 1,248,248,yogo yogo individual,lacteos,500,20,REYMA QUESOS FABRICA
3674,Local 1,249,249,yogo yogo paquete,lacteos,10000,5,REYMA QUESOS FABRICA
3675,Local 1,7702001047154,7702001047154,YOGO YOGO PREMIO FRESA X150G,CATEGORIA ESTANDAR,4000,37,ALPINA .
3676,Local 1,7702001047161,7702001047161,YOGO YOGO PREMIO MELOCOTON X150G,lacteos,4000,93,ALPINA .
3677,Local 1,7702001046409,7702001046409,yogo yogo sabor  a fresa x 1000 g,lacteos,7800,91,ALPINA .
3678,Local 1,7702001047581,7702001047581,yogo yogo sabor a fresa x 150 g,lacteos,1700,52,ALPINA .
3679,Local 1,7702001047666,7702001047666,yogo yogo sabor a fresa x 150 g,lacteos,2200,18,ALPINA .
3680,Local 1,7702001117437,7702001117437,yogo yogo sabor a fresa x 185 g,lacteos,3400,5,ALPINA .
3681,Local 1,7702001046423,7702001046423,yogo yogo sabor a melocoton x 1000 g,lacteos,7800,43,ALPINA .
3682,Local 1,7702001047574,7702001047574,yogo yogo sabor a melocoton x 150 g,lacteos,1700,75,ALPINA .
3683,Local 1,7702001047680,7702001047680,yogo yogo sabor a melocoton x 150 g,lacteos,2200,96,ALPINA .
3684,Local 1,7702001117444,7702001117444,yogo yogo sabor a melocoton x 1850g,lacteos,3400,97,ALPINA .
3685,Local 1,7702001046416,7702001046416,yogo yogo sabor a mora x 1000 g,lacteos,7800,97,ALPINA .
3686,Local 1,7702001047673,7702001047673,yogo yogo sabor a mora x 150 g,lacteos,2200,34,ALPINA .
3687,Local 1,7702001047567,7702001047567,yogo yogo sabor a mora x 150 g,lacteos,1700,33,ALPINA .
3688,Local 1,1789,1798,Yogo yogo x12,lacteos,19800,100,ALPINA .
3689,Local 1,7702001047604,7702001047604,Yogo Yogo x4,CATEGORIA ESTANDAR,8300,97,ALPINA .
3690,Local 1,7702001047437,7702001047437,Yogo yogo x8 alpina,CATEGORIA ESTANDAR,13000,2,ALPINA .
3691,Local 1,7702130612889,7702130612889,Yogourt Proleche mora,autoservicio servitodo thaliana,1300,0,PARMALAT .
3692,Local 1,7702001163939,7702001163939,yogur griego sabor  a fresa x 150 g,lacteos,6300,104,ALPINA .
3693,Local 1,7702001042029,7702001042029,yogur original  sabor a melocoton x 150 g,lacteos,3000,91,ALPINA .
3694,Local 1,7702001042050,7702001042050,yogur original sabor a mora x 150  g,lacteos,3000,996,ALPINA .
3695,Local 1,7702001042012,7702001042012,yogur original trozos de fresa x 150 g,lacteos,3000,10,ALPINA .
3696,Local 1,7707260360075,7707260360075,Yogur SemiDescremado Parmalat Bolsa x7Und,autoservicio servitodo thaliana,11000,1,PARMALAT .
3697,Local 1,7707170000511,7707170000511,yogurt,lacteos,2300,2,SURCOLAC PUREZA
3698,Local 1,7707331407746,7707331407746,Yogurt Alqueria  mora 150g,autoservicio servitodo thaliana,2800,99,BIMBO DISTRIVENTAS DEL SUR
3699,Local 1,7707331407722,7707331407722,Yogurt Alqueria Fresa 150g,autoservicio servitodo thaliana,2800,99,BIMBO DISTRIVENTAS DEL SUR
3700,Local 1,7707331407739,7707331407739,Yogurt Alqueria Melocoton 150g,autoservicio servitodo thaliana,2700,0,BIMBO DISTRIVENTAS DEL SUR
3701,Local 1,7707170001495,7707170001495,yogurt fresa con cereal x 125 gr,lacteos,2300,1,SURCOLAC PUREZA
3702,Local 1,7702001169313,7702001169313,Yogurt griego Alpina Mandarina 150g,autoservicio servitodo thaliana,6400,0,ALPINA .
3703,Local 1,7702001163946,7702001163946,Yogurt griego Mora y arandanos,autoservicio servitodo thaliana,6300,106,ALPINA .
3704,Local 1,7702001090501,7702001090501,Yogurt original alpina,CATEGORIA ESTANDAR,12100,1,ALPINA .
3705,Local 1,7702001047390,7702001047390,yogurt original fresa 900 gr,lacteos,10600,47,ALPINA .
3706,Local 1,7702001047406,7702001047406,yogurt original melocoton 900 gr,lacteos,10500,50,ALPINA .
3707,Local 1,7707170001105,7707170001105,yogurt pureza fresa,CATEGORIA ESTANDAR,3000,4,ALPINA .
3708,Local 1,7707170001204,7707170001204,yogurt pureza melocotón,CATEGORIA ESTANDAR,3000,2,ALPINA .
3709,Local 1,7700826000422,7700826000422,yogurt reyma fresa 150 gr,lacteos,2300,48,REYMA QUESOS FABRICA
3710,Local 1,7700826000439,7700826000439,yogurt reyma melocoton 150 gr,lacteos,2300,7,REYMA QUESOS FABRICA
3711,Local 1,7700826000446,7700826000446,yogurt reyma mora x 150 gr,lacteos,2300,48,REYMA QUESOS FABRICA
3712,Local 1,7700826000361,7700826000361,yogurt reyma sabor a fresa x 150 g,lacteos,1800,7,REYMA QUESOS FABRICA
3713,Local 1,7700826000019,7700826000019,yogurt reyma sabor a melocoton x 150 g,lacteos,2000,90,REYMA QUESOS FABRICA
3714,Local 1,7700826000354,7700826000354,yogurt reyma sabor a mora x 150 g,lacteos,2000,85,ALPINA .
3715,Local 1,7700826000491,7700826000491,yogurt reyma x 6,lacteos,12000,30,REYMA QUESOS FABRICA
3716,Local 1,7702001170821,7702001170821,yogurth griego 150 gr,lacteos,6400,4,ALPINA .
3717,Local 1,7707170000481,7707170000481,yogurth pureza x 150 ml x 10,lacteos,13200,1,SURCOLAC PUREZA
3718,Local 1,7702130612865,7702130612865,Yougurt Proleche fresa,autoservicio servitodo thaliana,1300,17,PARMALAT .
3719,Local 1,7702130612872,7702130612872,yougurt proleche melocoton,autoservicio servitodo thaliana,1300,17,ALPINA .
3720,Local 1,7702001041923,7702001041923,yox con defensis sabor a fresa x 100 g,lacteos,3000,41,ALPINA .
3721,Local 1,7702001041947,7702001041947,Yox defensis vainilla,CATEGORIA ESTANDAR,2500,1,ALPINA .
3722,Local 1,7702001042005,7702001042005,yox melocoton,CATEGORIA ESTANDAR,3000,46,ALPINA .
3723,Local 1,7702001041961,7702001041961,Yox multifrutas,CATEGORIA ESTANDAR,2700,1,ALPINA .
3724,Local 1,7702130612858,7702130612858,Yugourt Proleche x6,autoservicio servitodo thaliana,7800,10,PARMALAT .
3725,Local 1,7702007080360,7702007080360,yumbo mani x 35 g,abarrotes,4000,83,GERDY DISTRIBUCIONES
3726,Local 1,7703133014847,7703133014847,Yupi Tosti Empanadas Carne x28g,dulceria,1500,46,DISTRIMARCA HELADOS
3727,Local 1,7703133014816,7703133014816,Yupí Tosti Empanadas limon x28g,abarrotes,1400,85,DISTRIMARCA HELADOS
3728,Local 1,7703133014595,7703133014595,Yupis horneados 12g,autoservicio servitodo thaliana,700,185,DISTRIMARCA HELADOS
3729,Local 1,7703133014328,7703133014328,yupis horneados baked x 39 g,CATEGORIA ESTANDAR,1900,6,MARGARITA DISTRIBUCIONES CUEVAS
3730,Local 1,1144778,1144778,Zanahoria,CATEGORIA ESTANDAR,0,20,CAROLINA DE GARZON SOCIEDAD DEPOSITO CAROLINA
3731,Local 1,7701101233085,7701101233085,zenu arvejas con zanahoria x 300 g,abarrotes,5900,99,DISTRIMARIO SAS
3732,Local 1,7701101233207,01101233207,zenu arverjas al naural x 300 g,abarrotes,5900,2,DISTRIMARIO SAS
3733,Local 1,7701101363126,7701101363126,Zenu atun en aceite,abarrotes,6300,80,CAROLINA DE GARZON SOCIEDAD DEPOSITO CAROLINA
3734,Local 1,7701101361672,7701101361672,Zenu Atun en Agua 120g,abarrotes,6100,4,GERDY DISTRIBUCIONES
3735,Local 1,7701101233368,7701101233368,zenu ensalada de verduras x 300 g,abarrotes,6100,1,DISTRIMARIO SAS
3736,Local 1,7701101361665,7701101361665,zenu lomo de atun en aceite de girasol al natural x 120 g,carnicos,5800,2,DISTRIMARIO SAS
3737,Local 1,7701101358139,7701101358139,zenu maiz x 241 g,abarrotes,7000,92,DISTRIMARIO SAS
3738,Local 1,7701101363553,7701101363553,zenu salchicha tradicional x 136g,carnicos,4500,43,DISTRICUELLAR DISTRIBUCIONES CUELLAR
3739,Local 1,7701101242049,7701101242049,zenu salchichas viena x 150 g,carnicos,6200,93,DISTRIMARIO SAS
3740,Local 1,5709451000380,7703051000380,zonia cabello de angel x 200 g,abarrotes,1300,9,DISTRIMARIO SAS
3741,Local 1,7703051001165,7703051001165,zonia conchitas x 200 g,abarrotes,1000,9,DISTRIMARIO SAS
3742,Local 1,7703051001127,7703051001127,zonia corbaticas x 200 g,abarrotes,1300,7,DISTRIMARIO SAS
3743,Local 1,7703051001226,7703051001226,zonia macarroncito x 200 g,abarrotes,1300,5,DISTRIMARIO SAS
3744,Local 1,234,234,zoo bongy individual,dulceria,300,20,COLOMBINA DISTRIBUCIONES
3745,Local 1,760203010922,760203010922,Zoo Bongy x50,CATEGORIA ESTANDAR,10900,1,GERDY DISTRIBUCIONES
3746,Local 1,7702103131768,7702103131768,Zucaritas 36g,CATEGORIA ESTANDAR,2000,86,CAROLINA DE GARZON SOCIEDAD DEPOSITO CAROLINA
3747,Local 1,7702103125705,7702103125705,zucaritas mix  sabor chocolate x 120 g,abarrotes,5400,6,COMESTIBLES LABOYANA
3748,Local 1,7702103921833,7702103921833,zucaritas x 115 g,dulceria,5700,86,COMESTIBLES LABOYANA
3749,Local 1,7707332100691,7707332100691,zuki hojuelas x 145 g,abarrotes,3500,94,COMESTIBLES LABOYANA
3750,Local 1,7707332101193,7707332101193,zuki hojuelas x 240 g,abarrotes,5200,12,COMESTIBLES LABOYANA
3751,Local 1,7707332237038,7707332237038,zuki hojuelas x 480 g,abarrotes,9200,20,COMESTIBLES LABOYANA
3752,Local 1,06,06,|trapero gris  MYS x 1200,aseo,8500,3,PLASTICO SURCOLOMBIANO
